{"type":"FeatureCollection","name":"Berlin Bezirksgrenzen (offiziell, ALKIS)","license":"Datenlizenz Deutschland – Namensnennung – Version 2.0 (dl-de/by-2-0), Quelle: Geoportal Berlin / ALKIS, Bereitstellung via ODIS Berlin.","features":[{"type":"Feature","properties":{"id":"12","name":"Reinickendorf","authority":"Bezirksamt Reinickendorf von Berlin","source":"Geoportal Berlin (ALKIS), via ODIS Berlin","license":"dl-de/by-2-0"},"geometry":{"type":"MultiPolygon","coordinates":[[[[13.320744327762688,52.6265990635977],[13.319593627953324,52.62665871834925],[13.318360954229783,52.626934861636634],[13.31745000269986,52.62717287331744],[13.316476198052237,52.627324336290755],[13.315389984157823,52.62755129959135],[13.314497155685102,52.62779602897701],[13.31369027637551,52.62803324505638],[13.312689183350251,52.628191085768485],[13.31135022733093,52.62812835329605],[13.310367683447884,52.628059487483334],[13.30943109026114,52.62799573788203],[13.308506750954603,52.62795185518338],[13.30759393128394,52.627808221563654],[13.306672142084436,52.6277014956761],[13.305679296478734,52.62762509790962],[13.304714413634002,52.62748744051955],[13.303836775098713,52.6273634591904],[13.302821782103953,52.627220141630886],[13.303025186129425,52.62776194247688],[13.303884421740559,52.62798100715537],[13.304826775779611,52.6281761072056],[13.305655394996608,52.628487031635295],[13.306451354708143,52.6287337008874],[13.307328103255045,52.628867468085566],[13.30828633935955,52.62904243862273],[13.30914567573091,52.62925867000436],[13.309997126703212,52.629673223418905],[13.309702759544153,52.630206659241],[13.310103791916903,52.63089546503491],[13.309891976632791,52.63143311792418],[13.309772947793078,52.63199285470265],[13.309416783523087,52.632666036436504],[13.308986782873031,52.63319810098751],[13.308482386735209,52.63371314260842],[13.307798615164371,52.63458898274679],[13.307284809899103,52.63519384004387],[13.306251172503085,52.63640465766382],[13.305834313534387,52.63725363431683],[13.307062328763108,52.63754793406406],[13.306923762258844,52.63811657735798],[13.306811049752906,52.63868538320829],[13.306509781893618,52.63919930969969],[13.30703743064327,52.63966810850349],[13.307883555554492,52.640097425422645],[13.308172860071267,52.640639273750914],[13.308616303061001,52.6411672641833],[13.30889840675864,52.64173832741259],[13.309103674211343,52.64233273073762],[13.309321611641744,52.64322611245336],[13.309225946612766,52.64378066084681],[13.30820141081883,52.64408993498297],[13.307608237094966,52.64480546308271],[13.307194092398998,52.64530214310029],[13.30679177413903,52.64579089881396],[13.306392215324488,52.64627303928378],[13.30595414165027,52.64680179448769],[13.305195500085281,52.647717053188586],[13.304401177558004,52.64868064453141],[13.303997893305798,52.649170572845954],[13.303594614370601,52.649660508870944],[13.303038832904683,52.65033568567073],[13.302563968669165,52.65091254282591],[13.302049531749615,52.65153743631154],[13.30164639585978,52.652027116084966],[13.300429512565348,52.65350527379031],[13.301784602474324,52.65405216181409],[13.302869681051204,52.65449102396007],[13.303978321603035,52.65493745104536],[13.304976746791617,52.655341076144126],[13.306199991071736,52.65583249416024],[13.307098362005773,52.65619473268991],[13.308458363323783,52.6567431327881],[13.309275864305238,52.65707509612142],[13.31004227750608,52.65737985559539],[13.309200819369067,52.657740005345694],[13.308689883206698,52.65833697896279],[13.307671434710612,52.65892868061121],[13.307118073156628,52.659618565776],[13.305496625996227,52.6594947607034],[13.304565787829825,52.65942330896296],[13.303328139757351,52.65931200535947],[13.302048725999265,52.65921253379211],[13.300565804921721,52.659293563812916],[13.299301584890456,52.659278220366566],[13.29736896349,52.65929703743604],[13.295803277664623,52.659299954491395],[13.294492089990698,52.659346308643705],[13.293127383190313,52.65945196417115],[13.292147841068358,52.659584617999585],[13.290189654240177,52.659859804506205],[13.289026474424972,52.65995114811378],[13.287796272876292,52.65984774664505],[13.286587842575644,52.66007249531098],[13.285435071755694,52.66033351568443],[13.284496395973806,52.66044325827228],[13.283313706635537,52.660582320413226],[13.282702736463923,52.66012191109859],[13.282636030320596,52.65950229063449],[13.282573734083535,52.65892373300924],[13.282511677413847,52.65834739954293],[13.28245230028898,52.65779591103943],[13.282378727321403,52.65711249825653],[13.282311354520827,52.65648670875402],[13.282202537748093,52.65547596118556],[13.282139523512964,52.65489033454148],[13.28200047597718,52.65359913176219],[13.281909447070117,52.65275341981621],[13.284578943279003,52.65264936029236],[13.285091349332774,52.652121632835765],[13.285033189402087,52.65109037496836],[13.284805417651928,52.649735924653314],[13.284660507365638,52.6488417191316],[13.28450160375443,52.64828814248995],[13.28452096389721,52.647498606053546],[13.284468952128213,52.646597725083964],[13.284377394728457,52.64598701421098],[13.28423536621263,52.64480067669496],[13.284098793085336,52.643674522821996],[13.28399508792789,52.642773296863],[13.283893534680375,52.642113574091546],[13.283833213718612,52.64111842645331],[13.282889477054878,52.641031222065365],[13.280773383710796,52.64084991248801],[13.277048360800212,52.640303973817616],[13.274358008914378,52.64026783462191],[13.273475678014204,52.640134390302414],[13.272168590660261,52.63990157947617],[13.26959885407687,52.639712696748326],[13.266534282291781,52.640079951867286],[13.26329011801467,52.64052680835768],[13.262152925087934,52.640685438748164],[13.262354631501797,52.63994899941599],[13.26234421852175,52.63937087396645],[13.26265657966164,52.63865058671866],[13.263156018279751,52.638079596125564],[13.263774861301464,52.63739547474935],[13.26438990105106,52.6364350978457],[13.265201890352476,52.63453434924032],[13.26503950304303,52.63323401993818],[13.264955123446086,52.632558390654616],[13.264882907590389,52.631980240803784],[13.264813818621429,52.63142655640993],[13.264716434205363,52.63065775950282],[13.264641232649534,52.63006558443207],[13.264555476153593,52.629389556660946],[13.264453051476023,52.628582922861206],[13.264366052967576,52.62789696839413],[13.264291738925705,52.627312079580975],[13.26237724890767,52.62732256290616],[13.261050816164238,52.627619249975204],[13.259620362760256,52.62770766187006],[13.258420897728426,52.62770743829821],[13.257014130734056,52.62766585916847],[13.255684305544932,52.62750201168466],[13.254214165584688,52.62746361083208],[13.253238872483557,52.62734200405548],[13.251735185732883,52.627306521233145],[13.250593150919263,52.62736032922037],[13.249132769837235,52.6274755593536],[13.247998800333388,52.62729509055004],[13.247099055323021,52.62728600423188],[13.246063663355553,52.62728556594019],[13.244998031614937,52.627571136128694],[13.244167597078762,52.62791038991391],[13.243301799230615,52.628190032903866],[13.242427182820892,52.62829566874033],[13.24130037997817,52.628124907551594],[13.240310635934875,52.62788520504265],[13.238677149540598,52.62779592909707],[13.237596033804206,52.627787984567924],[13.236684082234538,52.62779010119788],[13.235784018676807,52.62779935598901],[13.234190830658093,52.627648597565766],[13.232712774692557,52.627509866344276],[13.23092250383941,52.6274252647446],[13.229997719746027,52.62742405420778],[13.229091573525677,52.627476495419984],[13.228098306990807,52.62754428700179],[13.226472394898115,52.62782030124702],[13.22587596436444,52.628265897642],[13.224965061976388,52.628264064611656],[13.22300545297614,52.62819845621163],[13.222058525603494,52.628244055001716],[13.220543777070262,52.628317018559116],[13.220367683322223,52.627076581200214],[13.220265653679988,52.626293448575446],[13.220070225096586,52.625275322394565],[13.219760498359511,52.62443761130317],[13.21817767482107,52.6223472941964],[13.216762760050928,52.620162279230605],[13.214823582278076,52.61926319879135],[13.20981345775805,52.61254525209036],[13.208178884313593,52.61062884293183],[13.206882152097911,52.60913585831153],[13.20603599642876,52.6085479851763],[13.205026737313894,52.60813847332476],[13.20264480309324,52.6075225935438],[13.201956544446872,52.60715165268265],[13.201625310604776,52.606551010602104],[13.20169989095111,52.605491686305676],[13.201917934564445,52.60492313061566],[13.202323655904493,52.60424902596851],[13.205084137086859,52.602032160716256],[13.205807001144942,52.6014203767629],[13.20633659060497,52.60088520606481],[13.20726513614987,52.599840141274996],[13.20818333381448,52.599010611402846],[13.209524471117593,52.598067330224886],[13.211289911964764,52.59682293674677],[13.215319793533002,52.59496680543191],[13.216645718238526,52.59412653314787],[13.218114677218251,52.59319555584302],[13.218853518528926,52.59237060898356],[13.219252501164869,52.59139998747459],[13.218878069203297,52.5904811025411],[13.218426008391502,52.589564159096504],[13.218011612949205,52.58872357632471],[13.217397155141782,52.587477111478975],[13.216434647939774,52.585713603394666],[13.215951856891225,52.58525909821905],[13.21536166226184,52.58475830378885],[13.215209117503953,52.58387476756989],[13.215775841220589,52.58324031267785],[13.217208371041647,52.58240288215745],[13.217700012273278,52.58193557590192],[13.218309223853007,52.58096057749638],[13.218013348666009,52.57970207623664],[13.217959243089942,52.578540119510414],[13.218861600915643,52.57715778699041],[13.220240575593648,52.57605440009301],[13.222042346685756,52.574939689155485],[13.223920931145932,52.574203536422466],[13.224643088389234,52.57362547159961],[13.225079076298528,52.573145000559165],[13.225265284179065,52.57260500216586],[13.22518248496868,52.57178677487873],[13.225304909159624,52.571221849502386],[13.226422096833442,52.56980307432911],[13.226905568627885,52.56874950709107],[13.226971150392393,52.56807376600272],[13.227393468644554,52.56741468718194],[13.228007049001091,52.56694884096094],[13.228480569267212,52.56645857047612],[13.228696926625252,52.565927280678125],[13.228656125623674,52.565359468587346],[13.228221597736916,52.5645379121182],[13.227936635347843,52.56401649888575],[13.22800153478134,52.56344345331032],[13.230588101054643,52.56149980761686],[13.231347079570646,52.561122271540185],[13.23201498994968,52.56063827217915],[13.233155591992652,52.559977698208364],[13.233852672515148,52.559624145960086],[13.23457373129235,52.55925916879981],[13.23585091878469,52.55861717704441],[13.237067738736231,52.55801288982769],[13.238070061063928,52.55751598942521],[13.23891243179981,52.55728025125507],[13.24065866826702,52.55616893961715],[13.241436565446623,52.55586638271062],[13.242198316246723,52.55548774011532],[13.242988490371108,52.55509480498471],[13.246935118002146,52.553132388923075],[13.247753331894714,52.55272548768272],[13.248442273968603,52.55238296903038],[13.249218148498736,52.551998844308685],[13.250592214915985,52.55133381610239],[13.251775751114348,52.55086748684886],[13.252988150839887,52.55045255202829],[13.254243983758153,52.55012930841441],[13.255617251723697,52.549864022360495],[13.256945738989824,52.54967946728299],[13.258376581405015,52.54957599361388],[13.259784883558522,52.54953206161744],[13.261296312776107,52.54949518444028],[13.262770918172283,52.54946369066008],[13.264230563739169,52.54944120206403],[13.265413351184936,52.54942153454848],[13.269222202445686,52.549364634186155],[13.270241918667017,52.54934748781801],[13.271208478449035,52.54941060274991],[13.272088751111925,52.54931466388501],[13.275648111348898,52.54924942757043],[13.277803997883696,52.54920933713513],[13.279033648973302,52.54918653803317],[13.28192450126976,52.549133706868474],[13.283402035901963,52.54910043417031],[13.284869468600816,52.54907727354725],[13.286350030432772,52.54905287321168],[13.287818949378352,52.54902743177159],[13.290591496055871,52.54898159671286],[13.294235802198328,52.5489244910041],[13.29520960734012,52.54890969571591],[13.296176154189087,52.54889492279753],[13.300153242850897,52.54883177049251],[13.301208645623952,52.54881405170297],[13.301846729538715,52.54919715002259],[13.30230895100659,52.549768262738326],[13.30273181531393,52.55028056454787],[13.303168132370686,52.550788508091266],[13.303617594163955,52.55129243945869],[13.304079963393816,52.551791635808264],[13.305338930025107,52.55312551145631],[13.30581620600068,52.55363122584905],[13.30660586556392,52.55446776782023],[13.30709829703723,52.55498940108698],[13.307855784551931,52.55582064588208],[13.308381405111527,52.55637148361661],[13.309401885195953,52.557440865809866],[13.310224912861372,52.55787214356289],[13.311337983081328,52.5581733521281],[13.31227650703039,52.558426018042425],[13.313732730593141,52.558787328503485],[13.314753340263424,52.55903293504111],[13.316939541761018,52.55955877577226],[13.317799314205379,52.55974634193526],[13.318743414055627,52.55991095842642],[13.319875513256942,52.56006334660546],[13.321057825672181,52.56021648107385],[13.322652483043806,52.560423280028836],[13.323530424214008,52.56053549152684],[13.324439253692825,52.56067697715887],[13.325260535676673,52.56090154470156],[13.325947228059249,52.561254834835914],[13.326444953138635,52.5617065903003],[13.326759513542376,52.56225546590979],[13.328652325470166,52.562281819279754],[13.329698956013788,52.562223881194925],[13.33081258943212,52.56215792356066],[13.331792139708408,52.56165918596783],[13.332814723864367,52.56217414435891],[13.333608201869486,52.56259654234257],[13.335042491321465,52.563360107259435],[13.33631005923869,52.564034862154],[13.337101881651227,52.56445636776952],[13.33805706028969,52.56426026259012],[13.338977615572839,52.56407121643354],[13.339917688681117,52.56387810317038],[13.340919639754624,52.56367228219804],[13.34177459940218,52.56349662682442],[13.342629283856795,52.5633210423753],[13.343519039404072,52.563138201240285],[13.344529287595371,52.56293054189113],[13.34575626686826,52.5626783850555],[13.34681685257497,52.56246040464533],[13.348712769443637,52.5620706434348],[13.349826803172434,52.56193726843098],[13.351244069314241,52.56195349240293],[13.353059189168848,52.561974210367275],[13.354308385219626,52.56198884139249],[13.355411930233533,52.56200083338823],[13.356301797485143,52.562010522599515],[13.357508650664867,52.5619817614036],[13.358578929336954,52.56192018295872],[13.359534441589743,52.56186521329088],[13.35990590239939,52.56134602900111],[13.360036161936362,52.56075230199845],[13.360971493403817,52.560611473395625],[13.362213880438112,52.56080986591044],[13.363124174182019,52.560955021006784],[13.364089530866297,52.56110736762562],[13.364637626844866,52.56057751872574],[13.364742879571404,52.56002208491849],[13.36485373345834,52.55943854140162],[13.365045868322543,52.55842459473416],[13.366011353521468,52.55818194178225],[13.366884152256196,52.55834488342864],[13.367799812726462,52.55881820529481],[13.368825605108736,52.559348422458704],[13.369558132740694,52.55972914338601],[13.370230913966422,52.56011729089346],[13.370831230223214,52.56054113863152],[13.37173043437306,52.560560478874756],[13.372627017639536,52.56057929972433],[13.373677238122099,52.560601357534736],[13.374650052456014,52.56062175879712],[13.375594520874934,52.560641924920496],[13.37662870582684,52.56066402418337],[13.377271943172104,52.561137986019396],[13.37742474926683,52.561725828698975],[13.377600294344042,52.56240123175916],[13.37774288698749,52.562949822884306],[13.377886841101443,52.563503593279556],[13.37803829282003,52.56408458311318],[13.378199412082735,52.56470757635623],[13.37838485118966,52.565421765788315],[13.378529472343208,52.56597787291007],[13.379368211717015,52.566217991049506],[13.380584878675718,52.566356819945504],[13.381655780444886,52.56662651304587],[13.3827403557837,52.56707273309162],[13.383826174575717,52.5675194365421],[13.384902516843455,52.56769055172503],[13.385800988674164,52.56757643737647],[13.386841029133628,52.56744433930481],[13.38786823629874,52.56731437704516],[13.388450150069996,52.56774915754025],[13.38927925211654,52.56824134354368],[13.388148618846666,52.56892258762806],[13.388263885482463,52.569478857538044],[13.38757217162413,52.569860070856805],[13.386709700308156,52.570336173156086],[13.385995937969488,52.57072715582587],[13.385334580477135,52.57109196586128],[13.384256501816862,52.57168787295056],[13.38359254633089,52.57205190962996],[13.382542213959322,52.57207547939471],[13.381517591973811,52.572162220560536],[13.38027347005944,52.572407140966085],[13.379517568173014,52.57272380903646],[13.378916840278816,52.573454583648896],[13.378078368062264,52.57366619379284],[13.37731558927491,52.57417126843429],[13.37644530024915,52.574744562303685],[13.37581878183533,52.57521746494052],[13.375145730879844,52.57563173360579],[13.374273634711923,52.576048471225945],[13.372989829453857,52.57656784213438],[13.371180110301948,52.577289599709],[13.370161427879502,52.57783934469516],[13.369145964742275,52.5783895389433],[13.368143993594714,52.57894891954415],[13.367380529112747,52.5794330802657],[13.366687990900735,52.579813379260266],[13.365715636536788,52.58034777544061],[13.364704171133232,52.58101746891411],[13.364074015535673,52.5814303706964],[13.362950394577284,52.58171625520563],[13.362169286698093,52.582148197601526],[13.360702387110681,52.5829576424802],[13.359980457501946,52.58335510914686],[13.359216193344507,52.58377475906889],[13.358459329937494,52.5842641781857],[13.356950295004088,52.584873113379544],[13.356111154698539,52.58533837682617],[13.355151350252482,52.58587459670467],[13.354419731386194,52.586295173007436],[13.35356877202786,52.58676632331878],[13.352643499909593,52.58725431684904],[13.351869400988734,52.587799369742264],[13.350747754538684,52.58838311176482],[13.349923309406403,52.58883598505932],[13.34926230342587,52.58920667859595],[13.348033749328021,52.58981742425643],[13.34864068063019,52.59032042401419],[13.350197294544456,52.59060470594871],[13.351283163526272,52.5907448868211],[13.3536919745232,52.590897695585795],[13.354654297723766,52.590895481063136],[13.355693495184866,52.59088689969335],[13.358014450764152,52.59102644224768],[13.359129218754846,52.59109345910453],[13.360070190441583,52.5911768317767],[13.360863736448124,52.59144893654941],[13.361588769531188,52.59204923093615],[13.362532077119198,52.59284232161617],[13.363649604009657,52.59375234862338],[13.364295608785163,52.59427840980416],[13.365030731093666,52.59489929419152],[13.365644528099097,52.59542203489023],[13.366202691108606,52.595886426322096],[13.367035371687203,52.59657490745465],[13.36776088097297,52.59717284048844],[13.368518011038809,52.59774009571944],[13.369382455204843,52.59845864065758],[13.369973393988355,52.598935575829465],[13.370571926116343,52.5994791997084],[13.371001228366554,52.600017067023764],[13.371661140256093,52.601026947981076],[13.372366684178143,52.60203638219382],[13.372808037569483,52.60266709616507],[13.373301686432578,52.60336657946396],[13.373770030259239,52.6040483604518],[13.374265730234226,52.60476664972658],[13.375058588622995,52.60593791601005],[13.375443137214955,52.60652734453937],[13.375777451898749,52.60707289911295],[13.376211765861758,52.60773845069893],[13.376353890117004,52.60932251363962],[13.376322879808715,52.61069646611359],[13.376061551063856,52.61195710309437],[13.375716955769203,52.61323896691891],[13.375227805122712,52.61422598389195],[13.374288222378187,52.615666300092755],[13.37370268449947,52.61648551097216],[13.373232854379514,52.6171559703896],[13.372752290774981,52.617915093218414],[13.371912845820422,52.61917246066058],[13.371554259137183,52.619695237534586],[13.371046850854276,52.620366511316156],[13.370381498952922,52.62120125043108],[13.369828446563728,52.621868995940645],[13.369421243574875,52.62236294658169],[13.368768722390374,52.62309253324963],[13.368089468536889,52.62386576779233],[13.367303826429639,52.625022479986676],[13.366519559560711,52.625318303642175],[13.365580424038082,52.62540601136351],[13.36465901684723,52.625245185498734],[13.364176656205567,52.6247624533442],[13.363169880228881,52.624876135678576],[13.362416755242744,52.624580514391944],[13.361383972405157,52.62433278971064],[13.360557784191853,52.62405918051486],[13.359668169497484,52.624044238435786],[13.359202694098613,52.62356493814379],[13.358399061902821,52.623325342298315],[13.357696619705713,52.622987658916344],[13.356793557726704,52.623121291295725],[13.355875768448781,52.62320070360108],[13.355148765640411,52.62356586626949],[13.354236160876509,52.623378386837274],[13.35331299649488,52.623299238658795],[13.352486807375257,52.623085704358736],[13.351656937426618,52.62286811202925],[13.351071718897607,52.62386180434507],[13.349241545665135,52.62376281933068],[13.348294356056677,52.62369904039597],[13.347086645928613,52.623619004213644],[13.345792505640286,52.62363939173517],[13.343996213571868,52.62373846558649],[13.343241296684742,52.62344918786379],[13.342347529851752,52.62330254623753],[13.341456138520902,52.62331361511368],[13.340574354400493,52.62314100900275],[13.339725683654553,52.62330376600227],[13.338824658367077,52.6233210816177],[13.338031140828456,52.62295556080923],[13.337135281854453,52.62281571044252],[13.334591123816057,52.62349497430607],[13.332863779508601,52.62419377540135],[13.331908156841937,52.62427593131451],[13.331157417207663,52.62458078745414],[13.33040640984709,52.62488929444489],[13.329597763506243,52.62518400086325],[13.328690940016184,52.62544035452701],[13.327788159270588,52.62560123793202],[13.326735879137816,52.62575395169991],[13.325860116875942,52.62587976859588],[13.325011253001843,52.626100041330325],[13.324069678411337,52.62633042385107],[13.323098118889805,52.62644359919616],[13.32219862806962,52.6265189283187],[13.321038601486716,52.62658380563724]]]]}},{"type":"Feature","properties":{"id":"04","name":"Charlottenburg-Wilmersdorf","authority":"Bezirksamt Charlottenburg-Wilmersdorf von Berlin","source":"Geoportal Berlin (ALKIS), via ODIS Berlin","license":"dl-de/by-2-0"},"geometry":{"type":"MultiPolygon","coordinates":[[[[13.321109641281137,52.52446299051379],[13.320264984382302,52.52418509907063],[13.319550466494151,52.52377562095262],[13.31903036872684,52.52322968134807],[13.318824032445763,52.522649427652134],[13.31868781513034,52.52207240863746],[13.3187786360122,52.52111494453002],[13.317853530670302,52.520408892838844],[13.316765888014961,52.520902433683816],[13.315340384326797,52.52465590038914],[13.3149970109726,52.525625095782985],[13.314717814707842,52.52641274653374],[13.314095208618857,52.52816958869388],[13.313478546035535,52.529909644685574],[13.314155239456777,52.53040128467318],[13.315317690210223,52.53063683673471],[13.316292450805078,52.530819383537555],[13.316885032472308,52.531257095705946],[13.317051554495425,52.53205028954474],[13.315646923299138,52.532173049063154],[13.314001247580165,52.531959235822576],[13.313078884340957,52.53188130998071],[13.312549111621491,52.53264672646013],[13.31229082103414,52.53332092216291],[13.311955642990073,52.534196222594964],[13.311608445982362,52.53510311630151],[13.318881990285139,52.536677101630666],[13.320138704673665,52.53685588818021],[13.321918773734504,52.537109130256226],[13.32583375159513,52.53766587814947],[13.326826812244834,52.53774927965076],[13.32789889463379,52.537949945681724],[13.328779795251625,52.53811838448692],[13.328530167418387,52.538670744537406],[13.327958161051274,52.539087180552336],[13.327191192314997,52.53964618187031],[13.327199654678001,52.54026563720165],[13.327287872597527,52.541076534854135],[13.326835744210232,52.5416069409234],[13.325841472497455,52.542162666020886],[13.325072092559022,52.54277472127618],[13.324427271432805,52.543279274943664],[13.323605378550317,52.5439180721882],[13.322865882691557,52.544530284818386],[13.322190749726671,52.5450015163799],[13.320615531101355,52.54621781993433],[13.319967453281398,52.54671381578686],[13.3194786728227,52.54717553012842],[13.318851043488296,52.54758844457696],[13.318013361493959,52.548188452252504],[13.316762204162794,52.54827863992976],[13.315184359511335,52.548314668349036],[13.312946918838652,52.548366091373566],[13.31037356888271,52.548481450501114],[13.309226546216284,52.548532845790156],[13.307005021700066,52.5486323696214],[13.305081362368947,52.54871693956378],[13.301641374598713,52.54880370914707],[13.300746821145992,52.54882235655532],[13.29685571581096,52.548884545296865],[13.295967490579605,52.54889811370544],[13.294235802198328,52.5489244910041],[13.290591496055871,52.54898159671286],[13.287818949378352,52.54902743177159],[13.286350030432772,52.54905287321168],[13.284869468600816,52.54907727354725],[13.283414714574539,52.549100204460316],[13.28192450126976,52.549133706868474],[13.279153074669269,52.54918428238475],[13.277914521472757,52.54920729486809],[13.275978830747212,52.54924321317622],[13.272088751111925,52.54931466388501],[13.271208478449035,52.54941060274991],[13.270333640912112,52.54926697255384],[13.270307891824322,52.5487196896218],[13.270660642323298,52.547885975908045],[13.27099233422024,52.54728034753148],[13.271624735619927,52.54612908327219],[13.272234162657494,52.54501179959407],[13.272522627944738,52.544485053913974],[13.272851108312837,52.54388701594876],[13.27336951814824,52.542943132839525],[13.273441288040468,52.54236046302009],[13.273392047315484,52.54182050715333],[13.273175818671838,52.541256419075275],[13.272968680463451,52.54071634377639],[13.272757788594056,52.5401664578132],[13.272555625665584,52.539639257709126],[13.272335255056886,52.5389400865644],[13.273250776298983,52.53865897762078],[13.274049586966946,52.53837900980983],[13.274806250455894,52.53798530407131],[13.275527968633444,52.53736395785279],[13.27581102034157,52.53683943592117],[13.2760957036975,52.5363099739401],[13.276240267372597,52.53572383990541],[13.277715298648728,52.53521309116071],[13.279776767948533,52.53460368415127],[13.280652147129468,52.53436675613059],[13.281588023935308,52.5341578625535],[13.282053610483313,52.5336977368895],[13.281840389743959,52.532725418079906],[13.281470208523869,52.53173257625219],[13.281332597972556,52.531054736759295],[13.281187943981703,52.5304999740716],[13.28049071329572,52.53016181015295],[13.279516831382034,52.53028745011886],[13.278504601322538,52.53023619785309],[13.277614393107731,52.53005104479254],[13.276691042952082,52.52962132720318],[13.275983339439072,52.52926156682146],[13.275015543121585,52.52892513745721],[13.27408459388823,52.528810762816654],[13.27302996378414,52.52881275631364],[13.27194605338124,52.52886434890209],[13.270777648709423,52.52892573809663],[13.269612368147033,52.52894507359491],[13.268679953047394,52.5289413796621],[13.267648533978958,52.52889853789278],[13.26672477576999,52.52885735401417],[13.265745470719304,52.52881575346014],[13.264801513782425,52.528708496754085],[13.263928526825891,52.528512784106],[13.26264957204407,52.52813027390296],[13.261445767354914,52.5276958415985],[13.260008911777179,52.527366251581256],[13.259124546541978,52.52727193669459],[13.256848865253703,52.52713723029902],[13.255713501037558,52.52709046909036],[13.254559679089686,52.52706646024867],[13.253525142217761,52.52705715711402],[13.252348239483652,52.52707390295066],[13.251407945707937,52.52708359596473],[13.250357820243456,52.52713304426286],[13.249266170581734,52.52728128502698],[13.248307336224823,52.527545949388056],[13.247243380283857,52.527995653202716],[13.24638872207056,52.52777508636299],[13.24704628095053,52.52740210798705],[13.247160633199924,52.52675395098011],[13.247209887082127,52.52604644042796],[13.247408311201628,52.52535810573029],[13.247630667068261,52.52482497228074],[13.247509510954032,52.52428539368289],[13.246564716827281,52.52449760790452],[13.245230058254178,52.52474144631949],[13.244350604293379,52.52495925139898],[13.24310402599989,52.52532171756604],[13.242243584345706,52.52557155546221],[13.240955728406453,52.525865654902724],[13.239969739017686,52.52609001693155],[13.239046987926608,52.526059960329576],[13.23805958538043,52.526125913541335],[13.236806410580062,52.52609554947278],[13.235706947481152,52.526096865456864],[13.23391303389408,52.52603377105473],[13.23296656346302,52.52594506758423],[13.232004886791328,52.525844899230194],[13.231056153768304,52.525837634433564],[13.230170299865106,52.525915658551284],[13.22898789657914,52.52597796299552],[13.228063786027642,52.52576618570616],[13.227031092118843,52.525650806040794],[13.225948585540904,52.52579308859989],[13.225016194831161,52.52581708519563],[13.224061546307965,52.52588338599713],[13.223160938711295,52.52599604938312],[13.222279320846502,52.52614358066158],[13.221674337344316,52.52566543334179],[13.221293728738866,52.524770736224966],[13.220798972221175,52.52392986048495],[13.220394355454362,52.52330604797361],[13.21989429210917,52.52262347865558],[13.219561788517288,52.521969575104606],[13.219388345796359,52.52142051992332],[13.219348337762236,52.52086080382896],[13.219368492446716,52.52031399643161],[13.219393326389078,52.519625592699185],[13.219439558945066,52.51900138501691],[13.219490393039095,52.5181569149948],[13.219656912645352,52.516901917013094],[13.21974483615381,52.51636439195056],[13.2198375712453,52.515786900965686],[13.220097298583745,52.51459872501284],[13.220766355720501,52.51380901269314],[13.219751788203594,52.51357707005606],[13.218852752619078,52.51338681526448],[13.21807466483836,52.51303910339146],[13.217435156667575,52.51239665352606],[13.216760249990886,52.51194137787455],[13.216256639567778,52.51141271341693],[13.215854272880808,52.51068565187127],[13.215420749439273,52.510113218840125],[13.214980503015367,52.50950914116542],[13.214241821533589,52.509150713704884],[13.213231328547383,52.509097136180706],[13.212322816743994,52.50924421254392],[13.211204074463193,52.5087076231411],[13.210882712976629,52.50818773246514],[13.2105640644513,52.50737345228556],[13.209492473728167,52.50605881231854],[13.208893525164445,52.505235357312465],[13.209210458586679,52.504475218636344],[13.209694110130286,52.50303028760718],[13.208985650372592,52.50265845471217],[13.205132445052074,52.50134838335837],[13.200407869467762,52.50020209783453],[13.19907963361128,52.49987979401687],[13.197804721218942,52.49983374622962],[13.19520821179165,52.499739926081304],[13.192809492269376,52.499012375211144],[13.191699333704898,52.49867564215994],[13.190870292786364,52.49817160709608],[13.189840461398342,52.49754546620476],[13.18973773348633,52.49686268219569],[13.189454853629723,52.494982315301314],[13.18951469904595,52.493437796400165],[13.189068152632673,52.49252886671122],[13.187549258814068,52.49120976836237],[13.186917749357363,52.489938179050235],[13.186596860222215,52.48929199563181],[13.186758330244826,52.48865884401967],[13.187148651021456,52.48712833626271],[13.189811553916943,52.48433446299986],[13.190090627724887,52.482988598034716],[13.18989316283521,52.482247150623145],[13.189085826896621,52.48115052246111],[13.187461189514842,52.47894392319543],[13.187318659831162,52.478345969796514],[13.187813564718406,52.476185380131504],[13.188013269984992,52.4753134161066],[13.18822492761083,52.47438937682673],[13.188271478010392,52.473663064206555],[13.188207160562765,52.47250506684523],[13.188170030940386,52.47183688722015],[13.193525574457354,52.47113721745834],[13.19455960290631,52.470977873082724],[13.196316232847849,52.47134089123283],[13.197576198455527,52.47063975566795],[13.197644787029565,52.46997084410183],[13.197705476512695,52.46942889627251],[13.198449088333913,52.468915138422624],[13.199292619420687,52.4687504772565],[13.20031463743914,52.468983913339],[13.20111386742936,52.469433917064634],[13.20169179714653,52.46996011514355],[13.20274054845152,52.470247749832744],[13.203549765683222,52.47047141374833],[13.204573699148218,52.47052728901818],[13.205765101321997,52.47042996565235],[13.20720312823903,52.47014204765594],[13.208219620616651,52.46993702887132],[13.209104387376442,52.469816971269125],[13.210169479237537,52.469713518912705],[13.211475021339396,52.46943902727715],[13.212347778767024,52.46956323010183],[13.21422910765308,52.46982157953578],[13.215098601099388,52.46993003173307],[13.21615919500348,52.47009804159945],[13.218064199817524,52.47006736294537],[13.218996700163462,52.47004690951538],[13.22014649753441,52.47006365251444],[13.221591544795949,52.469977953231385],[13.222510068976641,52.46999695876052],[13.223572667647987,52.47001902943382],[13.225522452950866,52.470126596756565],[13.226784654450396,52.47036039425559],[13.22868339780956,52.47049115987929],[13.230208685350993,52.470748093107574],[13.231469654701986,52.47075625615343],[13.232332714163952,52.470518264543735],[13.233878172751579,52.47012048687889],[13.235101503579461,52.46966105724059],[13.236222607397462,52.46951007579684],[13.237089736548981,52.46937527697588],[13.238046841768162,52.469208877083766],[13.239046117057665,52.469057303694996],[13.241270966611618,52.468655445598934],[13.242702055635645,52.46843665912922],[13.243820256238129,52.4682476733651],[13.245525422422626,52.46793366720533],[13.24652456975787,52.467777614267355],[13.247587953383203,52.467626110293004],[13.249001923693939,52.46734512497407],[13.250422722499794,52.4671079126849],[13.251835804035478,52.4668596089111],[13.25288883678311,52.46672940271366],[13.253922458675184,52.46675432448598],[13.255296308386884,52.466757921370146],[13.257194070545554,52.466628348196245],[13.258229032287643,52.466562646614776],[13.259476430512674,52.466660260824824],[13.260282291149162,52.46693046535822],[13.260816136709439,52.46737372126768],[13.261606172925436,52.467763582970626],[13.262096804230493,52.467311805598115],[13.262897264237033,52.467009894933796],[13.264001143021508,52.466974017154776],[13.266116648251101,52.46724270951748],[13.268814156858127,52.46754368466472],[13.271153376492194,52.46781351104657],[13.272462401519284,52.46795744756971],[13.273372166308977,52.46805588066213],[13.274395796274304,52.46817503868753],[13.275497374160985,52.468302418558274],[13.276480891684317,52.468416055320695],[13.2778028433724,52.46856877947549],[13.278687033822926,52.46860975839659],[13.279743385789855,52.46867010263286],[13.28075120073817,52.46880183292598],[13.281638889074689,52.468953882877145],[13.282916974988591,52.46919538448798],[13.283814126864991,52.46938877141275],[13.284835861257887,52.46960965533168],[13.285742685143065,52.46980917394503],[13.28666527754869,52.470007376475415],[13.287608878862994,52.470211117845224],[13.288445256042266,52.470391082544175],[13.289440127684953,52.470242050441634],[13.291156397403862,52.470145919200434],[13.292189271670297,52.46995231294043],[13.29453674273581,52.46951175407321],[13.295558379424048,52.469320141363504],[13.296567350474534,52.469129928902184],[13.297405070327933,52.46895433505603],[13.302035051184173,52.46818745306077],[13.303206846800444,52.46799933295363],[13.306195960789315,52.467517882187785],[13.30721513971968,52.4677737005401],[13.308333119761643,52.46753380611084],[13.309609167834985,52.467411958823405],[13.310288306805568,52.46705068489127],[13.311204576994136,52.46711499544948],[13.313090801023247,52.46709655387696],[13.315963389507205,52.46704797541958],[13.316913604114504,52.46703194772136],[13.318486469245347,52.46700532775057],[13.31952453139484,52.46698879274374],[13.320009733328773,52.46761078547986],[13.320037171522548,52.468257627051074],[13.320062816681604,52.46886419831544],[13.320094053433053,52.46959920777432],[13.320521219880696,52.47013044330735],[13.320220911405675,52.47067533590578],[13.32016297641189,52.47122003799555],[13.320189776978166,52.47185007446945],[13.320228003675,52.47274415670902],[13.320258897435215,52.47348518489974],[13.320292289186982,52.47427160021008],[13.320324067854642,52.475012631771094],[13.320395297045442,52.47668496789304],[13.320422705211449,52.47733629458942],[13.322418553213272,52.477490361232704],[13.323601336363193,52.4774818027335],[13.326158939573439,52.477470730744486],[13.327088993979782,52.47746518710584],[13.328113426707862,52.47743389769316],[13.329584859037643,52.477436021560145],[13.332648207344374,52.47741685434633],[13.333740622005442,52.47790306420897],[13.334682260369526,52.477972709525424],[13.335739996410927,52.4780466692992],[13.337067724452417,52.47813243592526],[13.337065682896824,52.47879103961346],[13.337061650885913,52.47970429095301],[13.337163605981637,52.48035585085004],[13.337047908820464,52.48208776293908],[13.337115876411819,52.48281590830215],[13.337101242950922,52.484363176810554],[13.337088890097366,52.48567890891407],[13.33708455873397,52.48669527501078],[13.337134023079715,52.487904332057035],[13.337092003613877,52.488450117793974],[13.336942550795786,52.488991551922155],[13.336965613484486,52.48964789999611],[13.336939455272947,52.490222527474685],[13.33753320263111,52.49071617239214],[13.337109374493693,52.49129154022992],[13.337171046583071,52.4921005795014],[13.337298961443748,52.49371713939729],[13.337440671692049,52.49469216532346],[13.337310445370075,52.49534354406045],[13.337384629543669,52.49598241170437],[13.337516551361567,52.496557569958064],[13.337775498105483,52.49726854426956],[13.338085320433635,52.49787138547147],[13.338905935897774,52.499273395043545],[13.338895523080478,52.4998657668436],[13.337994591556713,52.50028390742227],[13.33697830497782,52.50069092504759],[13.337521553976634,52.50125678590372],[13.338593639651865,52.50224941082004],[13.339214754323958,52.50282458388986],[13.339915729699925,52.50347362165792],[13.34040724248529,52.5039288436853],[13.34089960885081,52.50438474988623],[13.341421041682787,52.50486765727417],[13.340540970151306,52.505080014465506],[13.339646076664422,52.50515372025626],[13.33884994644862,52.50550094147685],[13.3381749310505,52.50586592585702],[13.337295502653852,52.50576319982238],[13.33582317226298,52.50578908230353],[13.334733487224273,52.506181750760256],[13.334000839361778,52.50651798276841],[13.334768460797646,52.50804241569985],[13.33481722432065,52.50858530499848],[13.33399499117668,52.50897130104031],[13.332988845384651,52.50913479448246],[13.331604996893086,52.509576795954025],[13.330043302964043,52.510075433181065],[13.331637284286948,52.51059646243207],[13.332517048065174,52.5108836613873],[13.333246545137909,52.51119291421341],[13.334005157627665,52.51169812111743],[13.331522923480327,52.51221492207502],[13.330712997898699,52.51255667984014],[13.33151753175786,52.51279487470824],[13.33234632915468,52.5130619349719],[13.335720983266684,52.513284634492315],[13.336025440104157,52.51380809267749],[13.336136198279435,52.51437704585151],[13.335378960671024,52.514859829343564],[13.334899684587366,52.51541184072834],[13.33443184195514,52.51629678261074],[13.333844810479928,52.51671879835673],[13.332947974093473,52.51667762838438],[13.331943142082935,52.516792328310125],[13.33106380396817,52.517062160958666],[13.330359026681068,52.51741886837272],[13.329634473276993,52.517953910722106],[13.329265282260122,52.51845883844321],[13.329100241727096,52.518989611443324],[13.329173897087085,52.519534472382375],[13.329370127069971,52.520102282996234],[13.32953651229867,52.52070587924429],[13.329493977441995,52.52133240245473],[13.329195137667343,52.521929439325255],[13.32871603790104,52.52249946467561],[13.327956869270572,52.52303534770265],[13.327178138682742,52.52354826471003],[13.32649259046722,52.52393686120132],[13.32550279746621,52.524324898142545],[13.324415609594967,52.52460520048028],[13.323521436702228,52.52468865101049],[13.322396458208814,52.52463516939237],[13.321371660452682,52.52451911718668]]]]}},{"type":"Feature","properties":{"id":"09","name":"Treptow-Köpenick","authority":"Bezirksamt Treptow-Köpenick von Berlin","source":"Geoportal Berlin (ALKIS), via ODIS Berlin","license":"dl-de/by-2-0"},"geometry":{"type":"MultiPolygon","coordinates":[[[[13.579253945950567,52.3908302512148],[13.58019847282563,52.39097904756457],[13.581117803643732,52.391131921496935],[13.582258868083503,52.391333653219576],[13.5834790938124,52.39157953364259],[13.584439229057926,52.39177883290516],[13.585328611444156,52.39196797175318],[13.586493126387534,52.39222539086646],[13.587828039395575,52.39251525116522],[13.58995127552833,52.393158042460904],[13.59159741989048,52.393574228247985],[13.592695206823137,52.39381296141561],[13.593330930735656,52.39329649488533],[13.594090800962755,52.39255098930175],[13.5939917344535,52.39163395593249],[13.593853513210394,52.3908383301676],[13.593651517989214,52.39023176433452],[13.59388365589279,52.389676334941264],[13.594252553795295,52.38906275924656],[13.595203482290634,52.388744174998266],[13.595249227000714,52.38815966206793],[13.594906712605137,52.38755538398363],[13.595342262772702,52.38678904801627],[13.595882348215879,52.38623895543757],[13.597155815451494,52.385735977429654],[13.598280310934046,52.38551326835442],[13.59926169052195,52.385426514501965],[13.60031687442219,52.384507785594955],[13.601003044987005,52.38404776389578],[13.601912234743411,52.38355750540332],[13.603003288532836,52.38284119695721],[13.603457847366215,52.381963324285536],[13.604152298210225,52.38141268956288],[13.604859186286086,52.38094423197098],[13.605432723418385,52.38037649993086],[13.605950807355663,52.37972494378727],[13.606361690122633,52.37914220652022],[13.605693731471986,52.378139000089114],[13.606507940853435,52.37675465725989],[13.606808553245388,52.37602839748503],[13.606769345517595,52.37546915003434],[13.606579986793268,52.37492479260612],[13.60620829645558,52.37427865454562],[13.605877214273116,52.37373114068811],[13.607364592044302,52.373978075992746],[13.609213187932186,52.374610033392344],[13.61001885322775,52.37490599435304],[13.611144260392152,52.37530256853633],[13.611932398019793,52.37557220927607],[13.612863531805342,52.375893432566535],[13.614319005361168,52.37639527799123],[13.615107127932015,52.37666146256485],[13.6168816429709,52.37727623763131],[13.618413251925618,52.37781050863923],[13.619907569087635,52.37831498632318],[13.621540651804064,52.37890167719779],[13.622631162311016,52.37927889748161],[13.62359663466536,52.379619154793396],[13.624449525144126,52.37992095185231],[13.625538072345824,52.38031188742929],[13.626570407265929,52.38068255917405],[13.627554854737513,52.381024065231365],[13.62851373005365,52.38135584364484],[13.629338871701512,52.380463625122886],[13.629849517367992,52.37991234535158],[13.630817597327008,52.378865914135524],[13.631733153450384,52.377874584342756],[13.632463679509588,52.37707951159782],[13.633175384857728,52.37629599493413],[13.634245334053414,52.376378431960994],[13.635183633710717,52.376493468912024],[13.636452108656338,52.37666999483984],[13.637893558829159,52.376860198219525],[13.6390642311334,52.37701933091502],[13.640240449704292,52.37717465863366],[13.64119166724919,52.377303040112004],[13.64254487407668,52.377489016052444],[13.642811749919286,52.37523878720229],[13.642834770975929,52.374687730979815],[13.642847468416683,52.37413126043572],[13.64284372730553,52.37331555161277],[13.642842693952476,52.37265637160266],[13.642708874832572,52.37208267266518],[13.642534794929954,52.37143233004506],[13.642161682277813,52.370900719574166],[13.642968963766807,52.370602535435026],[13.646830737244581,52.37015636732171],[13.646742688258787,52.36958698224974],[13.646866166347765,52.36895339583616],[13.647264774658145,52.36801915218379],[13.647189881180502,52.36702056015395],[13.646944848441354,52.36607870435084],[13.646099060083207,52.3652745240499],[13.644736082946537,52.364806174162624],[13.64373937644342,52.36426909553884],[13.64168047781303,52.36332935813727],[13.640240991810384,52.36193335128836],[13.639085182403866,52.360981236001784],[13.638708167918606,52.36024337646254],[13.638465685204,52.35916202526798],[13.638562448295762,52.35816394666602],[13.638227258872307,52.357271318488195],[13.638093506220772,52.35657127087176],[13.6379671401395,52.35308848573151],[13.637879586581102,52.35063511927699],[13.637810174907738,52.34869122394444],[13.636701065587431,52.348143687501775],[13.636318500248091,52.34681665014518],[13.636824555790437,52.34522774376207],[13.638325015327656,52.34357236569862],[13.640858470897257,52.34188352417161],[13.641427723094449,52.34131590174647],[13.64249859946952,52.34025642164835],[13.644495622703898,52.339916004684305],[13.645230669296721,52.339152561558116],[13.64590798798013,52.33863660585384],[13.647440700113203,52.33827229499955],[13.648422495893161,52.33827427073668],[13.650108795407766,52.338718801824406],[13.650944757288269,52.33894590779021],[13.651694633670722,52.33946698628657],[13.651299043352184,52.34176158519862],[13.651161833124835,52.342557436158],[13.651797755442315,52.343336586474635],[13.652300755974679,52.34385114754494],[13.652570045123152,52.34442301150171],[13.653132857754612,52.34528255453258],[13.653630646744121,52.34589641934416],[13.654487995946509,52.346484500059184],[13.655180166891524,52.346959106395204],[13.655721071039768,52.3473873739611],[13.656169624022867,52.34798264032251],[13.656177904599788,52.34874121048963],[13.656632664093085,52.349360012099496],[13.65675483458139,52.34994017283275],[13.656818535426059,52.35057722936001],[13.656961938764212,52.35125245067961],[13.657507158185146,52.351910776375085],[13.658423984459384,52.352136462664525],[13.659118302015663,52.35253519387145],[13.65929173606414,52.35308890618664],[13.659959816272668,52.35349268422982],[13.660884352845992,52.35376984036715],[13.661862147841664,52.354187349050115],[13.662187867868937,52.35478909417168],[13.662401649844293,52.35543930954772],[13.662603421950433,52.35611738657976],[13.663004312344535,52.35689408229191],[13.663634693239688,52.35740757040339],[13.664428313267823,52.357905907225046],[13.665515448697423,52.35818144754205],[13.66584694552527,52.359080553314875],[13.665750260628982,52.35962643961209],[13.665993202930531,52.360145707956775],[13.666149278678507,52.36070660364777],[13.666319991680465,52.361341912130165],[13.666483493482785,52.361962753265004],[13.666829749660996,52.36257948828545],[13.667547944800226,52.363295667662605],[13.668079403955343,52.36382920720352],[13.668907677467889,52.364472991266595],[13.669900391608035,52.36469406476697],[13.670416710127816,52.36528772576249],[13.670679452117568,52.36584255903895],[13.671182757029229,52.36648204110668],[13.672276761442278,52.36689592157786],[13.673897165834969,52.367239024927365],[13.67484220525956,52.36752226961916],[13.675874978666664,52.367877087152635],[13.676611570000814,52.36818942319997],[13.677340224117788,52.36856719216977],[13.678128560300303,52.36902499673132],[13.678902935223835,52.36933047618954],[13.67996205593674,52.369433705272854],[13.681033124761166,52.369466379972955],[13.682151344206865,52.369639758381766],[13.68336778138813,52.369320686852284],[13.68475337087271,52.36881613130378],[13.686684595606353,52.367736312185514],[13.687221470640848,52.3673020516141],[13.688917587897912,52.36741251813309],[13.689701971217119,52.36781067190187],[13.690599764301538,52.367736404748086],[13.691427025550588,52.367399595082716],[13.69201594157804,52.36793613382935],[13.693083186668359,52.367977953776844],[13.692793153510387,52.36851525698989],[13.692787830216991,52.36909705879617],[13.693480321417091,52.36963524809405],[13.694311811424722,52.370159153934665],[13.695090508326185,52.370702673585164],[13.695601054503365,52.37120985394493],[13.69622057440285,52.37190722469704],[13.69704249016645,52.3725443454262],[13.697385878476725,52.373064024213754],[13.698291094644242,52.37371367045569],[13.698872850892709,52.37443995724568],[13.699956634337397,52.37558988975007],[13.700303116343532,52.376352385706696],[13.70061979654729,52.37719262141019],[13.699422517960697,52.37751356491428],[13.698394222703236,52.37760803192426],[13.697209406944136,52.37743772487438],[13.697410183022159,52.37798473678854],[13.697621593480003,52.37856245275611],[13.697824897950914,52.37914171530959],[13.69802565488153,52.37968888758544],[13.698419927159629,52.38051238825938],[13.698809740329132,52.38112323803477],[13.697352959975179,52.38132876368797],[13.696248258829218,52.38115236252815],[13.695165359223708,52.38095490108936],[13.694274389324903,52.38128457784474],[13.693354846787612,52.38168281183572],[13.692440430543241,52.38206710548827],[13.691552690347782,52.38245455556335],[13.690649023317441,52.38284294643977],[13.689721312045144,52.38325432352604],[13.688867582877295,52.38311213097549],[13.68791480203338,52.38295343109463],[13.687087178311353,52.38382110255402],[13.686179327530906,52.38386262226151],[13.686568298341733,52.38478823223452],[13.686831161907046,52.385304474489594],[13.687714164288996,52.38542300967949],[13.687998440875447,52.38601751056076],[13.688694395139413,52.38541830792391],[13.689700787926487,52.385194535494946],[13.690529733559393,52.385467094909934],[13.692413272805165,52.38668441149574],[13.69302408830237,52.387082993568605],[13.693612099380491,52.387565997203005],[13.694343966319064,52.38802228351299],[13.695418073120763,52.38888152364252],[13.696209598829707,52.38914731790302],[13.69682372351731,52.38968829710309],[13.697480651541182,52.39022046603602],[13.697663712158702,52.39076421497789],[13.697982239830372,52.391423973622715],[13.698771719204604,52.391902795281204],[13.698547312759958,52.391379119327645],[13.698401351725996,52.39083516903564],[13.699602975862138,52.39096193308067],[13.700351921497798,52.39139662020046],[13.700799744695539,52.391895811705254],[13.701336692397426,52.39242717926287],[13.701840530845832,52.3930340372382],[13.702591954210515,52.39338366468048],[13.703537414173367,52.39329105641939],[13.704485365190127,52.39353830747856],[13.705452850709273,52.39407661269966],[13.706159657834233,52.394833179827586],[13.707256080651492,52.395223847496865],[13.708207566487472,52.395215278963235],[13.709249804607223,52.39568882561195],[13.709722366091052,52.39621701444367],[13.71059908861298,52.396475764944434],[13.7113653668261,52.39713662897672],[13.712067501531088,52.397528760458044],[13.712876658923653,52.39778424916963],[13.713783008425903,52.39818282853458],[13.714042921866957,52.39875948419056],[13.714923521643579,52.39919191301227],[13.71586983604122,52.39969389255181],[13.716977513806416,52.39963878531288],[13.717418010211032,52.39905570333767],[13.718253025996377,52.39878103415527],[13.7191835273769,52.39882051154013],[13.720168061129922,52.39897633368163],[13.721272188765765,52.39866037527909],[13.722344997461143,52.39832951180502],[13.723384418602759,52.39833955527212],[13.724140765825233,52.39868437719545],[13.7249003469779,52.39910199255752],[13.72542642488883,52.39967822954298],[13.726436917479223,52.39960674616075],[13.727244422442846,52.399950885338775],[13.72818483616327,52.39991665498835],[13.729048937215989,52.40010219762061],[13.72976030693032,52.39974020978969],[13.730747462611541,52.399910105403734],[13.731586346369843,52.40027108592798],[13.732514883528674,52.400943720444104],[13.733334405869234,52.40136652697164],[13.73411679615835,52.40198095776137],[13.734158508694286,52.4030641786003],[13.734352775522229,52.403797317703564],[13.734738613519767,52.404700843525795],[13.735403842852659,52.405857627556955],[13.737002417143914,52.406457722915384],[13.737975238202932,52.40671831994345],[13.73866230317739,52.40709099762712],[13.738572937329621,52.40773452902459],[13.737910974176685,52.408468097191026],[13.737619720818103,52.40898917418989],[13.73727742922807,52.409559694650206],[13.736345048925042,52.41007032237524],[13.73508729806229,52.410408334283346],[13.73432905584775,52.41097487152269],[13.734079527169296,52.4115509162721],[13.7336690136755,52.41206577045724],[13.733107130453531,52.41268144336145],[13.732524557483186,52.41328946531417],[13.731957175133278,52.41381279135627],[13.731271675516599,52.41433781415333],[13.73067286350589,52.41492954108373],[13.730143780547285,52.415508833337945],[13.729868259440059,52.41602765066406],[13.729896123304739,52.41660233265316],[13.73013298732755,52.41719068703573],[13.730415984346307,52.41773149798689],[13.730779605796345,52.4182465157821],[13.731146452439525,52.4187637068217],[13.731404848971255,52.41928065009436],[13.731423674846681,52.41982205800839],[13.731146354739948,52.42033548215589],[13.73150982084013,52.42086872019607],[13.733357934219763,52.422598903813665],[13.733866816518578,52.42308345998166],[13.737338686409414,52.42638895680053],[13.738685088428632,52.426559597604566],[13.73961724022813,52.42666591982474],[13.740550531451337,52.426466692438105],[13.741324781241971,52.42696551434798],[13.741487934014852,52.42762388936835],[13.7417253116064,52.42819541110932],[13.73995724800414,52.42860727162565],[13.73894204684047,52.42885527741433],[13.739338402348485,52.429470450708926],[13.739549298134019,52.43023023262226],[13.73970408194696,52.43086072987531],[13.739845948304529,52.4314352649683],[13.740104513204017,52.43247277751207],[13.738423494948742,52.432662506964846],[13.737288710064588,52.43278319811211],[13.736134699254512,52.432902135458626],[13.735132657427576,52.43299354792143],[13.73415257962574,52.4330985924085],[13.733245033003021,52.43322255837809],[13.731821007817521,52.43347492507314],[13.730629633945796,52.43373448364531],[13.7296931671841,52.43398194307149],[13.728750329174202,52.43426385151836],[13.72788842463947,52.43455411259704],[13.726316966531359,52.435183638978486],[13.725227241569497,52.43570606108322],[13.724147766385995,52.436293407907954],[13.722802065878367,52.436825273216286],[13.723721358200923,52.43678056144938],[13.725508390799595,52.43591361578124],[13.726575464292678,52.43540238353168],[13.72746440526054,52.43503237729713],[13.728962080133662,52.43450370230111],[13.729885720857096,52.43422501147421],[13.731288871689275,52.43384125839702],[13.732511992955427,52.43362922650762],[13.734235881280261,52.43336605403579],[13.7352013253947,52.43325906312994],[13.736200222915626,52.43317132967986],[13.737369279848755,52.43304909984686],[13.738258629079276,52.43321818971107],[13.739235113956397,52.43319186873054],[13.74017601151854,52.433145021028565],[13.741152988982122,52.43306982419741],[13.74273059689579,52.432958804161366],[13.74303728929363,52.433550929338814],[13.743244661261777,52.43439090964179],[13.74334126959243,52.43509390564262],[13.743585552125149,52.436086842959554],[13.743821816379393,52.437050177451944],[13.744072209970087,52.4380705463903],[13.744996887454844,52.43854931687237],[13.745718891524689,52.43893102315657],[13.746379253226122,52.439294494396776],[13.747270139098191,52.439758889818044],[13.747979433261877,52.44013725566124],[13.74867364379196,52.44050682636394],[13.749373355245625,52.44088205238296],[13.750393445146594,52.44142255797561],[13.75141772216618,52.44150206712843],[13.752450979388259,52.44152474119964],[13.753388766779322,52.44154327104592],[13.754275183038505,52.44156476771712],[13.75525336373792,52.44158622570486],[13.756144738504435,52.44160933393907],[13.755975684891297,52.44074464321364],[13.755646198605191,52.4398712241805],[13.755313782863546,52.43898996917549],[13.755057554732733,52.438310738952005],[13.754650496327683,52.437231437040765],[13.754447358203793,52.4366807847965],[13.75585316601145,52.43655292669995],[13.75716257236489,52.43643003562951],[13.758039580641384,52.43634985421757],[13.75905177115739,52.43625683457975],[13.75998803030647,52.43617026566356],[13.760576126532971,52.436942917313424],[13.761159145035254,52.437708508803794],[13.759725443626728,52.437994394030355],[13.758123454958067,52.43814837044946],[13.756268630872128,52.4383266117356],[13.755320583703714,52.43841769355735],[13.755521495624413,52.43895820595435],[13.75584625902884,52.43983549581465],[13.756179579146169,52.440713441026716],[13.756391328860376,52.44126740803184],[13.756857537683823,52.44246847605998],[13.75567486770806,52.44312228447542],[13.754796718399376,52.443211904175016],[13.75498534177282,52.444145456245714],[13.755347309202834,52.444662696309486],[13.756057194372595,52.44564941870457],[13.756442164521237,52.44617416172161],[13.75557034958464,52.446031189591224],[13.75505567151845,52.44651577218608],[13.754362524382845,52.44705046677236],[13.753485577507709,52.447587149136794],[13.752611861348935,52.44787018318557],[13.751541427485643,52.44807720277497],[13.750261214853028,52.448329224822444],[13.749489342140787,52.44860835816344],[13.74837612158372,52.44874294323846],[13.747298791670524,52.448854962452316],[13.746105122118825,52.44899587565776],[13.745081405522562,52.44917558661179],[13.744085918027498,52.44909617628116],[13.743150071266449,52.44895639765098],[13.742002747206676,52.44911402644573],[13.741144955088991,52.44925293267345],[13.740276490189471,52.44936239992674],[13.739117765209192,52.4494908300007],[13.738145744386348,52.4495985571485],[13.737281854390712,52.44975902028584],[13.736241825445658,52.45000546242734],[13.73556130548268,52.45060827019966],[13.734350740635428,52.450736477083616],[13.733422695297653,52.45054773194883],[13.731718076254495,52.45045517234411],[13.730617111280647,52.45060674169468],[13.729080238450955,52.4507830621405],[13.727882757097058,52.45162429875668],[13.727146526533236,52.45214297039815],[13.725819492971661,52.453075550307304],[13.725200589715342,52.45350517897302],[13.724237508049075,52.454184813581094],[13.7234653337552,52.454727125212926],[13.722681264666777,52.4552780424641],[13.722079646348622,52.45569970488475],[13.720773303598149,52.45661424569276],[13.720247729622686,52.4571768524734],[13.71978478113109,52.457771458887294],[13.719088628894207,52.458691460707975],[13.718495814970096,52.45944221986919],[13.717829516186843,52.4602680440882],[13.71739907673029,52.46083018602419],[13.716658753164856,52.461839342075805],[13.716188807529488,52.46248892730269],[13.714782130718678,52.463024950156885],[13.713807397719533,52.4630396367543],[13.712214041241605,52.46317864080446],[13.710353762062681,52.463750642854066],[13.709063912021282,52.464257941348656],[13.707915490129073,52.46470860921489],[13.70664577028046,52.46517054484913],[13.705700557477428,52.46555867021275],[13.704825187114759,52.46601769936337],[13.7037626717931,52.466515085111475],[13.702448187395346,52.46721392435478],[13.701710392771297,52.467748560193094],[13.701258560740282,52.468222721519275],[13.70007163536534,52.46825414280933],[13.699079302718953,52.46827842301382],[13.699608581447336,52.46757342751586],[13.700098723887873,52.466920568973485],[13.700565777114978,52.466298931663104],[13.700990016142285,52.46575955600077],[13.701976077071906,52.46452040303008],[13.702344334099745,52.46380470014266],[13.702812977950002,52.46224295306042],[13.702970491643786,52.46116777534022],[13.703167039170825,52.46045747812985],[13.70371518510848,52.460022657018094],[13.704780121835453,52.45992186652795],[13.705383423497388,52.45928691217269],[13.70551433209543,52.45846141211968],[13.705568559775934,52.4579027031242],[13.70548058911977,52.457094335308675],[13.705262103532593,52.45574620252577],[13.704914494452872,52.45516883431466],[13.703152296070604,52.45485136972567],[13.701712597761803,52.45486277148096],[13.700351976828781,52.45497602798411],[13.699031527009753,52.45518214574399],[13.698535388719586,52.45563405192497],[13.698668054666006,52.45643710039456],[13.69853422311336,52.45708059564202],[13.698227861337788,52.457681706013894],[13.697832856506214,52.45828485158009],[13.697660304221806,52.45899992713645],[13.697627387336237,52.45954078692852],[13.697577154844906,52.46009329693935],[13.69746598059526,52.46066537415956],[13.697209220177331,52.46137489116916],[13.696942543919064,52.46193390842488],[13.696553509655226,52.46250393011474],[13.696047449015483,52.4632958851497],[13.69566198815303,52.46392397919391],[13.694109441208122,52.464403879874816],[13.693198230941809,52.464484677328834],[13.691385418389078,52.46468826386309],[13.69031054407427,52.464898197949125],[13.689197892666925,52.4650177412038],[13.688226138099512,52.465034866516625],[13.687213188030533,52.46509773061024],[13.686258661643484,52.46520902135891],[13.685384917983331,52.46541168626246],[13.684348485541495,52.46566822456829],[13.683507168076876,52.46588225014089],[13.682703086245743,52.46611599681847],[13.68184502687482,52.466683875048716],[13.680998819148467,52.46725786717422],[13.680164057382354,52.46782791714501],[13.679406612460454,52.468526629516994],[13.678920993217233,52.46897823879945],[13.678183442850337,52.46939882672312],[13.677163511848576,52.46975790173915],[13.676307163150035,52.47007901421318],[13.67539486994016,52.47057767481506],[13.673956373776033,52.471165391973024],[13.672557869396456,52.47180254971838],[13.671611708640663,52.472276750737954],[13.670633110907037,52.47280016427867],[13.669571252655892,52.47325104814448],[13.668207550041759,52.473600227437146],[13.667357340476757,52.473853823323076],[13.665723944385071,52.47395115834161],[13.664627396140904,52.47377454823689],[13.663216045615826,52.47371046970924],[13.661505040603618,52.47404835498087],[13.660019162706794,52.47449774434301],[13.658604240698855,52.474927681370126],[13.656814683265733,52.475970642961386],[13.656056482510554,52.47639026603845],[13.65462370220416,52.47686751455508],[13.653409066930216,52.477174991295925],[13.652326918480846,52.477462360047014],[13.651053985399836,52.47785356378772],[13.649760731337082,52.47828491792774],[13.648305675119722,52.47873088053046],[13.64728461022948,52.47881944791971],[13.645776839491214,52.47887216340533],[13.644811897273565,52.47897898306581],[13.64355866567095,52.479173180398845],[13.642682668388266,52.478791962016096],[13.64179963524846,52.47839488627072],[13.640952746792339,52.47805247904519],[13.640197726356343,52.477767809254864],[13.639141281607365,52.477347726122716],[13.637393650289138,52.47663471652493],[13.636522065935806,52.476292208454595],[13.634699786056716,52.475812969179124],[13.633315199630987,52.47551488196065],[13.632304902857534,52.4752955692551],[13.631040860375403,52.4750270084206],[13.630155480611203,52.474514967825144],[13.629441270143554,52.47410190663549],[13.628413930212954,52.473647277982465],[13.627281573959884,52.473589133912235],[13.626102733129764,52.47365406391626],[13.625284241424106,52.47331337452628],[13.62508274730049,52.47193238595987],[13.62497179464442,52.47117481752395],[13.624824930499463,52.47024320802595],[13.624741178508824,52.46943697291701],[13.625126758600983,52.46890858247481],[13.62392017735964,52.46876658367855],[13.622998702312334,52.46878225692817],[13.622683735787783,52.4682010497384],[13.622825804714648,52.467649601240744],[13.62301865414543,52.46708414249174],[13.622904017190127,52.46652673801623],[13.621383670266505,52.4666386310469],[13.621980062995716,52.467204402023405],[13.62201739579237,52.46784636539465],[13.621931909507573,52.468406671915176],[13.621032783337059,52.46849740355786],[13.621040115636907,52.46903712343088],[13.621135175326167,52.470262694423894],[13.618846073470968,52.47087280434973],[13.617670200805971,52.47108310366532],[13.615068977195536,52.46971502545196],[13.614289428732109,52.469976324046826],[13.613497432536539,52.47022959558284],[13.612405212893883,52.47045739341505],[13.611498360414783,52.47062790042383],[13.608427427101171,52.47103742813206],[13.608368669112954,52.47268151729578],[13.60748430224465,52.472870482888105],[13.606256635145964,52.47288854385427],[13.605329340179582,52.4728999743518],[13.604004997042134,52.472848747820414],[13.603066381938131,52.472791309359856],[13.602253694207688,52.473186039507254],[13.601141190170546,52.47372426535166],[13.600221314436585,52.47416891727771],[13.598642431937886,52.474975706080144],[13.597333594403697,52.475630592081444],[13.5966435881393,52.476055869290704],[13.59569058330937,52.47656317353743],[13.59393140648854,52.47739014679138],[13.5925267078177,52.478127330244185],[13.591556200424687,52.478636613957484],[13.590844155308314,52.47897830329042],[13.59010061238089,52.47935879540687],[13.58892732725143,52.47994014846603],[13.587842141817656,52.48043929475763],[13.586553344884665,52.481024343292894],[13.585551902058333,52.48091459679443],[13.584658877691911,52.48068048182562],[13.58381681810332,52.48046458344488],[13.582927618564996,52.48023756795836],[13.581874846080789,52.47997053524919],[13.581115575415838,52.48034168390068],[13.580161183946272,52.48080534022593],[13.579009663082271,52.48076769619386],[13.577916606800471,52.48036609844409],[13.576999722501348,52.48007071593571],[13.576030058123917,52.47976623941687],[13.575117944451893,52.479479387042026],[13.57468027509823,52.47815897336582],[13.574440965377809,52.477519791584974],[13.573920798839508,52.477043340233465],[13.573870212702163,52.476501223743675],[13.572797172988013,52.476552297345556],[13.57195726853176,52.47621899885432],[13.571203568515735,52.475868564912574],[13.57037564136132,52.47555581814988],[13.569508123768115,52.475207935610634],[13.56875638161638,52.474915806847164],[13.567924131582771,52.47460304433831],[13.567108583365721,52.473954198515116],[13.566074481046211,52.4736525087768],[13.565128187648867,52.47395688568229],[13.564152395711954,52.47367218701046],[13.563093500537095,52.473466625116394],[13.561932945116881,52.473339774386126],[13.56098167008772,52.47326995271349],[13.560083216617278,52.47324911980739],[13.559195581223078,52.47324825490446],[13.55734505267171,52.473290820796535],[13.55618707028768,52.47348900438632],[13.555046387533972,52.473613626112915],[13.553881339191559,52.47363559477524],[13.552613816619873,52.47365207232023],[13.55153233873488,52.47362422346453],[13.550336960377136,52.47370388546739],[13.54918804318812,52.47386418789163],[13.548242723972482,52.47386594087775],[13.548478346159062,52.47331164385543],[13.54732948273808,52.473435542393496],[13.546450429133445,52.473528418171625],[13.545312781700762,52.47364715729461],[13.543012284858294,52.47389104458903],[13.542067617542239,52.47398795275199],[13.54029884433929,52.47477611770655],[13.539035403784942,52.47433344763725],[13.538458410373106,52.47388494316955],[13.537812486137433,52.473386007409644],[13.536384459381866,52.4722826030412],[13.5356961184115,52.47174691477131],[13.534915091800006,52.471139189361615],[13.53409209941254,52.47048090364389],[13.533026586343528,52.46964224795157],[13.532316886262606,52.469082807951516],[13.531432403145319,52.468389142703046],[13.53077195451574,52.46793765718569],[13.529078156264104,52.46934177745051],[13.528235477222331,52.47004365181331],[13.527529307048884,52.47062386318731],[13.526952484908318,52.47113273735547],[13.526084726559453,52.47189838104431],[13.525544488157571,52.47235570033294],[13.524347310366988,52.47331955797797],[13.523667610561299,52.47386373512495],[13.522894080392128,52.4744424219811],[13.521750439860586,52.47512474859848],[13.521061803126464,52.47475596987472],[13.520315427442553,52.47406997247801],[13.519464650825945,52.47438023337261],[13.518167604884125,52.474825077017755],[13.516881700170021,52.475259212073446],[13.516015681224015,52.47549943306795],[13.515142598347248,52.47564697869081],[13.514233368656443,52.47571344149905],[13.513288546710395,52.475687319115984],[13.511378420523501,52.47543146220966],[13.508451756635742,52.47499754136252],[13.506100220878581,52.47650031199369],[13.504324148720935,52.47812451804029],[13.503887536830675,52.478924735240206],[13.503266944453989,52.48004977899431],[13.502703535401698,52.481065843949786],[13.50224959482915,52.48189322230935],[13.501901560267962,52.482556505598225],[13.500997619464924,52.48263411021407],[13.500075027151597,52.48279105987933],[13.498750714026523,52.48308370407512],[13.497854160841067,52.48328416877497],[13.496865668024009,52.4832735542501],[13.495891433780475,52.48324948238116],[13.494179007378488,52.483120810947376],[13.493947514835337,52.48364725502644],[13.49368712291128,52.48427582823747],[13.49321868659246,52.48510855341735],[13.492869857850652,52.48564900121879],[13.492280749088085,52.48624070050275],[13.49169087580173,52.486746657799465],[13.491020278543823,52.48727281928363],[13.48987043637833,52.48763629059604],[13.488503832909963,52.48783601524655],[13.487554236640522,52.487789442738745],[13.486701810271004,52.487640196455736],[13.485643419531481,52.48726653502946],[13.48490326076195,52.48693194230448],[13.484105133584686,52.486572793819924],[13.483292437874322,52.486201252251284],[13.48217840978782,52.48726235323179],[13.481502369252274,52.48767446622073],[13.480551279633387,52.48787363290446],[13.47963809812362,52.487935554636636],[13.478631305150056,52.48703321844129],[13.478142002322631,52.487637397548006],[13.47785403172251,52.48819492152049],[13.477715504550929,52.488730757510254],[13.477051494535411,52.489306492955244],[13.476318246768626,52.489823223944235],[13.475441052548225,52.490326155360336],[13.473787271133551,52.4910336618486],[13.472312038141297,52.49127528834004],[13.471018876164464,52.49148723276804],[13.468988776125899,52.49217140367852],[13.46747084460945,52.49258812025754],[13.465582449972457,52.49323749322515],[13.46421618445135,52.493742638124935],[13.463384483731613,52.49413184042206],[13.46372413676106,52.494794629109435],[13.463383501307021,52.4953793516854],[13.462295287642997,52.495514526384696],[13.460515812216432,52.49614300004893],[13.459511913213802,52.49653592251411],[13.458331595981564,52.496774004782296],[13.456319013159604,52.49717417033758],[13.455411156388063,52.497353758214146],[13.454067485907274,52.4975588530189],[13.452734270352382,52.49757658814485],[13.451827840454976,52.49742472147477],[13.45098437535892,52.49714138701264],[13.450294263060147,52.49662551492796],[13.44883303548514,52.495558620159656],[13.447882655334086,52.49484634582681],[13.44700916723623,52.49463371681504],[13.44612209658691,52.494736371996304],[13.445223619162,52.494547173854116],[13.444556210655579,52.494101003800765],[13.443732987443957,52.49346610789239],[13.442608720278162,52.49259932892676],[13.441874082744418,52.49202934142149],[13.440942262187177,52.491300683820626],[13.440286032475052,52.49088668042337],[13.439761300918715,52.490352938386366],[13.439973935045415,52.48974529415106],[13.440828475032186,52.48930899383855],[13.44156244149235,52.48893269683871],[13.44233404658698,52.48853751519348],[13.443112999910046,52.48813864003498],[13.444231844301102,52.48756613535178],[13.445233864210905,52.48796748944512],[13.446499063805964,52.488784594487726],[13.447423964768715,52.48861642117226],[13.448536116670928,52.48804574826143],[13.449415658289633,52.487622184913704],[13.450326976237841,52.48708605869966],[13.451248436864871,52.48673515726568],[13.45192743287779,52.48638415984884],[13.452728833285276,52.48596988918413],[13.453475467097842,52.48558398323015],[13.454303437321638,52.48515917917157],[13.455134439140329,52.48473271864591],[13.456066896847625,52.48425408877071],[13.456798897218645,52.48480841757124],[13.457558495314302,52.485383529222545],[13.458134819344489,52.48581981691605],[13.458737851948962,52.485398937082365],[13.459395150170867,52.484937420094845],[13.460561063425736,52.484135842623644],[13.461181082043213,52.483701226396704],[13.461736389399347,52.483130360209486],[13.46236923098245,52.48268371270423],[13.463278763020565,52.482044678722296],[13.463908930365854,52.481598644672076],[13.464637498457886,52.481086694424754],[13.465796640528724,52.48027211181087],[13.466956185783221,52.47945527541971],[13.467557644798177,52.479031471549455],[13.470047083185076,52.47727746274541],[13.47055417945065,52.47681388757641],[13.470383322637757,52.476021409626924],[13.469978542156708,52.47483688965845],[13.46960715422561,52.47399417249883],[13.469796101422727,52.47333309499818],[13.470587750297918,52.47244474069659],[13.471356380376056,52.471668651699346],[13.471974398847014,52.4710735891447],[13.472653629355708,52.47042418068166],[13.473205910605627,52.46990002049571],[13.474356852193289,52.468786143493666],[13.474918891023322,52.46824214109737],[13.475581238568514,52.46766721399471],[13.476181202520879,52.46726591504918],[13.477006471394766,52.46650416782855],[13.477646232268325,52.46589282134166],[13.478339123924979,52.46523093293935],[13.47854931573127,52.46398125417278],[13.478042662755714,52.46323450119212],[13.477592533768942,52.46257102943727],[13.477197440231155,52.46199287939474],[13.475797990018275,52.46091315963852],[13.475393623612312,52.4602496123938],[13.474979938761388,52.45947272789303],[13.474967022414116,52.458824709600535],[13.47337911202319,52.45880942847046],[13.472214995042597,52.4588491603132],[13.468887524046051,52.458934898117136],[13.460655146393135,52.459150540950866],[13.45957932804858,52.45917868326297],[13.458617258357782,52.45919960399368],[13.457338810101604,52.45923633265921],[13.45728581773337,52.458671000829064],[13.458794666773679,52.456725661537746],[13.460030529338777,52.454971513687866],[13.460441672966073,52.454351032731886],[13.461344922165628,52.45300043956977],[13.46204065753666,52.452182461816555],[13.462564304248618,52.45150811436475],[13.46328605611688,52.45080212800796],[13.463762068043842,52.45031194130064],[13.46434833539232,52.44987842583009],[13.465164504146209,52.449357863787135],[13.465828453224344,52.44899094831957],[13.466757041244243,52.448531013225136],[13.467557524800588,52.44814324573735],[13.469513321098653,52.447193535649355],[13.471877706426838,52.4460455698891],[13.472717584599312,52.44563803791504],[13.474506308636606,52.444772789131136],[13.47586392683929,52.44411876886883],[13.476676250387122,52.4438352006782],[13.478023224498195,52.44318042530532],[13.478685459269158,52.44273740556573],[13.481618701746424,52.4413193507709],[13.48241409027828,52.44092959299795],[13.483310344000945,52.44049159182174],[13.484132049660841,52.44009034586372],[13.485834406072307,52.43937641676703],[13.487143983332102,52.43874064212259],[13.488975162279909,52.43785157851783],[13.489654999908105,52.437407886720855],[13.490363651584783,52.437059936398704],[13.4912459059709,52.436631748905526],[13.492005313779206,52.436263172550895],[13.49291183088036,52.43582314420601],[13.493818030055406,52.43538327575295],[13.494515978892249,52.43505002669174],[13.496036288124806,52.434420496776575],[13.497087603481107,52.43390932474391],[13.497730198399882,52.433483788049735],[13.498536002961023,52.433205445674815],[13.499265855369991,52.4328502760601],[13.499992460323769,52.432497254605046],[13.500723463229036,52.432142162595866],[13.501763184132692,52.43163696122258],[13.50255849643347,52.43125110516384],[13.503565353386074,52.4307621143494],[13.50438728399334,52.43036288057855],[13.505202415020577,52.42996723253071],[13.5059699970812,52.429595784472184],[13.506688477695333,52.42926886453019],[13.507639256999132,52.428879714259686],[13.508581957193698,52.42853593137667],[13.509559114056888,52.42821715701426],[13.510565140612767,52.42793120511104],[13.51139693048993,52.42771257010007],[13.51243377289201,52.427496185713956],[13.513420231395747,52.42731470950311],[13.51440572828022,52.42716377368174],[13.515581434868352,52.42702082839732],[13.516530736757472,52.42693688051062],[13.517899309279766,52.426851878868725],[13.519365030579024,52.42676928287378],[13.520231972289405,52.426635182622014],[13.52042704426215,52.42609058022406],[13.52007187612481,52.42548078404091],[13.519673186343082,52.42488056570808],[13.519171286326587,52.42399088025825],[13.518788262909313,52.42342509291541],[13.518437754100876,52.42290965713587],[13.518648075608379,52.42226433255339],[13.519482827613556,52.42142349564321],[13.520181107932515,52.421027450734464],[13.520648186500624,52.42019022973076],[13.520845381461033,52.41954336129734],[13.52159108583639,52.41889815625106],[13.522123236221539,52.41843186097991],[13.522133388344411,52.41787056679027],[13.522143003084194,52.41722550490794],[13.522369431087386,52.41656743671078],[13.522805775904587,52.415702040437225],[13.522704661394448,52.41507666077563],[13.522340395399443,52.414546219581396],[13.522915792857814,52.41404059481256],[13.523758374425762,52.41371142744276],[13.523597532201949,52.41317343314859],[13.523226628945915,52.41265431230603],[13.523183118513591,52.41196652590613],[13.523182707135875,52.41132747907815],[13.523121575264502,52.41059067770526],[13.522813346306709,52.40979213981465],[13.522338995181872,52.408544460322425],[13.521788784753166,52.40744220500152],[13.52101599150456,52.406714941110984],[13.519813024154853,52.40566008101021],[13.519053344147212,52.405123426500246],[13.518362767063362,52.404390916769565],[13.517547118179124,52.40386300935833],[13.516651705101957,52.40333394238974],[13.516925441090738,52.40280308058201],[13.51617146053965,52.40230801731272],[13.516334847288908,52.4017214382126],[13.517345102743281,52.401489421449966],[13.518599315887837,52.40110075373283],[13.519648766114562,52.400921339047336],[13.520585902735883,52.40076877745658],[13.521480073433004,52.40062876208477],[13.522297478443898,52.40031982643654],[13.523050623888118,52.39996990100106],[13.523964700541857,52.39962426429427],[13.525227081541473,52.39922663757191],[13.526388037993879,52.39893561728585],[13.527188499425032,52.398539825508976],[13.527966785895638,52.39815492813782],[13.52873229996269,52.39777623240415],[13.52969256885894,52.3973015469101],[13.530545923421181,52.397642483103105],[13.531338463134524,52.397945524173565],[13.532130095789098,52.39825628993139],[13.532925994513894,52.39857038501509],[13.533687123145981,52.39886997226864],[13.534854988313102,52.39920654229078],[13.53600056807238,52.399596537438626],[13.536827697254992,52.3999136630764],[13.537759475436854,52.400317223109774],[13.538018726628106,52.39970579897179],[13.537654931862035,52.39919662878136],[13.53724353600819,52.39855503191355],[13.53693869404411,52.397973176589254],[13.536529393454666,52.39747546047524],[13.536541864682823,52.39690309782656],[13.536237239443931,52.39633173573094],[13.53591894471906,52.395777942876485],[13.53571371464702,52.39522448889522],[13.535444718943344,52.394286585091066],[13.535232537199425,52.39368290955003],[13.535023932350397,52.39275749524911],[13.534944574636684,52.392204880347606],[13.53484023194698,52.3914575589034],[13.53482653216025,52.39090386956369],[13.535016562867758,52.39026006122866],[13.535359135079492,52.38934617093613],[13.536653182518991,52.38896053132115],[13.54174636023857,52.38882709847353],[13.54272081513005,52.38880155274162],[13.544169298007676,52.38876347908008],[13.545373213864526,52.38873224112852],[13.547008524551506,52.38867817101927],[13.548782895405145,52.38861416037698],[13.550650099130328,52.38854675701788],[13.551594766127176,52.388514569010994],[13.553351892701027,52.38842067082499],[13.554354367568532,52.3883762841047],[13.555774521710827,52.38833100543881],[13.556942742612287,52.3882937109719],[13.558351255517668,52.38824878969886],[13.55947719932355,52.38821313034227],[13.560616716932307,52.388178452756264],[13.561559125103305,52.38815874516627],[13.5624574363043,52.38814388836783],[13.563358509405314,52.388129939441036],[13.56438916358865,52.38817712361443],[13.565774247140762,52.38845067098653],[13.566803364572372,52.38860003497072],[13.567928307401523,52.388781021838575],[13.569292354478721,52.389041496532805],[13.570263291994962,52.38923940603135],[13.571661864290842,52.38953698140404],[13.572549700819488,52.389735459111336],[13.573407160023688,52.38991690299434],[13.574342245926596,52.390109391945074],[13.575392066286918,52.39021939675403],[13.576613820810852,52.39039372606636],[13.577538006183703,52.390539754336515],[13.57865782365612,52.39073355096236]]]]}},{"type":"Feature","properties":{"id":"03","name":"Pankow","authority":"Bezirksamt Pankow von Berlin","source":"Geoportal Berlin (ALKIS), via ODIS Berlin","license":"dl-de/by-2-0"},"geometry":{"type":"MultiPolygon","coordinates":[[[[13.504807966473637,52.61959821024611],[13.503765626599534,52.61920565347862],[13.504943264065096,52.61952336131119]]],[[[13.392905849730754,52.64564885142851],[13.392920900857286,52.64566609335482],[13.39284736409264,52.64566160733346],[13.39274416363959,52.645643735976186],[13.39270047065403,52.645581618472306],[13.392785769328478,52.64549470980901],[13.392905849730754,52.64564885142851]]],[[[13.393058027713492,52.645908873563684],[13.393066484628143,52.64600881423187],[13.393090160305523,52.64603353666251],[13.393020764738791,52.646005586728236],[13.393017698108915,52.645929976619016],[13.393058027713492,52.645908873563684]]],[[[13.4519133203368,52.52773628273788],[13.452825207245233,52.52692557664755],[13.453201183247623,52.52637287870934],[13.45366728961056,52.52568764317967],[13.454156587745677,52.52496828222817],[13.454595276829387,52.524323324223026],[13.45537676901093,52.52317430853876],[13.455750069697617,52.52262542473676],[13.455876122133953,52.52207332271115],[13.455419895280679,52.52144965060766],[13.456213504290869,52.521103953949044],[13.457072714457171,52.52094730710119],[13.458243739149509,52.52073493589102],[13.459131755500946,52.520573929191805],[13.460051472134719,52.52040695377991],[13.461254919748072,52.52018878902865],[13.462317830140519,52.51999597473094],[13.463291966869743,52.519976027885804],[13.46541701692431,52.520148522375756],[13.466897895584195,52.52026861465674],[13.468473463898434,52.52039645036669],[13.469698375816519,52.52049585074855],[13.470613858957169,52.52057003888602],[13.471634354224447,52.52065427056609],[13.47146479267407,52.52131233367069],[13.470992422392028,52.52181890620536],[13.470298635691092,52.52237922212098],[13.469607615388277,52.522808975690204],[13.468585217267137,52.52329936122249],[13.467595910075103,52.523657423559165],[13.466564627158897,52.523944183668114],[13.465475910248744,52.52414947796899],[13.463832818041336,52.524362249393896],[13.462756112244515,52.52450404543586],[13.461493680095295,52.5248980691518],[13.460405983704273,52.52524099140273],[13.45911774166228,52.52576808951367],[13.458492494819689,52.52617386501387],[13.457901291156531,52.526654067772085],[13.457397608714984,52.5271305353895],[13.456864521640714,52.527626721323855],[13.456233770029248,52.52822845289453],[13.457001159308836,52.52854241055832],[13.458058356804042,52.52877530957996],[13.460674496678271,52.52935789897405],[13.461253522016001,52.5299785964943],[13.461953852452359,52.53082839349008],[13.462370573378987,52.531334022007606],[13.463058783609933,52.5321690262487],[13.463623161424971,52.532712522538084],[13.464444652148057,52.532989425162846],[13.465966692946791,52.533680232429575],[13.466760995420085,52.53397035169887],[13.467891901152047,52.53432015407104],[13.46869266029321,52.534690237577735],[13.468412432293345,52.535260055594755],[13.468068849582162,52.53577155562574],[13.467512280325462,52.53627432695048],[13.466384159255854,52.53665687208946],[13.4668323272716,52.537279881859384],[13.46727648977308,52.53791707063349],[13.467647657533638,52.538449745589595],[13.468677142476858,52.539553440543926],[13.469840571563248,52.54045833240522],[13.46963524035537,52.54101008732297],[13.469172886288725,52.54225270993197],[13.468788486985753,52.54329791766937],[13.468532184323397,52.543998153169724],[13.468168663742297,52.54498031458942],[13.467755739080442,52.54609490144315],[13.467529802212377,52.546692167696314],[13.46724764420462,52.54742470266383],[13.46701747704771,52.54807100372056],[13.468415799656634,52.548234480440065],[13.469291156612035,52.54788806294495],[13.4713957065286,52.54771710018194],[13.472483709982393,52.547697897618676],[13.473530151309408,52.54768548567515],[13.47468417739105,52.547662160313415],[13.476533418059033,52.547624766050156],[13.478138187655686,52.54759494405183],[13.479645442271133,52.54754707068898],[13.480459527595663,52.548120483363036],[13.4799600750042,52.54871725464627],[13.479413751572428,52.549268781704825],[13.480254047141118,52.54960266294888],[13.481607737081179,52.54947841945257],[13.482727467814422,52.55000369687111],[13.483581603407913,52.55065427544052],[13.484190174870744,52.551103884754305],[13.485033335134748,52.551724480050055],[13.485677123300587,52.55219568786029],[13.486919005783037,52.552263734347406],[13.48847666284824,52.55200298338911],[13.490350365694699,52.55169483309932],[13.491878932955059,52.551359419493245],[13.493436692169409,52.55101549274932],[13.494415065377328,52.55079741397652],[13.494697213832955,52.55137175506695],[13.494974159945128,52.5519802307044],[13.495286165761135,52.55265320257561],[13.495572799361558,52.55335150212397],[13.495676776270214,52.55412982750394],[13.49561208452497,52.55470621310507],[13.495420327877342,52.555279940694554],[13.495105230829077,52.555823068317515],[13.494680087306259,52.556336258571676],[13.494109364341085,52.556911934403765],[13.493571844367443,52.55746228906624],[13.493058353969733,52.55798947193854],[13.492486513893883,52.55857581599173],[13.491989170006615,52.55911276622077],[13.491498527263248,52.55960840561267],[13.4908539411373,52.56008349633079],[13.490119673556972,52.5604241135185],[13.488771980301353,52.560848532181225],[13.487591952689112,52.56120322242056],[13.486657716451369,52.56140808993054],[13.485397820586856,52.56155054077894],[13.485321088362056,52.56227428073568],[13.48573503077926,52.562949174709566],[13.485889931029112,52.56349745285716],[13.486068843286679,52.56415316452273],[13.485154700942095,52.56425712065508],[13.48422622425717,52.56436332274946],[13.483841471432308,52.56494241850121],[13.48407317822823,52.56547837603535],[13.48415427790526,52.566026655299595],[13.486206681715066,52.56814577563706],[13.487462296850046,52.569120677125554],[13.486391177442606,52.569793919610795],[13.485647031593523,52.57015036909631],[13.484120619097565,52.570882896701136],[13.482924857770177,52.57147710046107],[13.482765006151121,52.57202749810511],[13.482795363462222,52.572631842080725],[13.481702562257208,52.57255094939451],[13.480277508936034,52.57260720910597],[13.479575391867208,52.57334127480554],[13.479654023921885,52.57391312612732],[13.479791028444975,52.5745125737014],[13.48008093903596,52.5751381156807],[13.479923972512573,52.5757197089315],[13.479945949821792,52.57642613646581],[13.47996809304592,52.57707317216077],[13.47999040469739,52.577694873591724],[13.48003802663897,52.578601192063395],[13.479942766360415,52.57920119938782],[13.479723156393455,52.579778166704315],[13.479760413103435,52.58034536820315],[13.479714835337274,52.580942542630766],[13.479822517701262,52.581587214693464],[13.480004129694416,52.582229949591046],[13.480274177292502,52.58290848810514],[13.480456008753162,52.58344237222298],[13.481612510983261,52.583315098544226],[13.481974641319145,52.58400206934281],[13.482898848818419,52.58404324289272],[13.48367986746498,52.58431823570199],[13.484016250305428,52.5850000780627],[13.484330404730443,52.58563809196141],[13.484942005058889,52.58622280110188],[13.485204032859789,52.58678149324166],[13.485475716386683,52.58732748722615],[13.485905631495854,52.58789344070309],[13.48639858913449,52.58839308148449],[13.486945253765372,52.58883900260754],[13.487831800125354,52.5894072942379],[13.48896121584231,52.590050245856986],[13.491449762027457,52.59103213051337],[13.492685233904528,52.59152176311145],[13.493844535594677,52.591979215527914],[13.494742686121814,52.592331380674956],[13.495569554854114,52.592656901479536],[13.49734757368909,52.59336165862631],[13.498625208665148,52.59386208488493],[13.500317477890365,52.59452944046022],[13.501155885027826,52.59486276399245],[13.50499571028879,52.596390782856794],[13.504421517633224,52.597536599401884],[13.50229394706269,52.600514882311145],[13.500318985224055,52.60327912670259],[13.499040120733408,52.6050688793792],[13.498018178160725,52.60510637962945],[13.496803945655907,52.6050355364096],[13.497124862046817,52.606697106623706],[13.497339252550098,52.60737788006318],[13.497555114797716,52.60804345918122],[13.497792420745695,52.60873082486261],[13.49824613881821,52.61001367293858],[13.498483209735625,52.61067182271545],[13.498835275754233,52.611336743088884],[13.499162807453715,52.61191303447806],[13.49949270054453,52.61244124485843],[13.499891664865627,52.613080161030545],[13.500226560343098,52.6136206870302],[13.500636256330093,52.614388377067534],[13.500952038311665,52.6150587290774],[13.501268676216808,52.61566450988167],[13.501644604677539,52.616315166750375],[13.501944636271691,52.61682854359023],[13.502778813366405,52.61816351055983],[13.503224693403688,52.618835653081106],[13.504615018965445,52.61959133298377],[13.505458268667113,52.61997476200203],[13.505509521333508,52.62071573899809],[13.505553660958086,52.6213632925444],[13.505599106712017,52.622010700645106],[13.505644226290272,52.62269460721662],[13.505681465050797,52.62323430962873],[13.505719062081905,52.623773926589806],[13.505762913343553,52.62441535333667],[13.505807062540294,52.625052836790935],[13.50585469924318,52.625751924173045],[13.506740112760665,52.626119691404966],[13.507681400442225,52.62651104642249],[13.508446294842384,52.626790161474545],[13.50929311358927,52.627087933485726],[13.510266918101884,52.627426721083715],[13.511219620230897,52.627732086303105],[13.512085072351052,52.62796773913272],[13.513170743154834,52.628250177801824],[13.514276513571497,52.62853724603458],[13.515245055915875,52.62880613975452],[13.516220660438112,52.62908762911461],[13.51722885337913,52.62938892938698],[13.51790026842203,52.629841566397495],[13.518114520200346,52.63054654385443],[13.518424017347266,52.631567641150355],[13.518694966022554,52.632179543539806],[13.519017120981335,52.632871626805105],[13.519338840144812,52.63356334398725],[13.519659817742907,52.63425499695549],[13.519919047512879,52.634771564337505],[13.520372519228285,52.63563775400297],[13.520589962388406,52.636164694615054],[13.520804299362302,52.63671114190825],[13.520998176736919,52.637297791777144],[13.521254275408735,52.637842008289965],[13.521718849166124,52.638660266012906],[13.521936397195685,52.63929897825059],[13.522119383096397,52.639827616466114],[13.522355734307101,52.64051435721648],[13.522501377317635,52.6412224790366],[13.522586304220846,52.64183072028245],[13.522714805631859,52.642545541780805],[13.52281383130146,52.64312679742312],[13.522894426884765,52.64370764332116],[13.52295694966337,52.64427482260306],[13.523021983682014,52.64503466905333],[13.521846291035162,52.64494296469922],[13.520391170099726,52.64487697026369],[13.519940566566481,52.64549860029333],[13.519652833605715,52.646223355845564],[13.519274754795541,52.64692942261951],[13.517857339410671,52.64670386008284],[13.51681158462551,52.64647771016479],[13.515856847307765,52.64626432518926],[13.514924967865783,52.646038829708544],[13.514008013187764,52.64576011787798],[13.512974860468894,52.6454443280764],[13.511933935147233,52.645828156034185],[13.510933198555392,52.64636205943361],[13.510218599472019,52.64674112647686],[13.50936312445832,52.64719384045366],[13.50839702148133,52.64770159065254],[13.50772692407212,52.648061783000685],[13.50679272512319,52.64854920734497],[13.505782967193152,52.649044842086944],[13.504722841987192,52.64956370315002],[13.50314302936833,52.64997083432509],[13.501809654559294,52.6504902539225],[13.500450351728988,52.65101300770931],[13.499388377065292,52.65142934818642],[13.49802857058088,52.65196292888533],[13.495385451458219,52.65299998808478],[13.494395675462709,52.65338830463901],[13.493482641670804,52.653746507667016],[13.49173260225754,52.6544214601081],[13.490946797174429,52.654724504469264],[13.489603704332533,52.65578757012451],[13.489028360414569,52.65628076920412],[13.488305947787108,52.65690001006398],[13.48690428774689,52.658101421510686],[13.485359316853266,52.659425587913496],[13.485611403301714,52.66036027235285],[13.485819500310418,52.6611318047929],[13.485998637930622,52.66179591359365],[13.486198450335625,52.66253669871928],[13.486442719560996,52.66344226765876],[13.486910155579668,52.665175049213424],[13.487286798559499,52.66657118788861],[13.487502556628376,52.667370901241625],[13.487691431082196,52.66807095901885],[13.487925271169628,52.66893763151711],[13.488424199077786,52.67078667967139],[13.486375284591071,52.67005979631523],[13.485218702077994,52.669640289702556],[13.483787476401842,52.66930225666344],[13.48081788192044,52.66839600366466],[13.479934763354112,52.66810964219198],[13.477974564122572,52.66767808971964],[13.476970269061754,52.66711997669139],[13.475859884434621,52.666561218736184],[13.475547373973425,52.66718449430723],[13.475421780408782,52.66776887035646],[13.474585504017988,52.66806371371211],[13.475302591191713,52.66952048399047],[13.475950475273766,52.67054768838426],[13.47629902852037,52.67111047940315],[13.476910094620862,52.67179172538049],[13.478237343289038,52.673071610441],[13.479847586820068,52.67472448682274],[13.479487807820433,52.67550765972353],[13.477273246383964,52.6739007800604],[13.476618288410837,52.67428884634615],[13.475869690709155,52.67477759713765],[13.474147265192169,52.67392166477567],[13.473555388961314,52.6734438702599],[13.471844057597213,52.67198588056813],[13.47071450797365,52.67102347479544],[13.469938212520097,52.67056997512861],[13.468038626255995,52.668935085525156],[13.465971273080568,52.66715565043963],[13.463812030654005,52.6677348263984],[13.462965523241236,52.667981408736665],[13.460857865189789,52.66859531134261],[13.459861079252523,52.66888562885531],[13.455743007297826,52.66593760978448],[13.454500017650153,52.66515676392021],[13.4517912186871,52.66334861393734],[13.450949138731826,52.662778416223375],[13.452857315037292,52.662131346115665],[13.453945110026147,52.66184985454982],[13.45491667326145,52.66137278891468],[13.456155142783006,52.66073757449415],[13.45748968463177,52.66005708851717],[13.4584607507871,52.65954819614315],[13.45961225359242,52.658955312014356],[13.46049657867078,52.65850370668894],[13.461414655838757,52.658034839201314],[13.46238310369884,52.65754023032615],[13.46451044251502,52.65734746199552],[13.471178464625776,52.656742958318254],[13.473512918109947,52.65653123086525],[13.474125770285728,52.65594471637155],[13.474188108209374,52.655364201348505],[13.474062004895336,52.654812421622765],[13.473906539106078,52.65411854158119],[13.472963469509747,52.65369490016797],[13.472176465387948,52.65341113757018],[13.47156722376939,52.65299119561049],[13.470798635898376,52.65251287554298],[13.47015997783066,52.65204148770287],[13.469267385313918,52.65166524719985],[13.468311654192787,52.65165822727471],[13.467331165253523,52.65166545347332],[13.466452247107958,52.65141728069218],[13.465516562106561,52.65103509535253],[13.464732956327765,52.650688265120756],[13.463868892480033,52.65037703303822],[13.46305696796755,52.64992410139245],[13.462542486031156,52.64922266100786],[13.461822915873762,52.64882356927857],[13.460794462423655,52.648600906370326],[13.459939767192425,52.648219782312594],[13.458384553934456,52.64821862580911],[13.45645462741354,52.648415005049515],[13.453998328608096,52.648552527549015],[13.452876179913673,52.64863863066938],[13.452092121461137,52.64897787206843],[13.452097803177166,52.64967166958727],[13.451188082032878,52.64981256192624],[13.449985382682815,52.64991759841252],[13.449031197474357,52.649981614327416],[13.448112371217036,52.650030576536615],[13.447073850021859,52.64994588749917],[13.446099348277334,52.64971679106063],[13.44517011159244,52.64952881126223],[13.44399011889214,52.6495224636599],[13.442893829745305,52.64936000859396],[13.441609849682958,52.649023017001596],[13.439790461216099,52.64526691821036],[13.438821061971684,52.64515249742243],[13.437786804840902,52.64498588469455],[13.436905705226025,52.64483955310958],[13.436039315077226,52.644717765334256],[13.43482607859833,52.644444757575954],[13.43390499131791,52.644077383502335],[13.433772398545585,52.6434334857268],[13.433634960043094,52.64281940925955],[13.433479874001861,52.64212353412904],[13.433389852688226,52.641474453418034],[13.433548275341183,52.64082356006463],[13.43390302361351,52.6393655629436],[13.43404888752831,52.63881260207051],[13.434208609282113,52.63816656192532],[13.43272251482249,52.63737783173772],[13.431449969485389,52.63741141893925],[13.430177253559089,52.6374451700343],[13.428903520933053,52.63747836351737],[13.427630518808732,52.63751173282484],[13.426937948817436,52.63709912685816],[13.425496859624344,52.63624078271704],[13.424378950899012,52.63557487169459],[13.421714749924812,52.63691220564001],[13.421016020974765,52.63728509673014],[13.420128028963,52.63772668557764],[13.419171328736265,52.638190736272],[13.417971386274937,52.638752265049874],[13.417011495474334,52.63920149283701],[13.416299719830034,52.639640876418724],[13.415687729187848,52.64013119298362],[13.415078266536653,52.64062805863485],[13.414428994995552,52.641116943942585],[13.414654926080933,52.641671872838494],[13.414736398598404,52.642384977866094],[13.413629492239412,52.64246571600847],[13.412684287308151,52.64318222489527],[13.409174323998924,52.642918824071145],[13.408050974322938,52.64271581572473],[13.407159586022157,52.64333569581068],[13.406590405053658,52.643846024761956],[13.404747980401453,52.64455318736463],[13.403892949534647,52.644862367048724],[13.401063931546286,52.64638066845878],[13.400354532241312,52.64676955943007],[13.399309878299377,52.64736643476966],[13.397905863583972,52.64811458684619],[13.397003810238388,52.64795206655562],[13.396388676527785,52.64742385261271],[13.395243113271208,52.6474387844424],[13.394339233048754,52.64716617937828],[13.393909099165228,52.64669228292976],[13.393559164429021,52.646174868475846],[13.393112160348213,52.64567617706276],[13.392811418029156,52.64514755044855],[13.392091449695704,52.64482096872177],[13.391983482815963,52.64427915005832],[13.392295275218812,52.643740789619585],[13.391501517851838,52.64349678215034],[13.391065492113444,52.64295767359522],[13.390806967819561,52.64241034726785],[13.390315951961396,52.64195164971948],[13.39029296056889,52.64140002377128],[13.390115198558407,52.640839398605905],[13.390312162288417,52.64029826882121],[13.390244128666536,52.639737633168515],[13.389623648614716,52.63934777870304],[13.389469347373359,52.63881278063412],[13.389353709529356,52.638249689895034],[13.389133042855942,52.63772595362783],[13.388353647113043,52.637441228713755],[13.38753032650643,52.637199434744645],[13.38665484348704,52.63700188818732],[13.385881901325323,52.63664219647344],[13.385161231578985,52.63629526003772],[13.38427112434435,52.63638184326293],[13.383405541437433,52.6365507157588],[13.382493935676852,52.6364586752669],[13.381934748305085,52.6359519972559],[13.382857007637387,52.63522395435989],[13.381584867879834,52.63486663401963],[13.380707730130005,52.63456179456805],[13.380003589932784,52.63422225389422],[13.378709127786557,52.634352552954475],[13.378040851609914,52.63376785902005],[13.377726115430624,52.633211092144876],[13.376793423567463,52.63291599982863],[13.376829991008844,52.63231295725655],[13.376416281885277,52.63183461597456],[13.37623733154333,52.631273133448104],[13.376451690669777,52.630621567171616],[13.376802058494597,52.63002592684447],[13.37699488792616,52.62941350777144],[13.3766789496112,52.62889477967028],[13.376377978646197,52.628378260781],[13.375465031019955,52.628677639328544],[13.374779977308826,52.62797018499868],[13.373967207234429,52.62767932214818],[13.372976807442795,52.62744526422962],[13.372115378376135,52.627301171722564],[13.371191718483555,52.62720368941783],[13.37029179497964,52.62699716950543],[13.369831206217352,52.626515237054335],[13.369134536835933,52.62603290260253],[13.368529863246053,52.62557898377653],[13.367657284855607,52.62600581057627],[13.366952501139307,52.6255783759088],[13.367303826429639,52.625022479986676],[13.367795124114934,52.62424919545716],[13.368482734223466,52.62341127983883],[13.36936507159822,52.622423806305825],[13.369779506712623,52.62192928107424],[13.370381498952922,52.62120125043108],[13.371046850854276,52.620366511316156],[13.371554259137183,52.619695237534586],[13.371912845820422,52.61917246066058],[13.372450047638553,52.618377067779385],[13.372983919200573,52.617537894680716],[13.373696285718687,52.61649474673841],[13.374212853568464,52.615757710623],[13.375227805122712,52.61422598389195],[13.375716955769203,52.61323896691891],[13.376046033012381,52.61201482810518],[13.376284247905591,52.6111286358228],[13.376353890117004,52.60932251363962],[13.376211765861758,52.60773845069893],[13.375777451898749,52.60707289911295],[13.375443137214955,52.60652734453937],[13.375058588622995,52.60593791601005],[13.374265730234226,52.60476664972658],[13.373770030259239,52.6040483604518],[13.373301686432578,52.60336657946396],[13.372808037569483,52.60266709616507],[13.372366684178143,52.60203638219382],[13.371909731625799,52.601373102409774],[13.371183837808482,52.6003045752838],[13.370571926116343,52.5994791997084],[13.369973393988355,52.598935575829465],[13.369382455204843,52.59845864065758],[13.368637697422317,52.597839926311565],[13.368103505492188,52.59738036364811],[13.367141554077106,52.59666248747115],[13.366202691108606,52.595886426322096],[13.365644528099097,52.59542203489023],[13.365030731093666,52.59489929419152],[13.364356804577882,52.59433516119791],[13.363649604009657,52.59375234862338],[13.362996121484395,52.593220156431634],[13.361588769531188,52.59204923093615],[13.360931719636053,52.591505963564806],[13.360070190441583,52.5911768317767],[13.359129218754846,52.59109345910453],[13.358014450764152,52.59102644224768],[13.35620966762008,52.5909179376872],[13.35521502348944,52.59088044311707],[13.354149107651727,52.59090903155676],[13.352155773339819,52.59081846054374],[13.350800913616897,52.59068694908988],[13.34864068063019,52.59032042401419],[13.347622756431125,52.590097802131524],[13.348652634008163,52.58947011116583],[13.34991952456657,52.58923928791046],[13.350170286729597,52.58869806065671],[13.351386104528943,52.5880238278736],[13.352234495066616,52.58758781224804],[13.35314762886417,52.586993145313784],[13.353878254877433,52.58659497761472],[13.355151350252482,52.58587459670467],[13.356111154698539,52.58533837682617],[13.356950295004088,52.584873113379544],[13.357818719103898,52.5843861053115],[13.358813522569294,52.584171679495576],[13.359980457501946,52.58335510914686],[13.360702387110681,52.5829576424802],[13.362015071228639,52.58223330412934],[13.362950394577284,52.58171625520563],[13.363639464060624,52.58135033351845],[13.364704171133232,52.58101746891411],[13.365282228868296,52.58060730605351],[13.366289924611552,52.58003214125395],[13.367380529112747,52.5794330802657],[13.368183669926,52.5789996902551],[13.369145964742275,52.5783895389433],[13.370161427879502,52.57783934469516],[13.371180110301948,52.577289599709],[13.372270918539341,52.57681243320119],[13.37363356535591,52.5763089703027],[13.374722765032919,52.57584876133518],[13.37581878183533,52.57521746494052],[13.37645723543998,52.57479859117227],[13.37731558927491,52.57417126843429],[13.378078368062264,52.57366619379284],[13.378916840278816,52.573454583648896],[13.379355198327982,52.572823778352166],[13.380183516038665,52.57242302912639],[13.381163666544992,52.57223140456332],[13.382149562022517,52.57203861866516],[13.38308223084878,52.57233288719926],[13.383805452327916,52.571933302783556],[13.384691177051963,52.57144857465103],[13.38554941465672,52.57097283375888],[13.386218169708018,52.57060779969961],[13.386915383114271,52.5702225332757],[13.387793198426204,52.5697391309579],[13.387774784535807,52.569146938831736],[13.388937751296902,52.56844900142917],[13.388464670901524,52.567758373199354],[13.389053445856074,52.56732546728043],[13.390391330611662,52.566157499028655],[13.391031557197545,52.56562425990948],[13.39286131460457,52.56476190854107],[13.393529948218013,52.56423198178781],[13.394202143219385,52.56366469699359],[13.394765022299204,52.563096654403374],[13.395206763817518,52.562610934107205],[13.395905160332646,52.56182160220538],[13.396216279374903,52.56128980035077],[13.396536404628174,52.56043277076693],[13.396686730423914,52.55983744379065],[13.396958263137321,52.55881268371513],[13.39709761751374,52.55826790790385],[13.397152274707528,52.557381630025034],[13.397175528672248,52.5567918462636],[13.397308498184534,52.55565581496404],[13.397496930038784,52.554968529934435],[13.397644732730154,52.55441198149819],[13.397830577745035,52.553762198369895],[13.397981615034722,52.5532279729952],[13.398063473974458,52.552600077750014],[13.397896037078096,52.55197830292032],[13.397629799057947,52.551417956650255],[13.39708257315473,52.550891935785685],[13.398098484883738,52.55081719940892],[13.399138180041165,52.54953781644508],[13.399287479140584,52.548945519625775],[13.399537021969802,52.54838160513743],[13.399864775212654,52.54764079699593],[13.400296530541395,52.54666456086213],[13.399372015554617,52.546560029684485],[13.399488206836772,52.54588177095434],[13.399815645997768,52.545059481760106],[13.399987968674619,52.544403964399784],[13.400128611184183,52.543842864955096],[13.400297343025358,52.54326757949442],[13.400905798579071,52.5419602963257],[13.40146205671651,52.541052873700615],[13.401781202916302,52.540531522772206],[13.402724516300234,52.54032084804764],[13.403668003251552,52.540253080713285],[13.404704551635373,52.54018771114882],[13.404980740664874,52.539608634697785],[13.40535548888463,52.53884019470523],[13.40581402523412,52.53778432381241],[13.406156144781043,52.537258820122055],[13.406466425090825,52.53665219217376],[13.40674816432812,52.53610139114868],[13.407051803066695,52.53546922759187],[13.407345698356677,52.534941857554934],[13.40811594265191,52.534440153943386],[13.407805612562079,52.533787122853845],[13.407350566229235,52.533316216983216],[13.40679941578891,52.532737372755854],[13.406367552882289,52.53208527278845],[13.406212196238736,52.53154229731735],[13.406051799091035,52.53097169612595],[13.405928370820831,52.53038061650703],[13.4055948244424,52.52968396524206],[13.406478251276383,52.5295144339608],[13.407414681404836,52.5293588622304],[13.408394456149773,52.52917981503588],[13.409227025894863,52.52898959222762],[13.410091775562645,52.52881066611173],[13.411069416078595,52.52865905382522],[13.41193671187189,52.52844511937133],[13.412802060765053,52.52820317236001],[13.414183888623628,52.52781509578579],[13.415144176537657,52.52754416708635],[13.415954496639129,52.527185224010836],[13.416685168014075,52.52687590128608],[13.417963389822713,52.52630691550969],[13.419488769185614,52.525657196087586],[13.42148400074194,52.526600167046155],[13.422558090267563,52.527254543204776],[13.423552616005498,52.527860439787794],[13.424454902815453,52.52789904252574],[13.42528693065415,52.528125560051066],[13.431185497545,52.52881457351336],[13.43596121639175,52.52937090873386],[13.437105848513784,52.52950424482713],[13.438290437114512,52.5288186741369],[13.43913202711834,52.52902244572799],[13.440264350506636,52.52974403258952],[13.441041699172374,52.53023889076516],[13.442277413439106,52.531025593025575],[13.443015062075617,52.5303434242653],[13.446056725728305,52.527530269262165],[13.446540527284476,52.527007563330415],[13.447168281855445,52.526408396824635],[13.44861090988031,52.52683880939584],[13.449507330280584,52.52710627989296],[13.450487119844821,52.52739905693007],[13.451418753903049,52.52762707180637]]],[[[13.433623858372542,52.642131974296625],[13.433994632703849,52.64216317426273],[13.434045162620569,52.64216742953997],[13.43392548543994,52.64198167881784],[13.433792993611583,52.6419465442458],[13.433585039159832,52.64189140509704],[13.433623858372542,52.642131974296625]]]]}},{"type":"Feature","properties":{"id":"08","name":"Neukölln","authority":"Bezirksamt Neukölln von Berlin","source":"Geoportal Berlin (ALKIS), via ODIS Berlin","license":"dl-de/by-2-0"},"geometry":{"type":"MultiPolygon","coordinates":[[[[13.458320351792578,52.48568825036791],[13.457558495314302,52.485383529222545],[13.456798897218645,52.48480841757124],[13.456242429304906,52.48438707367504],[13.455134439140329,52.48473271864591],[13.454303437321638,52.48515917917157],[13.453498821206884,52.4855719258457],[13.452728833285276,52.48596988918413],[13.452000874680069,52.48634618964671],[13.451248436864871,52.48673515726568],[13.45044463549265,52.487149053877815],[13.449415658289633,52.487622184913704],[13.448727131750243,52.488027340083974],[13.447592683132951,52.488529848662914],[13.446763497374807,52.48895538145174],[13.445233864210905,52.48796748944512],[13.444444275465612,52.48745753865312],[13.443112999910046,52.48813864003498],[13.442417506507208,52.4884948096472],[13.44156244149235,52.48893269683871],[13.440828475032186,52.48930899383855],[13.440022184420329,52.48972083635191],[13.438271025197382,52.49037578347339],[13.437212535725068,52.49071117991399],[13.435481755227006,52.491261519404766],[13.43366149632814,52.491840310597105],[13.431568347995329,52.492505070331006],[13.430401386979002,52.492876802521764],[13.429514796836402,52.49316756769564],[13.428458056593001,52.493511253298266],[13.425753535797522,52.49439105407028],[13.424935160806381,52.49465710428741],[13.422855722294816,52.495333015461824],[13.421947391474106,52.49559169599126],[13.420969696011678,52.49578950025561],[13.42097845659323,52.495172496412664],[13.421346795916913,52.49458388395876],[13.42169561783426,52.49404063071731],[13.422080517440618,52.49342957938799],[13.42239958446153,52.49291995843563],[13.422777966924853,52.49231429349465],[13.423109323089095,52.49178268044181],[13.423483998407162,52.491180856964],[13.423829423675695,52.490628507132946],[13.42419752867588,52.49004016139695],[13.424578554530981,52.48942424010169],[13.424866520575096,52.488907014416704],[13.425286867368609,52.488285320636116],[13.424938348739756,52.487784264886336],[13.42403463458632,52.486693693725805],[13.423048583440034,52.48654376249894],[13.421297512714387,52.48705404555737],[13.420360582958299,52.48723125000797],[13.41851371396322,52.48747271879425],[13.417569366478707,52.48759668267046],[13.416677145974848,52.48771345155114],[13.415755017230723,52.487834030009665],[13.413743422751123,52.48809616365758],[13.412645690453575,52.48823940330472],[13.411565495969395,52.48838051262428],[13.410622866114874,52.488503527196926],[13.409679046604495,52.48862670710226],[13.40861400428737,52.48876575447288],[13.40771988030934,52.48875160983548],[13.408253586699047,52.4877329793225],[13.40850369813099,52.487196761302584],[13.408003146486307,52.48665330180192],[13.407459878393981,52.48614986884085],[13.406978146688179,52.48566298744671],[13.406748392972082,52.48512623478809],[13.406652373366846,52.48448549363153],[13.406419736969275,52.48293434190375],[13.406277033673657,52.48197645699524],[13.40615242578015,52.48122863227223],[13.40623962432144,52.48015741861182],[13.40680215621767,52.47886223759215],[13.406622925219452,52.47823356485415],[13.410769527551588,52.47773624383628],[13.41318690817837,52.47861326087941],[13.414040790558477,52.476684133933446],[13.414672078147305,52.474371342479785],[13.414820063116965,52.4738291384914],[13.415420069454543,52.47163063192004],[13.4155958749886,52.470986408662846],[13.415780402142472,52.470310311517686],[13.416039332412266,52.469151595992585],[13.416557899117159,52.46683298545748],[13.41670524180579,52.46617272563652],[13.416834321357888,52.465596683765526],[13.417899195594627,52.46548943635534],[13.418999983621903,52.465592116716905],[13.420044464705315,52.465693656987895],[13.420953888477008,52.46578229885203],[13.421620546207677,52.46530066901238],[13.421648104777482,52.46466818764188],[13.42168582460869,52.463952853737155],[13.421899713266457,52.46286719744691],[13.422099868520188,52.46223112951252],[13.422030817741735,52.46160751876558],[13.423009211570104,52.46131849417479],[13.423165315816952,52.46067999382237],[13.421425126264666,52.46065541219988],[13.42079098314053,52.459656707911826],[13.421526968558997,52.459032973458655],[13.422641350033246,52.45862672450138],[13.423882717694376,52.45817557454191],[13.424704625896442,52.457854716930285],[13.426569666696135,52.45669987344581],[13.425658367960597,52.45662499617133],[13.424261960238216,52.456605004563876],[13.422826588256042,52.45664737878227],[13.421392563291358,52.45671167395512],[13.420773529662029,52.4563036811872],[13.420430598816218,52.45580486743833],[13.419873915183373,52.45499527719991],[13.419319334292721,52.454243830963414],[13.418852933582468,52.45370256007071],[13.418362085682269,52.45307541852365],[13.417682665071558,52.452201705100784],[13.416545078250646,52.451698771293636],[13.416078262100424,52.450825431235224],[13.415945935897422,52.450168815349286],[13.415731671236372,52.449266713010026],[13.415104773612914,52.448475039266164],[13.414767480808772,52.44701122673481],[13.414168855361307,52.446190030892026],[13.413844440853449,52.44560432939565],[13.413571404347836,52.44495059678533],[13.413250729449071,52.44417204725194],[13.413010495358028,52.44358127782262],[13.412795249006845,52.44305319694885],[13.412532459465204,52.44241322965714],[13.412299379737112,52.44183433299182],[13.412093319037787,52.44129512599216],[13.411764399400784,52.440440431651524],[13.411542949520037,52.43986435080309],[13.411332392178261,52.43931649523289],[13.410974526292632,52.43843254767894],[13.410751960798935,52.43790723220755],[13.410527397064758,52.437311272701784],[13.410420099973498,52.436701963917656],[13.410380835387611,52.43616242406132],[13.4100704559361,52.435618069898226],[13.409709302320447,52.435027527567456],[13.409328597333442,52.43446300221025],[13.409069524646737,52.43392719367638],[13.408911251211807,52.43331346576302],[13.40860566920138,52.432729673595794],[13.408245486592671,52.432225616563436],[13.407675132630084,52.431334840330656],[13.407306146664348,52.430790372133096],[13.406919257189703,52.43021684469136],[13.40670329273003,52.42953336444253],[13.406571519205956,52.42880528921063],[13.406427779835774,52.4281770344901],[13.406238446384213,52.427527215408475],[13.406029587741786,52.42698618687125],[13.40576304071837,52.42646086984668],[13.405409265304092,52.425890363757574],[13.405002256890757,52.42532433525191],[13.404569669221207,52.42475907495653],[13.404160373615412,52.424241475035075],[13.40380198615241,52.42374716483342],[13.403400768299072,52.42320595237051],[13.402868447700701,52.42251746272086],[13.403997929725048,52.421967448337696],[13.405468149342852,52.4217637841377],[13.404935738696619,52.42032771089236],[13.404315663185715,52.41987218331134],[13.402955370769877,52.41951589803154],[13.402011522374833,52.41926858984743],[13.400121491825516,52.41877349649124],[13.399497171455314,52.41801930546172],[13.400009331864958,52.41711425058135],[13.40031545908081,52.41657276163694],[13.40063359967791,52.4160111592392],[13.40095068958876,52.415449919398554],[13.401312108429853,52.41481255615972],[13.401613898828765,52.41428112029953],[13.402008068766062,52.41358612348616],[13.402302140781563,52.41306760979367],[13.403152313223833,52.41280779640462],[13.404156329936603,52.412958596811755],[13.405049194880368,52.41309264888662],[13.406004780140456,52.41323516448795],[13.406916185968294,52.41333526781085],[13.408037689475794,52.41342173975206],[13.408931647984648,52.41342508986469],[13.40994925232198,52.413391200457596],[13.410871046020086,52.41326608428492],[13.411847752510784,52.41302638647908],[13.41290439823231,52.41269723047445],[13.413803115172737,52.412443000675495],[13.414892268887103,52.412067967509955],[13.415804991499407,52.41170779620526],[13.416602413287722,52.41139602866074],[13.417401250832086,52.41108875235484],[13.418161365327164,52.410798296550496],[13.419120007838359,52.41059976475457],[13.420809901767187,52.410364925615404],[13.421778443771752,52.41053259928365],[13.423119004468946,52.410842074225314],[13.424695577561643,52.41125440061284],[13.425564636088954,52.41142473631233],[13.427771762945556,52.411857133522474],[13.429198539041732,52.412097860065664],[13.430332678245964,52.412285052515486],[13.431932071811975,52.41251497366893],[13.433366725318104,52.41294868693214],[13.434215490563034,52.413205202817466],[13.435357014627067,52.413564814482015],[13.43662539398277,52.413888230883764],[13.438402734743555,52.41435334254247],[13.439599030142878,52.41459941246087],[13.440612324722581,52.414821459533556],[13.441566714531254,52.41507296762342],[13.442518311779551,52.415363551725726],[13.443800190436107,52.41575376480767],[13.445660885526662,52.41628433026879],[13.44705551210068,52.41668510711514],[13.447821576258132,52.41711296030563],[13.448591616766192,52.41739486214524],[13.449398937661579,52.41766270919175],[13.450409896549639,52.41798786835688],[13.451369121929943,52.41829582434062],[13.452509944508417,52.418689839371595],[13.454685387604728,52.41945428463642],[13.456326059857165,52.41986393915636],[13.457223411953706,52.420093490523584],[13.458182846501398,52.420309998339675],[13.459460210740769,52.42056982508123],[13.46079951707403,52.420738042435325],[13.462073189547102,52.42089133759929],[13.463356991634843,52.421055962601876],[13.464457306893362,52.42086652012527],[13.465348090174555,52.42065645530662],[13.466319632839927,52.42042852316577],[13.467149489040734,52.420231941343104],[13.46801799981044,52.42003280664772],[13.468263040340164,52.41949959759578],[13.468487015538715,52.41897193239248],[13.468781108552662,52.41827468501712],[13.469193154665025,52.41747856027538],[13.469467979626998,52.416947280811456],[13.469819031284699,52.41630672006004],[13.470127735078183,52.41574824778919],[13.470457155214813,52.41515178544492],[13.47078628055421,52.41450833065922],[13.471127163171255,52.41386731074985],[13.47151048093562,52.4132259843753],[13.471905194911413,52.41256643516273],[13.472331466340966,52.41191321761233],[13.472694321122122,52.41135758725057],[13.473006907297325,52.410851054435085],[13.47331921489643,52.41029149641715],[13.473661352252368,52.40964445228138],[13.474005268961365,52.408993267211436],[13.474300719265585,52.40845876306208],[13.474727683719474,52.40783438038709],[13.475110182598282,52.40727679322549],[13.47553859943121,52.406652678111726],[13.4759021445229,52.40609076196684],[13.476300950068175,52.40526898751887],[13.47664091024058,52.4046762940663],[13.4769391988603,52.4041105126724],[13.477471301205215,52.40356829617603],[13.477608025391778,52.40271787604567],[13.478126205937533,52.40159106150141],[13.478469857956396,52.40098605640967],[13.478776587335304,52.40041703424492],[13.478981998816257,52.39984682441662],[13.479054082659172,52.399199328014525],[13.479172650249831,52.39857893554256],[13.479352921685381,52.3977823278963],[13.479555243112983,52.39689522884361],[13.479762012406383,52.395946039691964],[13.481284806499163,52.39636230603513],[13.483549135057517,52.39693760961474],[13.485637573514241,52.39726633550396],[13.486743384059418,52.39745106930761],[13.487759324513881,52.3975261377672],[13.488768643728013,52.397606669344036],[13.490055992091692,52.39771547001705],[13.491124880116937,52.39787261863731],[13.492073504743367,52.39806404403246],[13.49431176104741,52.3984446437804],[13.495897231759555,52.3986521153195],[13.497434999728426,52.39880046278321],[13.499167074195267,52.399076800732836],[13.500694145008667,52.3993263717834],[13.502268581309696,52.39950814565521],[13.503191815914255,52.39961092965582],[13.504896555635097,52.39980645642564],[13.506080159569702,52.399955614342],[13.506976901276753,52.40008824399844],[13.508168539129827,52.40026459961587],[13.509121961506157,52.400407180148214],[13.510098851310204,52.40056892111666],[13.511690129960325,52.400806921823786],[13.513025464592666,52.40104662662642],[13.513880854191907,52.40122169692275],[13.514879529168097,52.40149476625286],[13.515856820837419,52.40175009784485],[13.51617146053965,52.40230801731272],[13.516925441090738,52.40280308058201],[13.516651705101957,52.40333394238974],[13.517547118179124,52.40386300935833],[13.518362767063362,52.404390916769565],[13.519330755634675,52.40494016550162],[13.519813024154853,52.40566008101021],[13.520622014054794,52.40623280852272],[13.52166644321743,52.40729255571457],[13.52224267178959,52.408322219132536],[13.522613387217307,52.40927451423448],[13.523013450924179,52.410309946630214],[13.523083889339468,52.41091643062517],[13.52332739677979,52.41149390443115],[13.52301358320554,52.41213531943913],[13.52325490206386,52.41269396554399],[13.523787214803797,52.41334404317034],[13.523187046079297,52.41393460717874],[13.522514296299576,52.41434659719885],[13.522610623869445,52.41493998095934],[13.52296083247295,52.41545037532315],[13.522498771789227,52.41625472500257],[13.522222496013795,52.41692209651726],[13.522133388344411,52.41787056679027],[13.522123236221539,52.41843186097991],[13.52159108583639,52.41889815625106],[13.520845381461033,52.41954336129734],[13.520648186500624,52.42019022973076],[13.520503618012148,52.4208362369044],[13.5199129521575,52.42134722430319],[13.518908839600158,52.42201986841414],[13.518548392513818,52.422570146820235],[13.518788262909313,52.42342509291541],[13.519147858892751,52.423952671452994],[13.519606468708872,52.42463049773756],[13.519872524051483,52.425180630011354],[13.520214975233987,52.42569965565294],[13.520456956500531,52.42624221135176],[13.519995682885423,52.42671701079385],[13.518596523391233,52.42681262253268],[13.517378966809941,52.42688168779551],[13.516219314940123,52.42695986491162],[13.515240718317486,52.427059419559306],[13.514091612577229,52.42720948404683],[13.513103428125344,52.42736985106403],[13.512115466940315,52.42756049461373],[13.511125209862573,52.4277806007618],[13.510145564450173,52.428046003560745],[13.509329446302628,52.428288464958726],[13.508257916419419,52.428649024127765],[13.507393328302548,52.42897499922561],[13.50642235216295,52.42938712535353],[13.505202415020577,52.42996723253071],[13.50438728399334,52.43036288057855],[13.503565353386074,52.4307621143494],[13.50255849643347,52.43125110516384],[13.501763184132692,52.43163696122258],[13.500882755512603,52.43206460229941],[13.500071517434689,52.432458966504285],[13.499265855369991,52.4328502760601],[13.498536002961023,52.433205445674815],[13.497730198399882,52.433483788049735],[13.497087603481107,52.43390932474391],[13.496228435628428,52.43432724857798],[13.495076972142806,52.43488610386175],[13.494253741367636,52.43517177143047],[13.493516015802948,52.43552986703252],[13.492611579512829,52.43596919821821],[13.491904146981435,52.43631221436338],[13.490801176460058,52.43684800030493],[13.489903004642079,52.437284522756336],[13.48920144499922,52.437716951310726],[13.487143983332102,52.43874064212259],[13.485834406072307,52.43937641676703],[13.484809931215274,52.43987377150353],[13.483935722666644,52.44018599354022],[13.483011052890578,52.44063780481897],[13.482112579014611,52.44107687216031],[13.47913910371549,52.4425306557371],[13.478403251169945,52.44286861385879],[13.476897439025532,52.44372697397331],[13.47611906058493,52.44399571425629],[13.475055336616833,52.44450865438897],[13.473378756416118,52.445316908153245],[13.472471266488334,52.44575751278473],[13.47018212694051,52.44686875513519],[13.468106815332694,52.44787652096909],[13.466757041244243,52.448531013225136],[13.465980248430597,52.448910361306396],[13.465164504146209,52.449357863787135],[13.46434833539232,52.44987842583009],[13.463762068043842,52.45031194130064],[13.46328605611688,52.45080212800796],[13.462749488632557,52.45123489971782],[13.46230096459186,52.451838179182616],[13.461783465186612,52.45255549296463],[13.460734918230546,52.45389815631245],[13.460359225215678,52.45448607554135],[13.459014243793122,52.456471566444314],[13.457545217067114,52.45827865938727],[13.457230803395412,52.45878370579971],[13.458323284210048,52.45920781121905],[13.45957932804858,52.45917868326297],[13.460655146393135,52.459150540950866],[13.468887524046051,52.458934898117136],[13.471720355805571,52.45885974448392],[13.47337911202319,52.45880942847046],[13.47496972210386,52.45876447725032],[13.474979938761388,52.45947272789303],[13.475234390351462,52.45999019015118],[13.475797990018275,52.46091315963852],[13.477151214301234,52.46195678745723],[13.477592533768942,52.46257102943727],[13.478042662755714,52.46323450119212],[13.47854931573127,52.46398125417278],[13.478488681336737,52.46486446630366],[13.477859324815173,52.46568918319866],[13.477006471394766,52.46650416782855],[13.476351164399025,52.46713034366962],[13.475599390839784,52.467651866448534],[13.475065898741372,52.46810303878209],[13.474356852193289,52.468786143493666],[13.473677356453683,52.46944383898628],[13.473085886061646,52.47001462657199],[13.472410569917832,52.4706534066704],[13.471822030506093,52.471220233821306],[13.470978151106491,52.47203286376869],[13.47012875464772,52.47292851175491],[13.469694535371035,52.473507574150794],[13.469978542156708,52.47483688965845],[13.47029077761557,52.47572598057905],[13.470478303707491,52.476463586084236],[13.470047083185076,52.47727746274541],[13.46813251857123,52.478627846935595],[13.466956185783221,52.47945527541971],[13.465979912679227,52.480143219357906],[13.46515929225813,52.48071994176652],[13.464111396285494,52.48145639187643],[13.463278763020565,52.482044678722296],[13.46236923098245,52.48268371270423],[13.461736389399347,52.483130360209486],[13.461181082043213,52.483701226396704],[13.460561063425736,52.484135842623644],[13.4599718737601,52.48455100475119],[13.45911692494682,52.48513230072806],[13.458320351792578,52.48568825036791]]]]}},{"type":"Feature","properties":{"id":"11","name":"Lichtenberg","authority":"Bezirksamt Lichtenberg von Berlin","source":"Geoportal Berlin (ALKIS), via ODIS Berlin","license":"dl-de/by-2-0"},"geometry":{"type":"MultiPolygon","coordinates":[[[[13.523162247657693,52.47424189958311],[13.523885831409853,52.4736903878647],[13.525544488157571,52.47235570033294],[13.526084726559453,52.47189838104431],[13.526952484908318,52.47113273735547],[13.527529307048884,52.47062386318731],[13.528235477222331,52.47004365181331],[13.529078156264104,52.46934177745051],[13.530729652750793,52.46797276304468],[13.531390878136115,52.46840312959018],[13.532316886262606,52.469082807951516],[13.533026586343528,52.46964224795157],[13.53409209941254,52.47048090364389],[13.534915091800006,52.471139189361615],[13.535634848232602,52.47169925023879],[13.536384459381866,52.4722826030412],[13.53738960594716,52.47305936030772],[13.538458410373106,52.47388494316955],[13.539035403784942,52.47433344763725],[13.53983090085685,52.474964673163065],[13.542067617542239,52.47398795275199],[13.543012284858294,52.47389104458903],[13.544714830143587,52.47370949105754],[13.545592136399776,52.473618036227684],[13.54732948273808,52.473435542393496],[13.548391427343645,52.473320323409105],[13.54801505399646,52.473839473110274],[13.54918804318812,52.47386418789163],[13.55021849046463,52.47371966915723],[13.55153233873488,52.47362422346453],[13.552597157025673,52.47365229103837],[13.55181823551579,52.47438809953452],[13.551598878100146,52.47498176676279],[13.551375713720034,52.47557908222281],[13.551153461204727,52.47619237636433],[13.550909300171798,52.47686323157334],[13.550297758576571,52.47765595235125],[13.549849918808627,52.47817121075408],[13.549365667657456,52.47873346627863],[13.548867494204197,52.47930046709805],[13.548451371519413,52.47977762798891],[13.547886876153711,52.48021456571049],[13.547907984076328,52.48188953588567],[13.54791588015797,52.48251371355125],[13.548680958043219,52.48311496862631],[13.549104665398714,52.48374143258235],[13.54989270685196,52.48445026824277],[13.550207607455349,52.48518647740112],[13.549966925259865,52.48578131816446],[13.548973661538449,52.48732510484697],[13.548290047668479,52.48838748658061],[13.547829014032502,52.48910377476683],[13.546625511276641,52.49113770091772],[13.546253363492948,52.49176586665046],[13.545729250528668,52.49230030270421],[13.545025555161912,52.49302291137588],[13.544735949001703,52.49388253448155],[13.544564562292177,52.49484645869706],[13.54445195202241,52.49547964542529],[13.543806774746216,52.49592657605422],[13.543402616514166,52.49696139487852],[13.542713233614087,52.49764332915573],[13.542271695898439,52.49811363663112],[13.54142537349868,52.498331117414125],[13.539980263882507,52.498490738154906],[13.539294700381296,52.49886666597453],[13.538719644927115,52.49980550243717],[13.538342195869504,52.500427904587255],[13.537763029167792,52.50136906818221],[13.537310397283614,52.50210203454112],[13.536888380152048,52.50278488460227],[13.536522101549137,52.50338168696087],[13.536210983372396,52.503897559822924],[13.535695752774265,52.504728502028534],[13.53519830562762,52.50555045541615],[13.536017204065313,52.50600465326673],[13.53623207609198,52.507016652677024],[13.536120931678782,52.50790083120221],[13.536259109449643,52.50888377564854],[13.536235332555494,52.50943612741311],[13.536212972127178,52.50999327982832],[13.537622316354652,52.50993342040715],[13.537854325455005,52.51052934756342],[13.537822108663665,52.511095018574984],[13.537573553488434,52.511786972862716],[13.536910527744569,52.512469900389036],[13.53629620606688,52.51288173875044],[13.535441072163566,52.5132745088466],[13.53443197477138,52.51354431206338],[13.533256339073292,52.513636125901],[13.53221795416546,52.513675469279754],[13.531152763264421,52.51370854577648],[13.53024162774605,52.51374174611913],[13.529245160369785,52.51378650212513],[13.527420509689149,52.513796014094254],[13.526164375827138,52.51378114814886],[13.525246579778848,52.513788629874],[13.524205880768625,52.51387161507165],[13.522963007755383,52.51389457056408],[13.52202196103612,52.513840778448994],[13.520923270606875,52.51386387699426],[13.519991427944111,52.51373099149723],[13.518947614089127,52.514029476469574],[13.518599123507963,52.51453553915708],[13.518850127188346,52.516467221197644],[13.518902212913844,52.51743430068875],[13.518955009233776,52.51841448869233],[13.519018626437608,52.519018657965226],[13.519106401039231,52.51960797073374],[13.519157664119788,52.52085087227474],[13.519245638848984,52.52151678103549],[13.519305685650066,52.52232946787175],[13.519385706669937,52.523241673380376],[13.519436554872485,52.52384366816823],[13.519414537841689,52.52456103996826],[13.519328470148523,52.525443654820364],[13.5191184760528,52.52611833199692],[13.51911787758044,52.52673867169818],[13.519083062335914,52.52823456927494],[13.519043122182298,52.52880696234613],[13.518887680502665,52.53043726564589],[13.518832714140622,52.53103807953406],[13.518712662390342,52.532035135852716],[13.518702763875348,52.5325877019125],[13.518515132892484,52.533164305696815],[13.518245152236867,52.53369713532036],[13.517741151350947,52.53440937845078],[13.517157978918801,52.53519011832854],[13.517745710358222,52.535599995075934],[13.518637604198211,52.535663363175516],[13.519802304042322,52.535888871382845],[13.520789138433209,52.5359362469153],[13.521722025687895,52.536030556270724],[13.522797357562329,52.536215547368464],[13.523712269317949,52.53644338338757],[13.524578152051438,52.536721714398006],[13.525361266298331,52.53700713555184],[13.526250116506848,52.53729198004311],[13.527843590101156,52.537803218208005],[13.528737804903704,52.537982809079196],[13.530595247051147,52.53845686782984],[13.531593184438067,52.53859996288655],[13.531576710700437,52.53917359364235],[13.53135814502531,52.54098468743963],[13.530992362960143,52.54173605768682],[13.53078218066723,52.5423883456551],[13.530629699253376,52.542944733397945],[13.530574364000191,52.54352638663172],[13.530203859318268,52.5440494708578],[13.529836398911563,52.54496309317139],[13.529662487258724,52.54552418532855],[13.529338100260384,52.54635916727315],[13.52890053282939,52.54754531941732],[13.528657673217259,52.54824148629956],[13.528460575482642,52.54877044260269],[13.528215226795773,52.54938365461209],[13.52789937664326,52.55014076956335],[13.527740463090002,52.55079835556141],[13.527483927788488,52.551523444270536],[13.52722195189231,52.55217464952887],[13.5269307452056,52.55284179089498],[13.52662947760125,52.553414914496514],[13.526305363809785,52.55398860702955],[13.525922197982007,52.5545142173316],[13.525355650445725,52.55531839924316],[13.526227186490114,52.55582186352348],[13.527072900711596,52.55627900261231],[13.527985208569893,52.556761616635086],[13.529160808560299,52.557405213136995],[13.531011551408051,52.55855169365992],[13.532066467718897,52.55920450708233],[13.533436671137029,52.56006137195098],[13.534821718473424,52.56104459106525],[13.535473748570428,52.56155184100907],[13.537075834995788,52.56280334379968],[13.539776106335214,52.564927963485815],[13.540351851909238,52.565362335873864],[13.541037961500074,52.565929071202056],[13.541893084664636,52.56607825426543],[13.542836459330655,52.56628846836507],[13.543724478556532,52.56655761228921],[13.544502365404265,52.566871266829516],[13.545582096851223,52.567736364947635],[13.54680535528826,52.56803722327559],[13.548412806440673,52.56840580588497],[13.549417451957586,52.56863882674028],[13.550392180533422,52.56884689175026],[13.551299124687944,52.56906141980642],[13.552174700697769,52.56926852642616],[13.55318083083437,52.56950649620054],[13.554071666767108,52.5697172006748],[13.554953038463264,52.56992564305993],[13.555815500400065,52.570129622477566],[13.55671348746377,52.57033451414992],[13.55760579862446,52.57054309696686],[13.558517741023175,52.57075626358672],[13.559419177654963,52.57096697566478],[13.560314531626751,52.571176240255966],[13.561158126947937,52.57139232240325],[13.562852591502233,52.57179413187542],[13.563890597780187,52.57205134051694],[13.564880202955544,52.57236222187207],[13.56574194851632,52.57267464785943],[13.566551972243534,52.57316386602156],[13.566870127871102,52.57370204160585],[13.567463622249269,52.57424732414679],[13.567424345703822,52.57485870057856],[13.566910892709108,52.57545591410236],[13.566501970039809,52.57617393284649],[13.56588695778832,52.57673572024896],[13.565207716871177,52.57735624532909],[13.564659807470237,52.57802918374998],[13.563610932681543,52.578891008962756],[13.562709712823313,52.579645397094495],[13.562152807908348,52.58014374817058],[13.561296509688688,52.58070745463336],[13.560559585674284,52.58124801638428],[13.559779671313258,52.581740588210636],[13.556887342596367,52.58335133777621],[13.556069258419443,52.5837785964445],[13.555209298524181,52.58426235827418],[13.554186801403139,52.58468740636689],[13.55329081851109,52.58512759459999],[13.551751143486868,52.58581943371679],[13.550950207704984,52.58614275346724],[13.550184663266103,52.586448915150136],[13.54794214762252,52.58728994017747],[13.546986892495374,52.58764324922548],[13.545106248159941,52.58833145648887],[13.543062989904762,52.588815591826645],[13.541668088441766,52.58914606883881],[13.540779764668482,52.5893442516653],[13.539770612309407,52.589568764494445],[13.538757759862145,52.58979369062879],[13.537772166263112,52.59001542933898],[13.5367124890522,52.59025338992672],[13.535776224363573,52.5904641235133],[13.534721142692197,52.59070085548862],[13.533767153096353,52.590913943294446],[13.532762432417707,52.5911317713863],[13.531762457305675,52.59134998249575],[13.53076338608481,52.59156735127942],[13.529862399310478,52.59176288595313],[13.528971709631767,52.59195752575814],[13.527971738401535,52.592174041757886],[13.526189903417448,52.59236404397372],[13.525168251688516,52.592480738080695],[13.524131292986635,52.59260201574295],[13.52308006085369,52.59272478761415],[13.521920181654338,52.592708814176085],[13.520735522213327,52.59265975721824],[13.519740995136242,52.592618873365225],[13.518686913126125,52.59257625616681],[13.517714708536674,52.592537225887455],[13.516684654371112,52.59249624023426],[13.515651385833781,52.59245518733446],[13.51461535494254,52.59241423460899],[13.512819887541228,52.59233856315019],[13.510250101277954,52.592228859206195],[13.509313317044384,52.59218885683114],[13.508118638231274,52.592137821093374],[13.507635014166029,52.59284916076633],[13.50635497736484,52.59473173604738],[13.505706058861259,52.59568494044179],[13.505190345808467,52.59644310311391],[13.501821397604235,52.59512254285826],[13.500317477890365,52.59452944046022],[13.498851410931499,52.593951831255396],[13.49734757368909,52.59336165862631],[13.495569554854114,52.592656901479536],[13.494742686121814,52.592331380674956],[13.493844535594677,52.591979215527914],[13.492908341596918,52.59161064545648],[13.491969138028177,52.59124160697867],[13.489190715925275,52.590138263848],[13.488404905792715,52.58978404662089],[13.486945253765372,52.58883900260754],[13.48639858913449,52.58839308148449],[13.485905631495854,52.58789344070309],[13.485523874377343,52.58738428718891],[13.485204032859789,52.58678149324166],[13.484942005058889,52.58622280110188],[13.484646283983244,52.58561831810035],[13.484016250305428,52.5850000780627],[13.48367986746498,52.58431823570199],[13.482898848818419,52.58404324289272],[13.481974641319145,52.58400206934281],[13.481661645239747,52.583408298810525],[13.480477023940479,52.58353337798099],[13.480290494897236,52.5829577698249],[13.480009815148701,52.58224991942228],[13.479855160043197,52.58170855230988],[13.479730869338498,52.581167188200155],[13.479770775783022,52.58055561847435],[13.479723156393455,52.579778166704315],[13.479942766360415,52.57920119938782],[13.480084251230746,52.5786050401729],[13.480204547442584,52.577913898650536],[13.47996809304592,52.57707317216077],[13.4799475207846,52.57647927487527],[13.479923972512573,52.5757197089315],[13.479745180638059,52.57514978167876],[13.479791028444975,52.5745125737014],[13.479654023921885,52.57391312612732],[13.479855613895376,52.5733246705702],[13.479461696907485,52.57270679194582],[13.480991257354667,52.57261739382751],[13.482027042925507,52.57249435864826],[13.482795663855995,52.57217644769207],[13.482601034572768,52.57163500258047],[13.48383321249382,52.57102571417089],[13.485647031593523,52.57015036909631],[13.486391177442606,52.569793919610795],[13.48758849506842,52.56921866285721],[13.486206681715066,52.56814577563706],[13.483845631395532,52.566309665775165],[13.484097102754573,52.56578664807841],[13.48393796179231,52.56523812459025],[13.483713272006714,52.56454928523324],[13.484690285552059,52.564310238325646],[13.485769416808054,52.564186809070634],[13.485930981260472,52.56365538178589],[13.48573503077926,52.562949174709566],[13.485536997885518,52.562386255734495],[13.485198234326889,52.56182474539264],[13.486320238932942,52.56145608435302],[13.487289237497393,52.56128804993897],[13.488771980301353,52.560848532181225],[13.489784347376297,52.56054080880588],[13.49055457433307,52.56024395243728],[13.491301093511298,52.55978514134592],[13.491818746924789,52.55928320261078],[13.492332015614288,52.55874702234059],[13.493058353969733,52.55798947193854],[13.493534924868857,52.557500489145355],[13.494109364341085,52.556911934403765],[13.494680087306259,52.556336258571676],[13.495105230829077,52.555823068317515],[13.495420327877342,52.555279940694554],[13.49561208452497,52.55470621310507],[13.495676776270214,52.55412982750394],[13.495572799361558,52.55335150212397],[13.495286165761135,52.55265320257561],[13.494987040927112,52.552008554039354],[13.494697213832955,52.55137175506695],[13.494429764964002,52.55078465402036],[13.493436692169409,52.55101549274932],[13.492553022708929,52.55121059299383],[13.490562472711405,52.55164829477829],[13.488925236425922,52.55192877230458],[13.486919005783037,52.552263734347406],[13.486030271431563,52.55234299914979],[13.485365749386466,52.551969142519006],[13.484190174870744,52.551103884754305],[13.483581603407913,52.55065427544052],[13.482770395912622,52.55003639871631],[13.482159355174938,52.54962071796344],[13.480371895941193,52.54945187848759],[13.479407257535463,52.549354238079225],[13.479882349431021,52.54884611261875],[13.480341082409021,52.54823229353123],[13.479645442271133,52.54754707068898],[13.478138187655686,52.54759494405183],[13.477129921532308,52.54761368705566],[13.474734490301858,52.54766114534315],[13.473781583383728,52.54768041135393],[13.472696299061209,52.54769736823966],[13.471680840601765,52.54771072131601],[13.469928927577953,52.547741871437594],[13.468576604466413,52.54820780800962],[13.467451666337823,52.548313474999105],[13.467116363015068,52.547795596743576],[13.467422502231603,52.546980215269905],[13.467646450719624,52.5463965088264],[13.468168663742297,52.54498031458942],[13.468532184323397,52.543998153169724],[13.468788486985753,52.54329791766937],[13.469172886288725,52.54225270993197],[13.469485659624704,52.541422393715536],[13.469756220259274,52.540690359517384],[13.468677142476858,52.539553440543926],[13.467310159361652,52.538495167407355],[13.467288581212975,52.53793441795558],[13.466866952249418,52.537329295221745],[13.466434310040052,52.53672658159532],[13.467403876074135,52.53630992105422],[13.468068849582162,52.53577155562574],[13.468412432293345,52.535260055594755],[13.468731497373078,52.53474148512671],[13.467891901152047,52.53432015407104],[13.467024675342682,52.53403132768531],[13.46617394936213,52.5337487056943],[13.464956869667752,52.533345081886345],[13.463623161424971,52.532712522538084],[13.463058783609933,52.5321690262487],[13.462370573378987,52.531334022007606],[13.461953852452359,52.53082839349008],[13.46133627079553,52.530079013808454],[13.460674496678271,52.52935789897405],[13.458058356804042,52.52877530957996],[13.457001159308836,52.52854241055832],[13.45619649542896,52.52826479375529],[13.456864521640714,52.527626721323855],[13.457397608714984,52.5271305353895],[13.457901291156531,52.526654067772085],[13.4584283759393,52.526217894838446],[13.45911774166228,52.52576808951367],[13.460261598650641,52.52528599189261],[13.461241043216129,52.5249784006008],[13.462108117167332,52.524702095153884],[13.462973713598402,52.524475394487744],[13.464926942193802,52.524226315881464],[13.466022516998185,52.524061664874395],[13.46709460604831,52.52381814526206],[13.468103494519168,52.52348512872797],[13.469040834008629,52.52309739392787],[13.46991122282922,52.52263540166401],[13.470649901840913,52.5221030907011],[13.471296696753374,52.52152387802397],[13.47180145889524,52.52099094744625],[13.472353353377517,52.520510887823754],[13.473213104050279,52.51987668264945],[13.473759990075642,52.51908824192659],[13.474746189826345,52.51821503976183],[13.475259262697504,52.51738186669016],[13.475598194033942,52.51685115274836],[13.475965613797175,52.51626185982666],[13.476262258342782,52.515718830121415],[13.476547058411391,52.515172895925225],[13.477302769926906,52.51485889360713],[13.475996000337188,52.51483057967525],[13.475606651283496,52.514107570623004],[13.47545893584878,52.513564436628606],[13.47567091889398,52.51289153937159],[13.475838775140005,52.5121219325739],[13.476013551070203,52.51152610268355],[13.47626499554492,52.5104471845207],[13.475419256079059,52.50963380748691],[13.47463769892663,52.50882063120123],[13.473960509762039,52.508109135248034],[13.473066436473099,52.507126167221436],[13.472768944315266,52.50657472133461],[13.4722600676126,52.50610895393816],[13.471517642651516,52.50551544408244],[13.471251911199454,52.50496036741712],[13.470757761357467,52.50443679150696],[13.470317690410562,52.50390744808319],[13.46982907372879,52.50266224876591],[13.469537573477046,52.50194114804513],[13.469202266427546,52.501115732308264],[13.468877307777289,52.50015778685943],[13.46885821986976,52.49960984277557],[13.469778140247469,52.4994750111767],[13.472284609528078,52.49910734804819],[13.474520466690963,52.498036623899594],[13.482641592409594,52.49265485165302],[13.483730478587058,52.49193311392235],[13.484935947176645,52.49160378876269],[13.485773194014147,52.49119963586023],[13.488462082405402,52.489888247601996],[13.488812855939354,52.489248549772505],[13.490164092590941,52.48875906964279],[13.49145351470173,52.48826564808013],[13.490709081950314,52.48744368857378],[13.491372757491728,52.48701152254949],[13.492280749088085,52.48624070050275],[13.492869857850652,52.48564900121879],[13.49321868659246,52.48510855341735],[13.493619906341728,52.484448714711576],[13.493851279145273,52.48387557942129],[13.494179007378488,52.483120810947376],[13.495891433780475,52.48324948238116],[13.496819036916968,52.48329013454089],[13.497854160841067,52.48328416877497],[13.498750714026523,52.48308370407512],[13.499618706997227,52.482872755479335],[13.500511359556429,52.48270032494121],[13.501477324557841,52.48258955971369],[13.502133128407257,52.48211589351223],[13.502703535401698,52.481065843949786],[13.503217926812427,52.480138142807775],[13.503887536830675,52.478924735240206],[13.504324148720935,52.47812451804029],[13.506097802434226,52.476503895837524],[13.507723185611013,52.47501815710043],[13.510835563744735,52.475352584066634],[13.51263177962903,52.47561357191351],[13.513610514666683,52.47570508575236],[13.514521146223549,52.47570238258416],[13.51547396961868,52.47560061755397],[13.516332811392685,52.47542464112587],[13.518167604884125,52.474825077017755],[13.51917469619681,52.474479676566155],[13.520082060928736,52.47416677212294],[13.521061803126464,52.47475596987472],[13.52158082920795,52.475217519797226],[13.522430351117837,52.474752681738515],[13.523162247657693,52.47424189958311]]]]}},{"type":"Feature","properties":{"id":"10","name":"Marzahn-Hellersdorf","authority":"Bezirksamt Marzahn-Hellersdorf von Berlin","source":"Geoportal Berlin (ALKIS), via ODIS Berlin","license":"dl-de/by-2-0"},"geometry":{"type":"MultiPolygon","coordinates":[[[[13.613172222288156,52.47213298957879],[13.614543749815825,52.47323485843629],[13.615102491328958,52.473695226662485],[13.615752785578911,52.47422865378224],[13.616486409454188,52.47483041173991],[13.615751812998496,52.475163687647694],[13.614928311919977,52.47538737084078],[13.61397223448439,52.47554799715356],[13.613706352212319,52.476214856776394],[13.613849876770997,52.476754365709006],[13.614077197146823,52.47763517990328],[13.61423574423647,52.478240479814396],[13.614376570040532,52.478782392788986],[13.614521587190842,52.47933723858351],[13.614706355820013,52.480047130194855],[13.61488368412499,52.480726850743196],[13.615471488172894,52.48124258078368],[13.616169438299705,52.48182087829411],[13.616867119677645,52.482397523068485],[13.617566558165977,52.48297694432446],[13.618301352800769,52.483583827855],[13.618923074859492,52.48409867755917],[13.619489365854914,52.48456876773158],[13.620014627099824,52.485003932395074],[13.620648222854696,52.48552841459689],[13.621251356099634,52.48602718396693],[13.621822291887659,52.48649960939556],[13.622502544397276,52.487063681253844],[13.623158499634267,52.4876060050556],[13.623703751123367,52.488057020568554],[13.624401434425607,52.48863608290276],[13.625135998135125,52.48924407066887],[13.625833989254762,52.48982295701415],[13.626533217753494,52.490401475848124],[13.62723242204989,52.49097993618142],[13.6279630346455,52.4915843714857],[13.628606390711452,52.49211646613305],[13.629576400562291,52.49292036815642],[13.627444952170297,52.49331903920391],[13.625844300189788,52.49360469140314],[13.62400603577303,52.49419820226197],[13.624443505697363,52.49503384794293],[13.624955827063921,52.49581701897162],[13.625757970922141,52.497055659985314],[13.626334698257292,52.498113497242805],[13.626579898587599,52.49866350970557],[13.627006983694036,52.49972286074769],[13.627209369962832,52.50037703741789],[13.62763872641651,52.501911758631415],[13.627844804976991,52.502588013302415],[13.628046811481038,52.50324855822823],[13.628399893390638,52.504280917562724],[13.628756457907253,52.50521657441424],[13.62920571500938,52.50614990533921],[13.629513034536231,52.50672002353133],[13.629922955314356,52.50729218303386],[13.63034070713524,52.50787488801262],[13.630773754756891,52.50848209762965],[13.63119844928611,52.50908488432209],[13.631714181783797,52.50982603025091],[13.63206433791348,52.51032871974176],[13.632436327100203,52.51082329897395],[13.633003677170464,52.51154116475841],[13.633561202554477,52.51217159521195],[13.63413721711765,52.51279890071788],[13.634818255113052,52.51337841494466],[13.635354106975106,52.51382572197906],[13.635970518676045,52.51435261592166],[13.636604054977232,52.51479667354737],[13.63731180956779,52.51526016642617],[13.638021774597538,52.515679346647175],[13.638768410488387,52.5161412821476],[13.639405762730263,52.516534633069774],[13.640007655653394,52.51694791019957],[13.641408229390604,52.51791065070714],[13.642458747833857,52.518550220919025],[13.644035141984842,52.51927792158305],[13.644888782391197,52.51967200320223],[13.64559754741709,52.519999201187126],[13.646494532302837,52.520412989469826],[13.647496165727034,52.52084987752077],[13.648270259378963,52.52116906680745],[13.649206031220501,52.52155440777926],[13.650169504657859,52.52194585629356],[13.65129054430954,52.52240191144702],[13.65211827256235,52.522737923854905],[13.652859811521793,52.52303980920689],[13.653689832445467,52.52337730207223],[13.654513330480846,52.52371256607528],[13.655270539976797,52.524034286143376],[13.656013231791148,52.524438884405306],[13.656806349900553,52.524915473126335],[13.65760143400808,52.52539920841329],[13.658493070412021,52.525940135281786],[13.658032077571399,52.52652865165477],[13.657792800400573,52.52723356731615],[13.657364919785678,52.528409941724654],[13.656911012773955,52.52983700592546],[13.656009169542996,52.52983028337256],[13.654985660481605,52.52982253993206],[13.654064682312113,52.52980617173432],[13.653127340650858,52.52977487423667],[13.65219454180947,52.529798914409966],[13.651162606068885,52.52980929323574],[13.650033390134523,52.52974934234131],[13.649088388001102,52.52968243878183],[13.648182283604944,52.529644652604375],[13.64704475149342,52.5296660707384],[13.646009609938393,52.5297011555947],[13.644900731018426,52.52979833171544],[13.643790645271656,52.52988188055677],[13.642944185432368,52.5300521914599],[13.641769001333106,52.530303453530315],[13.640767641353328,52.530409772770255],[13.639786465373843,52.53044861479347],[13.6388848878421,52.530469636312716],[13.637954622005639,52.530488702462776],[13.636793270488178,52.53050573813489],[13.635858194698386,52.530494424399734],[13.634859957106045,52.53048328280479],[13.633972914447762,52.530493303945974],[13.633033088377497,52.53052626471123],[13.632062071798213,52.53055665476135],[13.630867960833475,52.53051813098166],[13.629912404280804,52.53044348075438],[13.628921649784987,52.53035308569571],[13.627871343608561,52.530261623278335],[13.626811298764958,52.53016915741999],[13.626005742773607,52.53040204750751],[13.625507950882822,52.530886824194496],[13.625330727511985,52.531571367427844],[13.625116253736698,52.532399977980134],[13.624951651658467,52.533039254559846],[13.624811167325511,52.5335845604164],[13.62570450599657,52.53401997766665],[13.625607702675472,52.534644011605174],[13.62545057932612,52.53533504568252],[13.625288867560707,52.536047721024595],[13.625153848116296,52.5366416139151],[13.625016627366506,52.537246377897524],[13.624828468834714,52.53807777450224],[13.625701928380499,52.537788139331504],[13.626592019778498,52.537645546558515],[13.627538937281946,52.53748529180802],[13.62839090660717,52.537636296703624],[13.629561618025132,52.537821087698994],[13.630583168432485,52.537621456905164],[13.631610199979066,52.53800157151448],[13.632795276113256,52.5377921420739],[13.633723237116575,52.537701828095805],[13.634554386536593,52.53792776515693],[13.635171305023162,52.53848153001477],[13.635748869098261,52.539047649810335],[13.63622262369933,52.53953862132256],[13.6367593123711,52.5400380388091],[13.637374810809384,52.54065329934082],[13.63737306968684,52.5422541881607],[13.6364626208672,52.54224051163371],[13.6355353673911,52.5422889405518],[13.634736718330139,52.54264333675496],[13.626104415431552,52.54358862402785],[13.624912939711795,52.54369005920787],[13.623488070622294,52.54380853019542],[13.620127615996664,52.544092082257805],[13.618713532508991,52.544214226920374],[13.61059667904037,52.54556479652807],[13.609374465847722,52.54576608825641],[13.607561291478097,52.54607247842503],[13.605532733460251,52.54641220402434],[13.604049346110733,52.546659489619955],[13.601837074768342,52.54703170789306],[13.592951193397065,52.548522923374506],[13.590042642592953,52.54901086052729],[13.587643473059078,52.549413710307114],[13.586682856385847,52.5497117718055],[13.586514103899798,52.55024675192926],[13.586828602235602,52.550951386805096],[13.586924397564609,52.551495486314586],[13.587181749591277,52.55204693549643],[13.587543467762314,52.552566579140745],[13.587681090281414,52.55312772002844],[13.587747846158432,52.55378331794],[13.587748670128208,52.55458953456282],[13.587635307270434,52.55522212468623],[13.587495302628048,52.555819746149396],[13.586893879008509,52.556713771864985],[13.586625084227476,52.557413087321905],[13.585629176168535,52.5584793442879],[13.585043947320363,52.55892047992691],[13.584621455854926,52.55946557730066],[13.584449657777618,52.56025444511318],[13.584346492788248,52.56112137343533],[13.583995850721092,52.5621363693852],[13.583820400384477,52.56282952114959],[13.583872494810407,52.56341167894309],[13.583809394828561,52.56403178450045],[13.583383563911026,52.56468351332951],[13.58316813077584,52.56521301132677],[13.583136040613114,52.56583649944058],[13.583400690960572,52.56668216798328],[13.583418558340755,52.567268708172584],[13.583293797296498,52.5678320805917],[13.582981446767203,52.56843030379986],[13.582559372603452,52.56920447523849],[13.582239289834313,52.56980528314057],[13.581953509991754,52.57035244832521],[13.58159974905566,52.570890230155676],[13.580594011461573,52.57111103858602],[13.579158504048001,52.57111905702538],[13.57788734540109,52.571126326045665],[13.577494375876451,52.57181968724096],[13.577117379616032,52.572594956502265],[13.576228617511742,52.57324344181152],[13.575080028969147,52.573774053117226],[13.573719137996399,52.57365460521788],[13.572831278811089,52.573489183390095],[13.57180638915113,52.573307078329705],[13.570067754390701,52.5733093069886],[13.569083302532256,52.57336640864877],[13.568270948381587,52.57378576428058],[13.567878672285142,52.57428441550091],[13.566905636759506,52.57373180843928],[13.566251475109008,52.573091097079576],[13.564880202955544,52.57236222187207],[13.563890597780187,52.57205134051694],[13.562852591502233,52.57179413187542],[13.561333193956361,52.57143476471103],[13.560314531626751,52.571176240255966],[13.559419177654963,52.57096697566478],[13.558517741023175,52.57075626358672],[13.55760579862446,52.57054309696686],[13.55671348746377,52.57033451414992],[13.555855471784037,52.57015664199114],[13.554953038463264,52.56992564305993],[13.554071666767108,52.5697172006748],[13.55318083083437,52.56950649620054],[13.552174700697769,52.56926852642616],[13.551299124687944,52.56906141980642],[13.550437011989564,52.56885750141725],[13.549417451957586,52.56863882674028],[13.548412806440673,52.56840580588497],[13.547532394569213,52.568204536866276],[13.545733632326236,52.5677907689607],[13.544946564602661,52.56722282968464],[13.543917115423474,52.56661822444401],[13.542836459330655,52.56628846836507],[13.541878229209463,52.56610042255006],[13.540618324847884,52.56559627237144],[13.540056183189543,52.565137281309035],[13.537232629453033,52.5629290044973],[13.535929271078713,52.561899874493],[13.534821718473424,52.56104459106525],[13.533950603932526,52.560387542853725],[13.532527675391878,52.55948543578705],[13.5311023849592,52.558616017639416],[13.529419091369585,52.557560179009116],[13.528383696498118,52.55698094965373],[13.527467849885108,52.55649141672343],[13.52678027143157,52.556130392173024],[13.525916478427394,52.555652562578686],[13.525716567201055,52.554830311343245],[13.526053846300028,52.55432722792639],[13.52662947760125,52.553414914496514],[13.5269307452056,52.55284179089498],[13.527180566460348,52.552288201954525],[13.527483927788488,52.551523444270536],[13.527703381731603,52.550897090789086],[13.52795537223479,52.55021855380659],[13.528190625828346,52.54943962268646],[13.528445957098103,52.54878417876101],[13.528657673217259,52.54824148629956],[13.528830099854313,52.54766819462823],[13.529187674365824,52.54675340083254],[13.529500626294345,52.5459699389201],[13.529693479787072,52.545439678322005],[13.530007332778139,52.544471121696205],[13.530449724499636,52.543547945793904],[13.530629699253376,52.542944733397945],[13.53078218066723,52.5423883456551],[13.530992362960143,52.54173605768682],[13.53135814502531,52.54098468743963],[13.53189782209461,52.53952769173154],[13.531687719358723,52.53897285544958],[13.531096064543677,52.538487584710055],[13.529454145302552,52.538168868431285],[13.527843590101156,52.537803218208005],[13.526484583910038,52.53737100743342],[13.525573400978418,52.53706389474801],[13.52456991949952,52.536731537732784],[13.523712269317949,52.53644338338757],[13.522797357562329,52.536215547368464],[13.521822573141842,52.53604447131883],[13.520789138433209,52.5359362469153],[13.519802304042322,52.535888871382845],[13.518637604198211,52.535663363175516],[13.517745710358222,52.535599995075934],[13.517157978918801,52.53519011832854],[13.517611190732051,52.53458336136094],[13.518009378778242,52.534051527302466],[13.518348336584642,52.53351516522561],[13.518592625174442,52.53296237759957],[13.518712662390342,52.532035135852716],[13.518770790378184,52.53146313262528],[13.518887680502665,52.53043726564589],[13.519032725821807,52.52895603667101],[13.519083062335914,52.52823456927494],[13.519154477568732,52.52711738706992],[13.5191184760528,52.52611833199692],[13.519328470148523,52.525443654820364],[13.519414537841689,52.52456103996826],[13.519436085301784,52.523922503786544],[13.519385706669937,52.523241673380376],[13.519314580307357,52.5223262075652],[13.519259866938812,52.52170949998026],[13.519200328863121,52.52090364351978],[13.519096073369894,52.51991855936321],[13.519060565067857,52.51930770210925],[13.518957572959774,52.5184500080258],[13.518904137935792,52.51746996488108],[13.518854848781425,52.51655469924976],[13.518740985714135,52.51444087820394],[13.518552954960368,52.5139115467985],[13.519594487751917,52.51388961629157],[13.520923270606875,52.51386387699426],[13.521821073555556,52.51384578551005],[13.522963007755383,52.51389457056408],[13.523880354645241,52.51389881613812],[13.524904931510786,52.513790781854254],[13.526164375827138,52.51378114814886],[13.527420509689149,52.513796014094254],[13.528427826699872,52.51379489754699],[13.529868047968167,52.51375705615272],[13.531128758496887,52.5137089311048],[13.53221795416546,52.513675469279754],[13.533256339073292,52.513636125901],[13.53443197477138,52.51354431206338],[13.535441072163566,52.5132745088466],[13.53629620606688,52.51288173875044],[13.536910527744569,52.512469900389036],[13.537573553488434,52.511786972862716],[13.537822108663665,52.511095018574984],[13.537854325455005,52.51052934756342],[13.537848653572299,52.50993443731579],[13.536212972127178,52.50999327982832],[13.536235332555494,52.50943612741311],[13.536259109449643,52.50888377564854],[13.536298104514415,52.507942133644185],[13.53623207609198,52.507016652677024],[13.536300634521286,52.506406944046965],[13.53519830562762,52.50555045541615],[13.535695752774265,52.504728502028534],[13.536210983372396,52.503897559822924],[13.536522101549137,52.50338168696087],[13.536888380152048,52.50278488460227],[13.537310397283614,52.50210203454112],[13.537763029167792,52.50136906818221],[13.538342195869504,52.500427904587255],[13.538680023853479,52.499870089547265],[13.539294700381296,52.49886666597453],[13.539980263882507,52.498490738154906],[13.540957383073803,52.49838280809357],[13.542079313229182,52.49825790842516],[13.542680328544234,52.49767835716247],[13.543402616514166,52.49696139487852],[13.544084972496524,52.49620791009625],[13.544205784964047,52.49557994053359],[13.544511226052435,52.49500202026286],[13.544735949001703,52.49388253448155],[13.544827915101424,52.49334344447324],[13.545729250528668,52.49230030270421],[13.546253363492948,52.49176586665046],[13.546557278455547,52.49125536338871],[13.547829014032502,52.48910377476683],[13.548290047668479,52.48838748658061],[13.548973661538449,52.48732510484697],[13.549966925259865,52.48578131816446],[13.550207607455349,52.48518647740112],[13.54989270685196,52.48445026824277],[13.549104665398714,52.48374143258235],[13.548747466706965,52.48321332752057],[13.54841182410017,52.48268693335552],[13.547908529232597,52.48193245644711],[13.547887224148408,52.48024335006476],[13.548451371519413,52.47977762798891],[13.548867494204197,52.47930046709805],[13.549314674165009,52.478791201276096],[13.549849918808627,52.47817121075408],[13.550297758576571,52.47765595235125],[13.55080897438895,52.477070898622685],[13.55102485350138,52.47654207816105],[13.551375713720034,52.47557908222281],[13.551598878100146,52.47498176676279],[13.55181823551579,52.47438809953452],[13.55204833144819,52.473747900187306],[13.553520343640274,52.47363969519451],[13.554787444254952,52.47361854545892],[13.55618707028768,52.47348900438632],[13.55734505267171,52.473290820796535],[13.558559684376059,52.47325515364955],[13.559642640551326,52.47324207434932],[13.560617974262879,52.47325766039623],[13.561610315767329,52.47331608935288],[13.562607086736444,52.47341171444605],[13.563876613202007,52.47361866042807],[13.565028745915019,52.473928760416456],[13.566074481046211,52.4736525087768],[13.56701129496195,52.473862022466825],[13.567722533415358,52.474582136004095],[13.568668551224102,52.474882736284876],[13.569508123768115,52.475207935610634],[13.57030994786114,52.475528833514325],[13.571203568515735,52.475868564912574],[13.57199087782532,52.476184187062834],[13.572797172988013,52.476552297345556],[13.573678686423476,52.47649543496309],[13.573920798839508,52.477043340233465],[13.574440965377809,52.477519791584974],[13.574647119714554,52.478070417672235],[13.574999572495592,52.47926272701747],[13.575825948765086,52.47970187060574],[13.576731429317531,52.47998647083992],[13.577527099049114,52.48023629735294],[13.578324677154095,52.480515361931964],[13.579326875680675,52.480884225620166],[13.580797395639362,52.48049539711274],[13.581533871573534,52.480137211804234],[13.582566145292663,52.48014593521864],[13.583491146208354,52.480380538939336],[13.584428850609966,52.480620187443584],[13.585335424845285,52.48085783780504],[13.586200052920203,52.481084505412085],[13.587337119850876,52.48066452040163],[13.58892732725143,52.47994014846603],[13.589926387215456,52.479452076458955],[13.590654656782874,52.47905334968287],[13.591556200424687,52.478636613957484],[13.5925267078177,52.478127330244185],[13.59393140648854,52.47739014679138],[13.595206711803984,52.476818164847195],[13.596634741899248,52.4760608621927],[13.597333594403697,52.475630592081444],[13.59832747134575,52.475160558886586],[13.599571090454065,52.47442010545342],[13.600611338872369,52.47398025428241],[13.601742795002302,52.473433985769844],[13.602516237457486,52.47305791014415],[13.603376015363253,52.472809800730566],[13.60458685366746,52.47288620057473],[13.605628105129192,52.472895314917004],[13.606702589267899,52.472882927654126],[13.607666151638622,52.47286621306133],[13.608176311699737,52.47126205167391],[13.611298255473942,52.47048000629107],[13.611760138763339,52.47097417435044],[13.612528622021918,52.47160494893382],[13.613172222288156,52.47213298957879]]]]}},{"type":"Feature","properties":{"id":"05","name":"Spandau","authority":"Bezirksamt Spandau von Berlin","source":"Geoportal Berlin (ALKIS), via ODIS Berlin","license":"dl-de/by-2-0"},"geometry":{"type":"MultiPolygon","coordinates":[[[[13.23119137537449,52.561235104404716],[13.228327502884953,52.56309819664033],[13.22793793759445,52.56358342056979],[13.228221597736916,52.5645379121182],[13.22855935403372,52.56512939193124],[13.22871311487576,52.56568996613145],[13.228588044726868,52.56626897175269],[13.2282178152791,52.56677059811767],[13.227642418686509,52.567230066912714],[13.227044930313244,52.567808911052154],[13.226905568627885,52.56874950709107],[13.226725368930364,52.569329878774106],[13.225672122626243,52.570773684637985],[13.225200813135517,52.5715087088618],[13.225250539522438,52.572328805044904],[13.225219140821794,52.57287642024091],[13.224643088389234,52.57362547159961],[13.223920931145932,52.574203536422466],[13.222042346685756,52.574939689155485],[13.220240575593648,52.57605440009301],[13.219287081426847,52.57681740572746],[13.217959243089942,52.578540119510414],[13.218013348666009,52.57970207623664],[13.218309223853007,52.58096057749638],[13.217700012273278,52.58193557590192],[13.217208371041647,52.58240288215745],[13.216162168090895,52.58296217392383],[13.215431307677024,52.58352838604802],[13.215170890636704,52.58433312026257],[13.215951856891225,52.58525909821905],[13.216434647939774,52.585713603394666],[13.217397155141782,52.587477111478975],[13.21390069396191,52.5879033425282],[13.212218481468794,52.58810730123057],[13.211238062213544,52.58822665993255],[13.210234232681996,52.58826465491879],[13.209114119422168,52.588306538039255],[13.207339977476122,52.58837468147962],[13.207128998367935,52.587785341090054],[13.206925160101758,52.58720599871005],[13.206710537824101,52.58659768471857],[13.205375878607182,52.58685278181872],[13.203970105998284,52.58739998866948],[13.202697547880712,52.587828799942145],[13.201975091390217,52.58814449955454],[13.200907667890677,52.588573961201945],[13.199165673270338,52.58893433461689],[13.197857796327163,52.58924050134825],[13.196631957924916,52.589518178325726],[13.19573865192183,52.58961242756096],[13.194233613664606,52.589787838542904],[13.192935471324988,52.58998726596894],[13.191738040016983,52.59019045618197],[13.190859180168472,52.59047313864142],[13.189613978643559,52.59114049589058],[13.188588225128935,52.59154356485513],[13.187748099345098,52.59179089707835],[13.186709893062604,52.592107524457695],[13.18562658979829,52.59255367173677],[13.184791604004603,52.59315723150565],[13.183422901441581,52.59369187154297],[13.181913978296121,52.593891568456556],[13.180226775886656,52.59431953610789],[13.17833822410625,52.594880158951554],[13.176854511778217,52.59492023447906],[13.175787395902795,52.59502735635704],[13.174731860539147,52.59510724186523],[13.173667921873905,52.595328357650054],[13.172950009409023,52.5957485380381],[13.171970433646731,52.59628944617409],[13.170657497701008,52.59660996413269],[13.169382562187026,52.596856508732884],[13.168192766558066,52.596999348099935],[13.16706537804293,52.597455191838186],[13.166233107984914,52.59789762226606],[13.165367797855263,52.59835150234969],[13.164529789821064,52.598795432496594],[13.163454949989395,52.59861611473102],[13.16230785035033,52.598438623821444],[13.161325971049022,52.59828668705068],[13.160304047329483,52.598128536359205],[13.159276262886738,52.59796946748041],[13.158191857113009,52.59780162357248],[13.15707382088864,52.59762819315514],[13.15624186536025,52.59713379539259],[13.155456622502374,52.59666035865985],[13.154672290911126,52.59618566300743],[13.15400796411657,52.59578459229979],[13.15223852873916,52.59415880359005],[13.149285417877975,52.5918732243534],[13.145280798285436,52.59038998262732],[13.144485648513626,52.59008846305437],[13.143506069605102,52.58970491400062],[13.142122017705187,52.58940322400957],[13.14031182532472,52.5891707384749],[13.139344248480256,52.58905229854957],[13.138453889315421,52.588866596070616],[13.136471667681478,52.58785321251431],[13.135716852194475,52.587423332799595],[13.134343745479217,52.58718626284729],[13.13314781699777,52.58699711609915],[13.131393204946571,52.58691027341622],[13.129294060008677,52.587244895741364],[13.128610553945059,52.58644808243087],[13.129345637648841,52.58593065045254],[13.128594911691494,52.584407957758884],[13.127964670136384,52.583127754527034],[13.128904820663111,52.58318978534389],[13.129892441877303,52.58322832694283],[13.13050642460758,52.58277311000191],[13.130806797864633,52.58220659860829],[13.13108142815229,52.58166315639528],[13.131326515169288,52.580921249445815],[13.131678333697051,52.58022805098241],[13.132476727218048,52.57960751561193],[13.13364850015557,52.57976775144418],[13.134746576664892,52.579947989046],[13.13603300381085,52.58010624017594],[13.137290331837466,52.58045876218392],[13.138279743368422,52.58046455194321],[13.13963088075828,52.58058507378813],[13.140398904585778,52.58089321488478],[13.141650516593339,52.58123599765274],[13.14298900382232,52.58152245057863],[13.143979284239709,52.58165147685937],[13.144632714388651,52.58203395881672],[13.14587595994255,52.58236491257361],[13.14841541605396,52.58304173417229],[13.14961044885669,52.5833611226747],[13.15059322923185,52.58259441668716],[13.151240158780835,52.58221203307868],[13.151309846482482,52.58165395304949],[13.151596315217054,52.5811401411433],[13.151933138211755,52.58056950740713],[13.152608508935321,52.579716524757146],[13.15315845758578,52.578945290686995],[13.153198083324146,52.57839940021947],[13.153520199760829,52.577861611535845],[13.153549375362445,52.57723447442901],[13.153535074396785,52.576479054718924],[13.15367349219449,52.575771827502095],[13.153693639797586,52.57478061771938],[13.153488928442709,52.57423345140779],[13.153548413355315,52.573486555106236],[13.153164010880927,52.57288694420168],[13.152887429341689,52.57201540909279],[13.15268244276759,52.57097471316329],[13.152389689594619,52.57046200081537],[13.151471502545736,52.57006143579562],[13.151185371954869,52.56915219019827],[13.150371846248028,52.56797389327946],[13.150092769532225,52.56716082688978],[13.14974024810576,52.566637687428816],[13.149119684086704,52.56604598714517],[13.148518552821828,52.56550055999539],[13.148015596924697,52.56501301429276],[13.147570320993177,52.564491338849855],[13.147456501270208,52.56375651338148],[13.147450262569203,52.56308251637295],[13.14738433883139,52.56246884301974],[13.147255560612578,52.561934388328865],[13.146879141004556,52.561285184656434],[13.146021267006978,52.56086299619286],[13.146088499199223,52.56029763174563],[13.146268260802369,52.559333537985665],[13.146855382027663,52.558618651149374],[13.14695797223212,52.5576889985947],[13.14693050469256,52.55704525702381],[13.147194603415121,52.55613918127753],[13.147226247786133,52.55493623204051],[13.14690774380118,52.554280309323254],[13.146335144646057,52.553790971959145],[13.145852809708934,52.55293138894827],[13.145238193631672,52.55252263346746],[13.144222722631653,52.55211567330363],[13.143214093609792,52.552078472598154],[13.141702618868928,52.552402499719925],[13.140387712063117,52.55248815176285],[13.138607232673591,52.552536895493624],[13.136713835204798,52.552654821518765],[13.135304534234471,52.55306328502543],[13.134448352176888,52.55335093111939],[13.133816183434051,52.55375610474253],[13.132848427659098,52.554611069673996],[13.132019834799529,52.55520206126292],[13.131222999779947,52.55567354100694],[13.130501849924128,52.55600947945568],[13.130039508543817,52.55513775612911],[13.129705749540653,52.55439803274235],[13.129383569636262,52.5536408951804],[13.129102120670616,52.55301914492813],[13.128812975625806,52.55228204795528],[13.128340567300526,52.551219109421936],[13.128022314480146,52.5504861713944],[13.127711293368657,52.54982405484965],[13.127410130131445,52.54916445806316],[13.127167907327353,52.54863319176924],[13.12691316916366,52.54811055634542],[13.126584278606575,52.547394340221615],[13.126169218261884,52.54660097945755],[13.12580453082624,52.54582546242014],[13.125536722546329,52.54519323655889],[13.125277566541937,52.54446371650814],[13.124992461885297,52.54384977338446],[13.125526316555236,52.54338822416402],[13.125325283402105,52.542718742855634],[13.125163869167402,52.54213642178225],[13.124925023853457,52.54140596343899],[13.124746182658722,52.54086667696783],[13.124517792019677,52.540178058290145],[13.124308709780154,52.539547586656035],[13.124023993419085,52.53896913558949],[13.123756738018237,52.538248006550496],[13.123529807561228,52.53767136939339],[13.123339673434764,52.53707640636596],[13.122850342396,52.53632248592522],[13.122263784974786,52.535596170617865],[13.12180073393361,52.53505574045577],[13.121566421249842,52.534514488818004],[13.121307969573735,52.53369436294507],[13.121083379869564,52.533124599947136],[13.12059818016875,52.532525440775245],[13.120175534810187,52.5319253041152],[13.11984833086527,52.531261467693085],[13.119506748545184,52.53034639777608],[13.119285470761898,52.529507534794064],[13.119191610176092,52.528935322597924],[13.119099946736227,52.52824620297587],[13.119050446030034,52.52763202244101],[13.11900228116449,52.527081477256765],[13.118915752947393,52.52634339974949],[13.11881442507734,52.52566330615757],[13.118710198019983,52.52496522842983],[13.118659785818751,52.5244180908149],[13.118509831358194,52.52321485844686],[13.118435589045783,52.52247350473058],[13.118378006886838,52.5216503871352],[13.11832748294058,52.52074769971506],[13.118114850846073,52.52010019982129],[13.117769590862604,52.518629142560684],[13.1175949756646,52.51792196770415],[13.117382311523144,52.517060658515135],[13.11870120090697,52.51702129582285],[13.119664785094818,52.51703486931135],[13.120534960304155,52.51714774495206],[13.122780013970182,52.51739470313159],[13.123728555016012,52.51744744110757],[13.125153611209075,52.517516849631114],[13.126356095365072,52.517533623422764],[13.127420381037206,52.5176077029405],[13.128285307350529,52.517731731474605],[13.129155526214312,52.51785896634546],[13.130025467654606,52.517985560994894],[13.131055134363647,52.51809119580768],[13.131952571660074,52.51813795328639],[13.13295926804069,52.518247749452584],[13.133816438493607,52.518428134884786],[13.134690293527703,52.51854711408966],[13.135841152816525,52.51870367469785],[13.137063459224281,52.518812939357],[13.138530823989857,52.51909773767176],[13.140091402444389,52.519378794925174],[13.140956819429585,52.51952704173133],[13.142072322106515,52.51968880326361],[13.143182067172281,52.519697889058],[13.144021913132207,52.51930623799494],[13.144820208857633,52.51862527017432],[13.145041440043567,52.518056590053185],[13.145630606845504,52.517465965269245],[13.146512762647536,52.51738942456496],[13.147500908227,52.51719505935834],[13.14920515336687,52.51655525365211],[13.150014002100292,52.516220548593665],[13.151142757643889,52.51578076507725],[13.152980153942213,52.514991697233285],[13.154081162393313,52.51447332673412],[13.155155808621597,52.51403796603346],[13.15610928282107,52.513675263772065],[13.157026779071648,52.513318952798635],[13.15785886616731,52.51304555415549],[13.160264959904534,52.512348856478795],[13.161444298939397,52.51185921274435],[13.16227908325083,52.511496882566554],[13.163094498087084,52.51119052281755],[13.163942606676688,52.510905623766924],[13.164998108481733,52.510551051541846],[13.165804412108068,52.510278932952275],[13.168277902755749,52.50941691319027],[13.167977645948953,52.508856192983714],[13.167378200450667,52.508388564937924],[13.166646755531515,52.50784856676365],[13.165654869504968,52.50717250571128],[13.164661808722178,52.50650732438834],[13.163761527757186,52.50589923119044],[13.162170639708943,52.50484978030453],[13.16132237995227,52.50428582353943],[13.159076465379103,52.502881948296],[13.158083451565467,52.502234369862215],[13.1572408097877,52.50162200681236],[13.15628105211059,52.500940817451585],[13.155616818675512,52.500455205164755],[13.154767219142617,52.49983891204486],[13.153352671406498,52.49881891063706],[13.15251222210695,52.498212858922784],[13.151603749472072,52.497579699054484],[13.150885547128478,52.497113455639244],[13.150058906466903,52.49663483016695],[13.149302295506665,52.496090470254565],[13.148414154665744,52.495398718441095],[13.147848514572233,52.49495716957771],[13.147099247510923,52.49437225088206],[13.146203595960152,52.493661059619576],[13.14530109276394,52.49296458972078],[13.144431446643859,52.492293093759535],[13.142984199865205,52.491165453149925],[13.141812852826995,52.49026153747464],[13.140710775334489,52.48940702754496],[13.139820355425176,52.48871310488771],[13.13893630098117,52.48802850063559],[13.137101419913352,52.4866042173569],[13.136201568007552,52.48590785202289],[13.135553342330464,52.485406963943866],[13.134612345313254,52.48467263199038],[13.133465678876394,52.48377855067679],[13.132547448677913,52.483065007492236],[13.13162947228287,52.48235137999254],[13.130716523876277,52.48164490083364],[13.12979564354266,52.48094799071757],[13.128605661391248,52.48003009449109],[13.127923720883553,52.4795711681473],[13.126867306229583,52.47895970185677],[13.123969125776965,52.47824884766704],[13.122169383100914,52.47799451055102],[13.12119990550416,52.47781647614294],[13.11979081894561,52.477607888203465],[13.118352662939063,52.47736994926525],[13.117592426321442,52.47576750208891],[13.117557131794884,52.47503238144024],[13.117516627793913,52.47439068916882],[13.117287308149889,52.47359078919049],[13.116206096175748,52.4716799654498],[13.114129286316501,52.47006506538831],[13.113954206515512,52.46861906692355],[13.111855235789212,52.46744662049625],[13.110556535086861,52.465657465724696],[13.111007571300554,52.46465966414276],[13.111428667060714,52.463727686010536],[13.111340830269732,52.461863468243095],[13.110502690607762,52.45999695616459],[13.111967738639313,52.45922698200872],[13.112495908156696,52.458771766708814],[13.11259975198035,52.45818062304476],[13.112654871232502,52.4575970816641],[13.112517922715984,52.45692026273006],[13.112342074884815,52.45621664827628],[13.112198340054665,52.45562159715453],[13.112057212607189,52.45462267958889],[13.111861386051016,52.45406165622783],[13.111356056006173,52.45316414510092],[13.110388678518273,52.4520384347828],[13.10991173256229,52.45154846162309],[13.109313279838055,52.45069842918626],[13.1100555614069,52.45001253590954],[13.110768860661567,52.449428003976024],[13.111528442584692,52.448805525499324],[13.112294325005712,52.44817939334637],[13.113022978853914,52.44758367393981],[13.11363933733208,52.447073942829704],[13.11450822474273,52.446357906175734],[13.115364730019133,52.44565204208883],[13.116626450015914,52.4451736029662],[13.117345731195893,52.44482270001905],[13.118182775518072,52.44441384654965],[13.11901111869277,52.44400922766981],[13.119025177110021,52.44327760450041],[13.11933349003415,52.44243985969194],[13.119768121381384,52.44171375659883],[13.123121136605228,52.4396149930656],[13.12388424477498,52.44042599241527],[13.124606611305929,52.44075889976516],[13.126882064927468,52.441145919451934],[13.128045923342828,52.4409620166603],[13.129483310273269,52.44130948562477],[13.130420469477722,52.441383418785286],[13.13142805820737,52.441202001840516],[13.133013820479707,52.441923229559734],[13.13608951275549,52.44237979181309],[13.147743981816099,52.44331227079621],[13.149008524346247,52.44363659790021],[13.154180432331174,52.4464172948911],[13.157086569910101,52.44867527394034],[13.157958032952127,52.4493796405748],[13.161300041317034,52.45182281821366],[13.16225890895423,52.452364165324276],[13.166061495562275,52.454003270240165],[13.170850108368175,52.4561160345435],[13.176982529093676,52.455929843272195],[13.181215499963184,52.459624862416646],[13.184739508082773,52.46217029681212],[13.185466107184816,52.463043724061876],[13.186363508843275,52.4656386078735],[13.186522146461293,52.466171551340885],[13.186742183945068,52.46691997078395],[13.18797779837476,52.47117496293602],[13.188170030940386,52.47183688722015],[13.188207160562765,52.47250506684523],[13.188271478010392,52.473663064206555],[13.18822492761083,52.47438937682673],[13.188013269984992,52.4753134161066],[13.187813564718406,52.476185380131504],[13.187318659831162,52.478345969796514],[13.187461189514842,52.47894392319543],[13.189085826896621,52.48115052246111],[13.18989316283521,52.482247150623145],[13.190090627724887,52.482988598034716],[13.189811553916943,52.48433446299986],[13.187148651021456,52.48712833626271],[13.186758330244826,52.48865884401967],[13.186596860222215,52.48929199563181],[13.186917749357363,52.489938179050235],[13.187549258814068,52.49120976836237],[13.189068152632673,52.49252886671122],[13.18951469904595,52.493437796400165],[13.189454853629723,52.494982315301314],[13.18973773348633,52.49686268219569],[13.189840461398342,52.49754546620476],[13.190870292786364,52.49817160709608],[13.191699333704898,52.49867564215994],[13.192809492269376,52.499012375211144],[13.19520821179165,52.499739926081304],[13.197804721218942,52.49983374622962],[13.19907963361128,52.49987979401687],[13.200407869467762,52.50020209783453],[13.205132445052074,52.50134838335837],[13.208985650372592,52.50265845471217],[13.209694110130286,52.50303028760718],[13.209433971240133,52.50398174140224],[13.208910057184367,52.50485919499084],[13.209210118711297,52.50569855441391],[13.210356476555914,52.50704107731016],[13.210763403380069,52.50788285795912],[13.211013770671274,52.50852267159503],[13.211730212967348,52.509218901571366],[13.212665020121007,52.50920389573737],[13.213603102537606,52.50909321949703],[13.214463797876187,52.50927379222141],[13.215479184575484,52.50918089269387],[13.215317727330264,52.50996555613263],[13.215714628222191,52.510506327354584],[13.216047724874272,52.5110493719644],[13.216440643006985,52.511654736937096],[13.217092356037833,52.51213087544545],[13.217887376359398,52.51284111740787],[13.218386959464771,52.51330663999545],[13.219458394845052,52.51399436479614],[13.220640175452196,52.51361013387862],[13.220307995334135,52.51428903344717],[13.219954255212766,52.51525347684666],[13.21974483615381,52.51636439195056],[13.219656912645352,52.516901917013094],[13.21956961315014,52.51762005939145],[13.21945695434749,52.518781531086574],[13.219411212624493,52.519359719783814],[13.219368492446716,52.52031399643161],[13.219348337762236,52.52086080382896],[13.219388345796359,52.52142051992332],[13.219561788517288,52.521969575104606],[13.21989429210917,52.52262347865558],[13.220394355454362,52.52330604797361],[13.220798972221175,52.52392986048495],[13.221168068357105,52.52454651093059],[13.221736282556382,52.525507038882886],[13.22199425107459,52.52613610567978],[13.22292402631626,52.526036162275105],[13.223843439311613,52.525905027167],[13.224733020640828,52.52583173679123],[13.225701153962289,52.525796562751005],[13.227031092118843,52.525650806040794],[13.228038783674727,52.52571199857025],[13.228805319152864,52.52598678403869],[13.230170299865106,52.525915658551284],[13.231056153768304,52.525837634433564],[13.232004886791328,52.525844899230194],[13.23296656346302,52.52594506758423],[13.233855268927883,52.526033574245766],[13.23484608015084,52.526040814871],[13.236326837432248,52.52612631868689],[13.23759536222625,52.52612051985782],[13.238508031808273,52.52611849178391],[13.239438660393333,52.525979993897266],[13.240339825264554,52.52598283361892],[13.241460002161707,52.52573303949452],[13.242318261210285,52.52555060920803],[13.243636446092522,52.52516131429056],[13.24446716722847,52.52492886404858],[13.246139065757761,52.52451978396674],[13.247019683775775,52.5244007517555],[13.247632021394454,52.52479317232565],[13.24742328674124,52.52532667835688],[13.247238811585262,52.525872402800786],[13.247183362512628,52.526411946132946],[13.247128516196469,52.52719878443923],[13.24661102143452,52.52764887964394],[13.246680706653907,52.52831360959603],[13.247583737622618,52.52782716319748],[13.248567400993249,52.527459688688516],[13.249806173123124,52.52718010157554],[13.251213565619018,52.527085605688974],[13.252348239483652,52.52707390295066],[13.253525142217761,52.52705715711402],[13.254559679089686,52.52706646024867],[13.255713501037558,52.52709046909036],[13.256848865253703,52.52713723029902],[13.258655424011094,52.52723503043391],[13.25968099634012,52.52731570000603],[13.26093040357638,52.52754409445909],[13.261937707955333,52.52787337991507],[13.263275370581676,52.528327196766575],[13.264582125198405,52.52862746954377],[13.26550238956224,52.52879455895133],[13.266479317451232,52.52885345276935],[13.267383687424564,52.52884635959352],[13.268567360597736,52.52893845554965],[13.269612368147033,52.52894507359491],[13.270777648709423,52.52892573809663],[13.271784420650897,52.52887322746358],[13.272736476950667,52.528826437252526],[13.273845672274105,52.52879881717379],[13.275002194207996,52.52893471630655],[13.275983339439072,52.52926156682146],[13.276691042952082,52.52962132720318],[13.277389354218071,52.52997048078318],[13.27821667747731,52.530196799411485],[13.27915643562318,52.530293143113504],[13.280217178056066,52.53022049483293],[13.281139192986585,52.530438701280026],[13.281332597972556,52.531054736759295],[13.281470208523869,52.53173257625219],[13.281781359458472,52.532567080303885],[13.282040429733232,52.53326186847558],[13.282092960561117,52.53385567191335],[13.281310870965813,52.534215328478865],[13.280398870944806,52.53443080671498],[13.277923022036115,52.535151683185425],[13.276909304647859,52.535452284646915],[13.276214351399476,52.535850921569825],[13.276029778937607,52.536446201214304],[13.27568057141252,52.53697784285433],[13.275321319497861,52.537605264116266],[13.274670432584223,52.53806829984393],[13.273929127979327,52.538429770530534],[13.273077381688127,52.53870437959417],[13.272450861088544,52.539241351739406],[13.27260721957209,52.539773799725424],[13.272818375028724,52.54032439117279],[13.273024652121292,52.54086226936487],[13.273235082948263,52.54141091623339],[13.273464884655416,52.54201059150688],[13.273332873529348,52.54255831488609],[13.272930713974768,52.54374207086193],[13.272522627944738,52.544485053913974],[13.272234162657494,52.54501179959407],[13.2718780756571,52.545661905307455],[13.27099233422024,52.54728034753148],[13.270660642323298,52.547885975908045],[13.270169635125065,52.54839972282227],[13.270331507247894,52.54922146397543],[13.269222202445686,52.549364634186155],[13.266058960484335,52.54941084524296],[13.264230563739169,52.54944120206403],[13.262770918172283,52.54946369066008],[13.261296312776107,52.54949518444028],[13.260166278133353,52.54952161038841],[13.259084552896473,52.54955123569446],[13.256945738989824,52.54967946728299],[13.255617251723697,52.549864022360495],[13.254243983758153,52.55012930841441],[13.252988150839887,52.55045255202829],[13.251775751114348,52.55086748684886],[13.250592214915985,52.55133381610239],[13.249449378865766,52.5518820430602],[13.248442273968603,52.55238296903038],[13.247753331894714,52.55272548768272],[13.246935118002146,52.553132388923075],[13.242988490371108,52.55509480498471],[13.242198316246723,52.55548774011532],[13.241436565446623,52.55586638271062],[13.24065866826702,52.55616893961715],[13.239311935367553,52.55683708364004],[13.238647526302099,52.557393312203686],[13.237067738736231,52.55801288982769],[13.23585091878469,52.55861717704441],[13.235063555472488,52.55900818286717],[13.233852672515148,52.559624145960086],[13.233155591992652,52.559977698208364],[13.23201498994968,52.56063827217915],[13.231347079570646,52.561122271540185]]]]}},{"type":"Feature","properties":{"id":"06","name":"Steglitz-Zehlendorf","authority":"Bezirksamt Steglitz-Zehlendorf von Berlin","source":"Geoportal Berlin (ALKIS), via ODIS Berlin","license":"dl-de/by-2-0"},"geometry":{"type":"MultiPolygon","coordinates":[[[[13.31952453139484,52.46698879274374],[13.318486469245347,52.46700532775057],[13.317228970842873,52.46702666186904],[13.316317012856432,52.46704206787608],[13.313947429563164,52.46708211028239],[13.311613582494793,52.467121473508385],[13.310747908553724,52.46699878035954],[13.309941559969367,52.46722791099489],[13.309153138620633,52.46768123750056],[13.308008464308076,52.46766521747524],[13.306627851259577,52.46753423595563],[13.303434316187994,52.467962666082585],[13.302035051184173,52.46818745306077],[13.298008002552233,52.468847089007134],[13.2971210829832,52.4690120433732],[13.29602521609535,52.46923257692342],[13.29500859786079,52.46942320502405],[13.29283535746191,52.46983089865731],[13.291921654059657,52.47000250373495],[13.290176120601423,52.470329613252474],[13.289082861051687,52.470528604394296],[13.287872587740324,52.47026785832776],[13.28666527754869,52.470007376475415],[13.285742685143065,52.46980917394503],[13.284835861257887,52.46960965533168],[13.283814126864991,52.46938877141275],[13.282916974988591,52.46919538448798],[13.281881977615763,52.468999880363334],[13.28075120073817,52.46880183292598],[13.279743385789855,52.46867010263286],[13.278725417038611,52.46853689421246],[13.277803044215567,52.46857947303774],[13.276660533774685,52.468437168199955],[13.275497374160985,52.468302418558274],[13.274395796274304,52.46817503868753],[13.273475059978969,52.46806867586823],[13.272461279410798,52.46795151490869],[13.271153376492194,52.46781351104657],[13.269222559532741,52.46759029385609],[13.266612592385385,52.4673066786212],[13.264861112440633,52.46709221328274],[13.263547821459207,52.46695168120106],[13.262675767231022,52.467068348661016],[13.262018834710641,52.46748896639766],[13.260855514209725,52.46739846897084],[13.260282291149162,52.46693046535822],[13.259476430512674,52.466660260824824],[13.258401645777779,52.46654287226522],[13.257511491354748,52.466605521021705],[13.255737722754933,52.46674169350038],[13.254785238266653,52.4667791438943],[13.253493178996422,52.466726181801334],[13.252437477785636,52.466772545862334],[13.250862276201877,52.467035533661],[13.249001923693939,52.46734512497407],[13.247982962775751,52.46751530932349],[13.2467508315973,52.46773771149103],[13.245525422422626,52.46793366720533],[13.244114583044201,52.468182288875745],[13.243042005111713,52.468355878693664],[13.2420083622101,52.468563017785975],[13.239865290152302,52.468898554934],[13.2383485283436,52.46919441754334],[13.237351562428932,52.469331165802174],[13.236248786405618,52.46950634818459],[13.235101503579461,52.46966105724059],[13.234272075035587,52.469961548297235],[13.232719285613635,52.47041170395871],[13.231469654701986,52.47075625615343],[13.230208685350993,52.470748093107574],[13.22877379058621,52.470506378325204],[13.227179539278195,52.47038760571865],[13.225522452950866,52.470126596756565],[13.223776456935962,52.46998592706865],[13.222510068976641,52.46999695876052],[13.221591544795949,52.469977953231385],[13.22014649753441,52.47006365251444],[13.219238459119246,52.47004163953591],[13.218064199817524,52.47006736294537],[13.216539596863507,52.47012275043746],[13.215098601099388,52.46993003173307],[13.21422910765308,52.46982157953578],[13.213230213368385,52.46953079924544],[13.21168503050608,52.46946874555809],[13.210708166335124,52.46960054745373],[13.209104387376442,52.469816971269125],[13.208219620616651,52.46993702887132],[13.20720312823903,52.47014204765594],[13.205765101321997,52.47042996565235],[13.204573699148218,52.47052728901818],[13.203549765683222,52.47047141374833],[13.20274054845152,52.470247749832744],[13.201787783578622,52.47000400494914],[13.20111386742936,52.469433917064634],[13.20031463743914,52.468983913339],[13.199400191159219,52.46876362407656],[13.198449088333913,52.468915138422624],[13.1977260418259,52.469356172669734],[13.197644787029565,52.46997084410183],[13.197576198455527,52.47063975566795],[13.196996392891442,52.47116999609902],[13.195231891999684,52.47124872252103],[13.19391235287103,52.47108668577295],[13.188170030940386,52.47183688722015],[13.18797779837476,52.47117496293602],[13.186742183945068,52.46691997078395],[13.186522146461293,52.466171551340885],[13.186363508843275,52.4656386078735],[13.185466107184816,52.463043724061876],[13.184739508082773,52.46217029681212],[13.181215499963184,52.459624862416646],[13.177620931810758,52.45611930538606],[13.171489517871134,52.456096638493825],[13.166471509426582,52.45418416154321],[13.16225890895423,52.452364165324276],[13.161300041317034,52.45182281821366],[13.157958032952127,52.4493796405748],[13.157086569910101,52.44867527394034],[13.15451641014181,52.44659790903364],[13.149008524346247,52.44363659790021],[13.147743981816099,52.44331227079621],[13.13608951275549,52.44237979181309],[13.133664891640978,52.44212828272815],[13.13195409231264,52.44124806069645],[13.130805754709852,52.44141381470135],[13.129483310273269,52.44130948562477],[13.128045923342828,52.4409620166603],[13.126882064927468,52.441145919451934],[13.124606611305929,52.44075889976516],[13.12388424477498,52.44042599241527],[13.123355283238059,52.439863836732236],[13.123153119303621,52.43870886772664],[13.122142074976956,52.43787777654275],[13.117218063090336,52.436164469927],[13.11393054964188,52.4329662529096],[13.112073816971199,52.432310247405745],[13.112783446809486,52.429195837543],[13.108021821496708,52.42666055393081],[13.10691647027981,52.42564558593993],[13.105409499149873,52.425283072783905],[13.104567821987047,52.42398257242375],[13.103486511432056,52.42430221528788],[13.101600884431248,52.424636250617624],[13.10094927633255,52.42516268001458],[13.099975622336755,52.42544772151401],[13.098400503331925,52.424888906030816],[13.098088315041656,52.4240742103192],[13.09772366968539,52.423465970250255],[13.095839407614072,52.4219738088226],[13.088347614730992,52.41963123728769],[13.090210871440485,52.41354910292453],[13.090187879380778,52.41273057671652],[13.09076788091333,52.41156042864521],[13.092123783718494,52.411242143682784],[13.093412318078464,52.410537106886785],[13.097392095639622,52.409419966263705],[13.097981747599563,52.4098809335799],[13.098613468832742,52.41027067783252],[13.098944112699467,52.41078394942345],[13.09771799355126,52.41162247871341],[13.097113062173484,52.41234587975544],[13.096450344804113,52.41308891090623],[13.097855744631534,52.41339318872923],[13.099110583938145,52.41360596677675],[13.100312259517375,52.41378462609276],[13.100732435126249,52.41301898317015],[13.100975817125011,52.41218608269434],[13.10112188177823,52.41157698342776],[13.101027409189506,52.41098013257391],[13.103894559695517,52.40990401241769],[13.105124029551579,52.40989783366178],[13.105914541935295,52.40954868300605],[13.10685151291033,52.40971414156211],[13.107153318680806,52.410551379946405],[13.107268487559312,52.41139305587689],[13.107417570349854,52.4120883881633],[13.107327545994123,52.41263348177911],[13.107109071070125,52.41318008795035],[13.10807595264015,52.41326907425375],[13.108927187765774,52.413087606098884],[13.109905056457958,52.4120343106757],[13.110100646415566,52.41140298360918],[13.111511778025578,52.41141328286124],[13.111702676275854,52.41078963801701],[13.11042454744837,52.41035205653477],[13.11061020757887,52.40975144689051],[13.108506121243053,52.409243002101675],[13.106933199575826,52.40948558909942],[13.106553909341466,52.408768072464945],[13.107515840745624,52.40858920640262],[13.108610458949602,52.4084755678651],[13.109450011968644,52.40804763905533],[13.108325296210735,52.40725559388733],[13.109693854895424,52.40653581913957],[13.111102798445485,52.40529784185986],[13.11120410858634,52.404510143758905],[13.111819277482635,52.40398547754142],[13.116337353105031,52.402323285028295],[13.117750376217788,52.402119353396934],[13.118464389287297,52.401281171336755],[13.120232311222207,52.39984854092631],[13.122003042959216,52.39854637895243],[13.12315983302114,52.39787886885119],[13.124205826091965,52.39727523655248],[13.125660887601276,52.39666222246431],[13.126922571438714,52.39657131480678],[13.128462549339773,52.39694492687352],[13.13252311674031,52.39866325801115],[13.133509460316954,52.39936646032409],[13.134956528356762,52.39859647417709],[13.136408500107564,52.3981947972044],[13.138102575451866,52.397856162341746],[13.1372627682458,52.39761329330213],[13.136143431308732,52.39750349105856],[13.1351296047898,52.39737392522802],[13.135452325194295,52.39670969425435],[13.135711960905054,52.396175249550616],[13.136807016761185,52.3961770982771],[13.137793972747282,52.3961344157362],[13.13895021801767,52.39599234574637],[13.137542228869663,52.39533761773115],[13.136640718860336,52.39485836329379],[13.134492994540347,52.39368647144623],[13.132914414930237,52.39262057897723],[13.131781074438406,52.39182425827366],[13.130911229671705,52.39117195812212],[13.130167416548128,52.39049679283174],[13.130426281041268,52.39126499273055],[13.131108189725799,52.39169635974037],[13.129383345294563,52.391724277899996],[13.128434562929517,52.391629662269416],[13.127293865558979,52.39160839936773],[13.127109838084703,52.390942776453315],[13.126887139541312,52.39013716167146],[13.126734015246598,52.389583640308274],[13.127548164237101,52.389141748969166],[13.128306176701221,52.38872198143298],[13.12914433507026,52.388261703070576],[13.129847102037454,52.387876064363894],[13.130677214180745,52.38742285019004],[13.13171782870676,52.38750503529544],[13.132685101513275,52.387394315866246],[13.133445987918801,52.38778539472486],[13.133776764630799,52.388374738789295],[13.13287421216649,52.38874339721386],[13.132194577238545,52.3891898967697],[13.131458674693596,52.389676306573335],[13.130809192592297,52.3900902309936],[13.13202504725798,52.3917149829436],[13.133136795551309,52.39250372200003],[13.134084575212304,52.39317497616441],[13.134707613421556,52.39356340170783],[13.136424571622927,52.39450665781893],[13.137763007027583,52.39521801137824],[13.140086440384888,52.396239175929445],[13.14096281059221,52.396660992640896],[13.14181852891176,52.39709964288627],[13.142821529605659,52.39716107690238],[13.143372955067465,52.39649735268328],[13.1447861159685,52.395827420186585],[13.14573896349909,52.39550337473572],[13.146805017329065,52.39540031990844],[13.147888850891038,52.395295160364576],[13.148933418696412,52.395194599982545],[13.150020629648933,52.39508926703527],[13.15104405408772,52.39501008963609],[13.15219572699521,52.39492537377083],[13.153290497315817,52.39483999132768],[13.154458049720063,52.39465207189621],[13.155605721867008,52.394466582131436],[13.156795910275475,52.39427603476155],[13.157661493873393,52.39413469746158],[13.158869192945975,52.39393898937846],[13.159996665596259,52.39399400772184],[13.161233480617904,52.39405426825559],[13.162281883623356,52.394106119279506],[13.163443101501862,52.394166664669356],[13.164327769110058,52.39421157401458],[13.165755187188594,52.39428201273043],[13.166854124351744,52.39433652261705],[13.167960761050775,52.39439150128275],[13.169378143895434,52.394648548445936],[13.170141831169923,52.39496738198113],[13.170964499884931,52.39531070808891],[13.171757460335348,52.39564232040629],[13.171605297245467,52.39626748439656],[13.17136294926271,52.39735165436964],[13.170049446791069,52.39759551226588],[13.168740311741416,52.39735799041584],[13.166987880882708,52.39717525217635],[13.164129622552288,52.39691723872214],[13.161248219961227,52.39662732544796],[13.160332078438005,52.39655527049847],[13.157795564607472,52.39635572774106],[13.157916813332832,52.39689846745164],[13.157945342276497,52.39755769478837],[13.15843528120873,52.39826526693945],[13.15877032635254,52.39889425661536],[13.15919177824381,52.399497994142386],[13.15932236601225,52.40040565472089],[13.159314115301944,52.401115901784664],[13.159278606876562,52.401813145107354],[13.159233943540245,52.40276733142637],[13.16021057821512,52.403145220242074],[13.161189390001345,52.40347080407917],[13.162378192505464,52.403866397842584],[13.163169340323478,52.40412805765156],[13.164618218727222,52.404611731869494],[13.165468861677892,52.40490523975235],[13.16631946594146,52.40519037872007],[13.167334733298958,52.405551912088825],[13.168354930925831,52.40587894066462],[13.169324923763632,52.40620343836704],[13.170558713252412,52.40661036338189],[13.171787437905566,52.407012674276636],[13.173040736120731,52.407427823277125],[13.174185936743198,52.40781127541269],[13.175015999580825,52.40808917311169],[13.175998499239736,52.40842039917488],[13.177363828288994,52.408881405724685],[13.178565347392972,52.40928327064171],[13.179957308796519,52.40974686014231],[13.181137781542382,52.41014071372704],[13.182561337201538,52.41061032405038],[13.183999034210919,52.4110929111595],[13.185018612164201,52.41143283110815],[13.186433973845634,52.41190632349743],[13.187838693752155,52.41237363824488],[13.189265837319393,52.41285135902299],[13.190355896289,52.413220428317494],[13.191523427072314,52.41362024568613],[13.19288393584719,52.414065954036815],[13.194323903093547,52.41453440389578],[13.19541704571074,52.414898761461345],[13.19666345676472,52.415311483418485],[13.197574020551196,52.41551709634108],[13.199444414102848,52.41540981286127],[13.200328437224712,52.41551860280051],[13.201216548534063,52.415526330429074],[13.202321072784919,52.415609957769625],[13.203508092256689,52.41573961496303],[13.20451139611094,52.415833390240856],[13.20549234931072,52.416004018228335],[13.20643135146739,52.41617005425159],[13.207756943254331,52.4164235062401],[13.208802170058913,52.41662385368421],[13.20970018508721,52.4167960399985],[13.210997097617456,52.41711224881449],[13.212018864235377,52.41740361049015],[13.213025025948674,52.417772817947366],[13.214225654775225,52.41804058212162],[13.215667752208399,52.41857312626062],[13.217080232765952,52.419163353411065],[13.218031116257512,52.41930331064078],[13.219265801903544,52.41962581771521],[13.220852909674326,52.420001738541885],[13.222150782143332,52.42034294220742],[13.223577900370978,52.42076464078752],[13.22444468398987,52.42089770752497],[13.225325535557047,52.42083808623294],[13.226475098521602,52.420827689979575],[13.228443592670587,52.4205977055208],[13.229374043105254,52.420515554610034],[13.230344758423673,52.42046750116513],[13.231315333769897,52.420417009983815],[13.23223089521288,52.4203719012289],[13.233141456222551,52.42034329979717],[13.234113796318873,52.420573802444665],[13.23500832718935,52.42074482605232],[13.23588159321967,52.42086184683125],[13.236856469015635,52.420825248034575],[13.23777324694271,52.42080168483562],[13.238702022171825,52.42083241251333],[13.239676409808398,52.42086741766257],[13.24060761034585,52.42090710390954],[13.241614634381893,52.42095246932227],[13.242577322745133,52.42099739181473],[13.243540024732692,52.421042387577124],[13.245010234916213,52.42111159903641],[13.245951999570819,52.4211751102341],[13.246371805252858,52.42037607869186],[13.246984731716475,52.41921374428708],[13.247250818540252,52.41835367116967],[13.247395820007144,52.417554894824534],[13.247812608351639,52.41632597977122],[13.247989930317507,52.415793107601836],[13.248109277413032,52.41518689630824],[13.248329408139504,52.414572458689314],[13.248465732363924,52.41403521080086],[13.248668647473936,52.41327829148833],[13.248991188490074,52.41195934727964],[13.249038209227278,52.41130796058411],[13.249016616266465,52.410359434638224],[13.249004658302706,52.40976045715152],[13.248983604205666,52.40896018020587],[13.248740270870929,52.40840843228747],[13.249149707301036,52.40790423568417],[13.249417367584053,52.40663690546941],[13.24967759249479,52.40538541514119],[13.250668658160189,52.4053182025627],[13.251640377553874,52.40564570589717],[13.253309261898083,52.40603535017293],[13.254504590437794,52.40621489858439],[13.25584364781016,52.406322277890766],[13.257134471996295,52.40640064384239],[13.258057461529233,52.40639507139225],[13.258969135488773,52.406336356754345],[13.26016598977181,52.40615512650035],[13.261366332176921,52.405858773737734],[13.262420796034782,52.405454543657214],[13.263598702592663,52.4049933950229],[13.264627353923533,52.404714636693434],[13.265932618262557,52.40444085413768],[13.266965401442302,52.40428250391593],[13.268504306875782,52.40423927698199],[13.270059282047567,52.40418916202999],[13.271997658425638,52.40431649378026],[13.274197918822527,52.40478948794298],[13.275426695289768,52.40510474988766],[13.277074078259009,52.405827908058946],[13.277799741686227,52.40617219832218],[13.280142423628087,52.40726346908526],[13.283872396673058,52.40931494308705],[13.28527847249386,52.41009724965347],[13.28816040652773,52.411698328881016],[13.2901696620111,52.41281966080045],[13.293225256535349,52.41456113363865],[13.295534049027387,52.41575198292833],[13.296752975031668,52.416252530917404],[13.297095307109053,52.415460228254936],[13.296723837047752,52.41474214207592],[13.296122011959877,52.414332527049076],[13.296599831472623,52.41384713772364],[13.297099465062262,52.41335935435566],[13.297732931502056,52.41275295839344],[13.298384962487694,52.41216039425499],[13.299527172526503,52.41112254293755],[13.301093081723119,52.40967568604915],[13.301660045066772,52.40917407857828],[13.302177294129088,52.408714382288785],[13.302854489874843,52.40811345165455],[13.303410588263906,52.407617686109305],[13.303998764606616,52.40708100910613],[13.304609171908286,52.40649521370141],[13.305243248612516,52.405886745724985],[13.305788561742743,52.405361763476535],[13.306313094899643,52.40486003829391],[13.306848386737075,52.4043480799319],[13.30771140534451,52.40353192339623],[13.308277330872814,52.40297190694574],[13.308814901949745,52.40240375855516],[13.309302646187943,52.401882360304],[13.309754752312852,52.40141732964223],[13.310255507474826,52.40094031499773],[13.310784164147195,52.400442962998476],[13.311289965005773,52.39995525350464],[13.311995574818368,52.399199198873546],[13.312911316664962,52.399758443752134],[13.313811280130665,52.4004518227889],[13.314665857972434,52.400836018917545],[13.316294879950988,52.40147440502174],[13.317172710261108,52.40183851262093],[13.318041339386392,52.4021963955287],[13.3189987492489,52.40259394558811],[13.319836951529702,52.40289448523207],[13.320641672363326,52.40317308984355],[13.321843027369521,52.40363488161155],[13.322788101787179,52.4039981302719],[13.323608297343663,52.404316657641765],[13.324733795234465,52.40475018091299],[13.325732135568893,52.40513088447646],[13.326934946014191,52.405588850000335],[13.328996503522394,52.406331329156295],[13.330246510042846,52.406795223582435],[13.331998724822299,52.407446288427806],[13.33282836483181,52.40775677399447],[13.333672677008913,52.408075381829555],[13.334820192278741,52.408495837884004],[13.33566975612666,52.40879988537875],[13.336648538145335,52.40916759623578],[13.337675371260332,52.40955833598327],[13.338548142894291,52.40989181167783],[13.340386979864503,52.41061728290542],[13.341550393987154,52.41107787118399],[13.34235767713472,52.41138860461443],[13.34334723470666,52.41172168595051],[13.343068378172712,52.41223730301306],[13.343090100487487,52.412812600211836],[13.343054799150813,52.41345973864635],[13.342742069093893,52.414166601216266],[13.343677326848065,52.41454017000142],[13.344527433227158,52.414879558789366],[13.345375020321104,52.415220992083206],[13.34635882523674,52.41557589658759],[13.347197283133426,52.4158566506483],[13.348225144307364,52.41619302195543],[13.349096640960575,52.41646188799547],[13.350280538037195,52.416811992014644],[13.351085758627976,52.41708033188657],[13.352130805115662,52.417500014830615],[13.353482382468554,52.41798267119379],[13.354738697153877,52.41835195496326],[13.35574424506663,52.418702587312126],[13.357290951277216,52.41926408741999],[13.358833917220183,52.41982478679603],[13.359870639272637,52.420381707112796],[13.360812978590266,52.42072397401133],[13.361800357043602,52.421008099597955],[13.363204206952586,52.42141132754727],[13.36401110642131,52.422143918539554],[13.364399385109866,52.42264320731128],[13.364824934859893,52.42324398193013],[13.365204608909721,52.42377996799476],[13.365560139108185,52.42428184784246],[13.365951949636226,52.424834938606466],[13.366307144377513,52.42533639779495],[13.366712447758054,52.42590893152902],[13.367147505752264,52.42652313551422],[13.36751011654492,52.42703518600184],[13.36790087632073,52.42758656493049],[13.36882178579027,52.427732632450635],[13.369570144743237,52.42807422830595],[13.371154300838086,52.428797227578265],[13.371455467941164,52.42936897480521],[13.371207324278782,52.42989955455058],[13.370880760987296,52.430436435015835],[13.370535181981644,52.430982160614974],[13.370135484354762,52.431579899687804],[13.36976020092625,52.43215036199542],[13.369442329881778,52.432654459443036],[13.369070345540072,52.433335467238685],[13.368486254378906,52.434254512005296],[13.368089123633954,52.434906613569915],[13.367701300753984,52.435549752172385],[13.367246244587449,52.436346232499275],[13.366760182969674,52.437335405274304],[13.366472441001633,52.43785545673079],[13.366178085997072,52.43839778626509],[13.365823667569536,52.438977093025656],[13.365401811934348,52.4396188006204],[13.364953061615184,52.440328108444604],[13.364603496390853,52.44090104094623],[13.364101372816533,52.44172939735098],[13.363730494091408,52.44237103101364],[13.363114724001704,52.443311909076684],[13.362686444530864,52.44407859491845],[13.362425978389078,52.44459663150361],[13.362119823716943,52.44510657194598],[13.361812621169035,52.44566359307466],[13.361488711684284,52.44623720446392],[13.361130698629573,52.44678981535198],[13.36086243542778,52.447319141263115],[13.360445357248736,52.44806894485337],[13.359893020277028,52.44909936599355],[13.359465256284578,52.449688731515],[13.359003084073136,52.45054384785891],[13.35855403271217,52.45114853242365],[13.35821752694508,52.451819154989764],[13.357635464840037,52.45271308882631],[13.357258394083152,52.4533273637735],[13.356902970100032,52.4540315536983],[13.356486784483437,52.454805973612785],[13.356119394130852,52.455611856268206],[13.35503938309645,52.455651549614146],[13.354185387070151,52.45587494936416],[13.353683059819367,52.45670074127427],[13.352947244034283,52.45712357504667],[13.351990689700582,52.45689462135623],[13.350928878447643,52.45672517953149],[13.349638604691014,52.45676862587904],[13.349079615709991,52.45720969197386],[13.349063704285545,52.4579151364029],[13.349043645050198,52.458764867798685],[13.34814752039848,52.45881484303319],[13.347735780436468,52.45931971120708],[13.344955957066993,52.461718646771125],[13.344094758521885,52.462274548532655],[13.343519596134472,52.46268781313352],[13.342865158184829,52.46313895907509],[13.342142100043306,52.46358523733889],[13.3412360733402,52.46413889866496],[13.340295387836935,52.46471518315997],[13.339457588290536,52.465227071211956],[13.338878732905606,52.46576788298185],[13.338788858258402,52.466447768124766],[13.337905604299678,52.4666420215565],[13.337205286281964,52.46703359930164],[13.336274294227318,52.467416542460036],[13.335675790330896,52.46687137285597],[13.335019589087095,52.466352037810054],[13.334104604907564,52.4662049051057],[13.333211611619769,52.46608957146192],[13.332246052375265,52.46596511566773],[13.331012031852932,52.46549723815997],[13.329946071818616,52.465449938860694],[13.329035585948597,52.46523277057103],[13.328523814493838,52.464704416052925],[13.327588566716603,52.46460203718809],[13.326437674888087,52.46501348746557],[13.325524218204711,52.465340705023934],[13.324470485041962,52.46571824829456],[13.32362810148592,52.46601956545631],[13.322710921684418,52.4663479584762],[13.321891375380373,52.466641567072195],[13.320992758185517,52.466963125172654],[13.319982932785106,52.46698046080064]]]]}},{"type":"Feature","properties":{"id":"01","name":"Mitte","authority":"Bezirksamt Mitte von Berlin","source":"Geoportal Berlin (ALKIS), via ODIS Berlin","license":"dl-de/by-2-0"},"geometry":{"type":"MultiPolygon","coordinates":[[[[13.377211651349565,52.56090603589203],[13.376397327606588,52.56065898973262],[13.375496770796389,52.56063982825098],[13.374558094503135,52.560619821799996],[13.373234931867172,52.56059205217715],[13.372323516630654,52.560572960066246],[13.371338999921882,52.56055229773895],[13.370331506209052,52.56021222764317],[13.369673905517871,52.559796966009856],[13.36891588577654,52.55939509826041],[13.367843454367026,52.558840754204546],[13.367014624408759,52.55841233608444],[13.366011353521468,52.55818194178225],[13.365103996263853,52.55811780458374],[13.364880834753912,52.55929571524161],[13.364775588596919,52.55984988156692],[13.364637626844866,52.56057751872574],[13.364527324108446,52.561159963684425],[13.363564551726096,52.56102452359574],[13.362492912633135,52.5608544646404],[13.361541955906691,52.560702780768835],[13.360561987183502,52.56054593114259],[13.359949939998332,52.56114475393526],[13.359805355478741,52.561805625351],[13.358695496594821,52.56191347352859],[13.357759114272733,52.561967344177745],[13.356850452212676,52.562016458317906],[13.355851350338746,52.56200556179225],[13.354752077939933,52.56199372318959],[13.35354760229943,52.561980204380085],[13.351868054646403,52.561960608319076],[13.350042377289773,52.561939751896986],[13.349140784415006,52.56192924068186],[13.347190457145155,52.562383596115396],[13.346265804527407,52.56257365556166],[13.345313666693409,52.562769347650416],[13.344356852341855,52.562965973714356],[13.343347345278712,52.56317349811444],[13.34180966097364,52.563489430593634],[13.340957631387864,52.563664470935215],[13.339917688681117,52.56387810317038],[13.339042060500638,52.56405798670724],[13.338110457712997,52.56424929686811],[13.337101881651227,52.56445636776952],[13.33631005923869,52.564034862154],[13.335321690777766,52.563508718372994],[13.333608201869486,52.56259654234257],[13.332814723864367,52.56217414435891],[13.332096706506626,52.56178918215686],[13.331050449050132,52.56207899988431],[13.330139162185672,52.56219784076523],[13.328652325470166,52.562281819279754],[13.327448886637121,52.56234681144695],[13.326632695740228,52.56199912635171],[13.326241791759518,52.56148856091501],[13.325657037984982,52.561080672947796],[13.324875757000486,52.56077529582408],[13.323904453165781,52.56056934391362],[13.322652483043806,52.560423280028836],[13.321624868518496,52.560290022613756],[13.320298385397063,52.56011798082329],[13.319350202245674,52.55999546913973],[13.318398310334654,52.55985588596069],[13.317546562801137,52.55969443154024],[13.315568392100399,52.55922898884498],[13.313815232093978,52.55880719629602],[13.31292343784948,52.558591164205524],[13.311703571885372,52.55827181395855],[13.31068358614609,52.55799626733854],[13.309845434710795,52.557769441784025],[13.308657762907519,52.55666108083582],[13.30816626618215,52.55614602230534],[13.307489738087323,52.555437029780705],[13.306627068451236,52.55449022530305],[13.30581620600068,52.55363122584905],[13.305338930025107,52.55312551145631],[13.304079963393816,52.551791635808264],[13.303617594163955,52.55129243945869],[13.303168132370686,52.550788508091266],[13.30273181531393,52.55028056454787],[13.30230895100659,52.549768262738326],[13.301846729538715,52.54919715002259],[13.304412962280331,52.548737495357216],[13.306570885128323,52.54865177470526],[13.308475819673141,52.54856649039027],[13.31037356888271,52.548481450501114],[13.312946918838652,52.548366091373566],[13.31472768150634,52.54832515096369],[13.316762204162794,52.54827863992976],[13.317935772613176,52.548237672943216],[13.318513567979192,52.54782786755434],[13.319325543862778,52.547296183555076],[13.3198804535935,52.54680219536908],[13.320546214237606,52.54626571211665],[13.322190749726671,52.5450015163799],[13.322865882691557,52.544530284818386],[13.323463218721779,52.54402857344777],[13.324410478537818,52.54329232608075],[13.324960978514866,52.54286442663207],[13.325606054755049,52.54234354582177],[13.32622640772378,52.541933316318236],[13.327293836016198,52.54144214428864],[13.32725640655863,52.540784777693915],[13.327143295426474,52.53973232317621],[13.327852287789016,52.53916433009654],[13.328501625774333,52.53869154250607],[13.329134475327642,52.53823049479058],[13.328298647535979,52.538010070261706],[13.326870063883833,52.537803487249924],[13.32595488108868,52.53762529733927],[13.321918773734504,52.537109130256226],[13.320138704673665,52.53685588818021],[13.318881990285139,52.536677101630666],[13.311412898398912,52.53561428745689],[13.311955642990073,52.534196222594964],[13.31229082103414,52.53332092216291],[13.312549111621491,52.53264672646013],[13.312938626875024,52.532141753336255],[13.313848280240201,52.5319396854786],[13.314947472515756,52.532079815573454],[13.317033222475741,52.53235155600454],[13.317221781761045,52.53171140625435],[13.316740964241951,52.53118568883104],[13.315958258873296,52.53075679713953],[13.314660908109659,52.53051378274586],[13.313670558999279,52.53030285795782],[13.314095208618857,52.52816958869388],[13.314717814707842,52.52641274653374],[13.314918137231672,52.52584748388807],[13.315330166846339,52.52468445471207],[13.316614185640818,52.52106087577912],[13.317798439635203,52.52036668735391],[13.318750203660393,52.52109330343031],[13.318749419268766,52.52175345035826],[13.318754977967695,52.52234900493419],[13.31888215343809,52.522893023699794],[13.31917240074936,52.52341831942061],[13.319777914507023,52.52392979432946],[13.320534450790658,52.524292466033266],[13.321371660452682,52.52451911718668],[13.322396458208814,52.52463516939237],[13.323521436702228,52.52468865101049],[13.324415609594967,52.52460520048028],[13.32528929908871,52.52439283491977],[13.326187021568325,52.52406612079183],[13.326905095378892,52.523725549116286],[13.327692697125455,52.523209378583836],[13.328331749757933,52.52278303888404],[13.328877866551043,52.52234971889432],[13.329255242881045,52.52184295696615],[13.329521121272235,52.52121798666199],[13.329518978968903,52.52059575087579],[13.329342456233597,52.52003364947928],[13.329159362167175,52.5194851934336],[13.32911613017809,52.5188839739707],[13.329367048546102,52.5182904144513],[13.329787305206219,52.51781311776585],[13.330407687529329,52.51739104405438],[13.331160809115854,52.51702959654582],[13.332130644006556,52.516752263478715],[13.333065988598323,52.516673626597786],[13.333968619119625,52.51673578168288],[13.334628261116428,52.51586609295741],[13.335136260161017,52.515206745854044],[13.335682350357795,52.51466647172679],[13.3359464260815,52.51400445412377],[13.335870621187079,52.51334519966989],[13.33234632915468,52.5130619349719],[13.331566881607419,52.512795777403575],[13.330558558156477,52.51283065533261],[13.331119405225538,52.512334109363664],[13.333736072181718,52.51171740322307],[13.333246545137909,52.51119291421341],[13.332517048065174,52.5108836613873],[13.331658754562579,52.510603481576396],[13.330043302964043,52.510075433181065],[13.330849821676638,52.509817834289684],[13.332607404501271,52.509256707408696],[13.333415133271934,52.50899864966901],[13.334323389460701,52.50891841732965],[13.334866123494129,52.50848028412865],[13.333875077360783,52.506883770601576],[13.334514979215482,52.50628202844231],[13.33526240358474,52.50593902405708],[13.336463466994505,52.50572909780586],[13.3381749310505,52.50586592585702],[13.33884994644862,52.50550094147685],[13.339525263990781,52.505145623025335],[13.340426003716189,52.50510329837956],[13.341421041682787,52.50486765727417],[13.342595887748011,52.50467664148744],[13.34714995334269,52.503576671485675],[13.348154239866147,52.50333334392339],[13.34923239254071,52.503072660652855],[13.350203579178846,52.502837970978725],[13.351326682626887,52.502567223064574],[13.35227970584259,52.50237400024826],[13.353682647685734,52.502035018161386],[13.354760068531657,52.50177363626036],[13.356053973449844,52.50145996641172],[13.357137500825015,52.50119723623305],[13.358056002207189,52.500944056290216],[13.35898010724446,52.500680957831534],[13.359798256587824,52.500447546581526],[13.360823687572704,52.500153164749335],[13.361837261254086,52.49986309648435],[13.363044485396976,52.4995618259023],[13.363952586289026,52.499438504420255],[13.364828898017153,52.49931970871822],[13.365899486943038,52.499174171173365],[13.366957060674581,52.499030997800126],[13.367986730829712,52.49889082872913],[13.368912906535897,52.498771566849086],[13.370164733643296,52.49935972031244],[13.370780260113314,52.49983384919228],[13.371101658799253,52.5006801862425],[13.371321707191143,52.501408476154694],[13.372185222682063,52.502454843571975],[13.372828493969635,52.50315048862105],[13.373257359801961,52.50367697226214],[13.374152019973048,52.50358558462698],[13.37497725748246,52.50337775476718],[13.375359024027023,52.50403429658616],[13.375930297248447,52.505015050849025],[13.37623043924728,52.50553028854727],[13.376614813259767,52.50619063793545],[13.376919917331287,52.50671479803101],[13.377253466809323,52.5072877735376],[13.377577711516812,52.50784476008885],[13.378392241727717,52.507368329721444],[13.378938130449047,52.50693044462582],[13.38238526932649,52.50711927056631],[13.38427812841895,52.50723813881235],[13.385419655503227,52.50730982660017],[13.386963241409116,52.50739866489353],[13.387920684391283,52.50745479055978],[13.388909485729245,52.50751093086984],[13.389818662135607,52.507563389857204],[13.390887276860402,52.50762591351239],[13.391791149031594,52.50767848297583],[13.39280727544899,52.50774158849257],[13.39370210589378,52.50779614240137],[13.39704572637689,52.50800060455437],[13.398549860594002,52.50809893477308],[13.39945671212049,52.50837740490195],[13.39999632335536,52.509110949222425],[13.400909188927162,52.50914055320765],[13.402096589659916,52.50872963569535],[13.403007434387149,52.508433548237356],[13.403820165534059,52.50809293707965],[13.405269545174939,52.50820388471537],[13.405903451644104,52.50775589605177],[13.406601362204182,52.507232737441534],[13.407361273162321,52.506647687591794],[13.408029436066926,52.50618017960035],[13.408986805984268,52.50654752177716],[13.409970810221068,52.50692568863782],[13.41076160647724,52.505888286587194],[13.411396150921826,52.505055216523495],[13.412492026782969,52.50456474421839],[13.413290346350035,52.50429866297941],[13.414072830853002,52.504037929609034],[13.41452396283953,52.50457820766353],[13.415493602065952,52.504754879993506],[13.41631935238797,52.50452662055213],[13.417309514003747,52.50425277629731],[13.418005169226314,52.50472710731179],[13.418808180954192,52.50503020442756],[13.419430913360454,52.505649108650694],[13.420322034214951,52.5054020131424],[13.421132297738778,52.50517546448074],[13.422095001366905,52.50502522762018],[13.423077731865622,52.50498133545222],[13.42405874522347,52.50503769857764],[13.424950589673871,52.50517975615508],[13.425820879603833,52.50542459371263],[13.4267088450617,52.50579859163662],[13.427537722613542,52.50614911306284],[13.427954469298918,52.506745624248865],[13.42842966119953,52.507424063438634],[13.42878452361849,52.507933956810156],[13.429402280699215,52.508572215810524],[13.428666168916966,52.508991477172835],[13.426021522201609,52.51049652889688],[13.425155621762366,52.51100398853362],[13.424403828851556,52.51143006392322],[13.423634523743878,52.511820872130095],[13.422780582410002,52.51223442746427],[13.423232028876285,52.512714371760595],[13.423696277092215,52.51321530806643],[13.424064111180918,52.51374009734635],[13.424859155740442,52.51475252939909],[13.425396565471095,52.51558752387215],[13.42573102903123,52.51617783078059],[13.426046760922668,52.51674774753852],[13.426370487473958,52.517311934491175],[13.426702497159543,52.51786974805402],[13.425926877401633,52.518391720572765],[13.426446684581093,52.51910197634672],[13.426881143156299,52.51969575799811],[13.428401378473472,52.519585885296415],[13.428906497578481,52.52062253413974],[13.429189762712756,52.521203824867456],[13.428050089636654,52.521707401546905],[13.426719358902584,52.522279861112146],[13.425931100880295,52.52262375106658],[13.426514400123724,52.52306466974369],[13.425770226907746,52.52337277611413],[13.424778837358483,52.523630797921726],[13.423955946368404,52.52389718762419],[13.421632268726354,52.52480516912051],[13.420514567867889,52.52524470801057],[13.419753208818554,52.52554559739683],[13.418249509822187,52.526180064480336],[13.41728893520681,52.526606307592424],[13.416490476122966,52.52696151632595],[13.415431658813207,52.527463060497084],[13.414451685504757,52.52773954496824],[13.413582984169366,52.52798462386882],[13.412230825790008,52.52836236523754],[13.411425438800798,52.52859132976087],[13.410291947611244,52.528779620864654],[13.409397008263355,52.5289507610149],[13.408394456149773,52.52917981503588],[13.407438818695825,52.52935468254371],[13.40651246735733,52.52950877178925],[13.405618428563033,52.52965951291672],[13.405916226993108,52.53035526001211],[13.406045949436438,52.53095328459251],[13.406196296568817,52.53148669834417],[13.406362291430359,52.53206689616936],[13.406689029251751,52.53262295912762],[13.407161869577122,52.53311307826857],[13.407660594670382,52.53363705331718],[13.408180937475311,52.53417554075151],[13.407608571136638,52.534641272952555],[13.407190362477088,52.535220602149536],[13.4068587551515,52.53584588904914],[13.406591594420584,52.5364074780677],[13.406324448594267,52.53692978482634],[13.406031973386261,52.53750515659781],[13.405461579210844,52.53850259907883],[13.405180167832853,52.53919073950602],[13.404914478110463,52.539747588238505],[13.40419076277521,52.54040126277711],[13.402933345113848,52.54037994109185],[13.402030936160005,52.540124543875045],[13.401709232404304,52.54064907973087],[13.40099359114677,52.54181408339712],[13.400513117298916,52.54281021759085],[13.400252284018045,52.54336224847705],[13.400058925587818,52.54413413161764],[13.399895846737481,52.54475613860708],[13.399668608230648,52.545455212128736],[13.399308294643642,52.546299650773975],[13.400303697326638,52.54664552481055],[13.400008135006747,52.54731674721302],[13.399635083298651,52.5481599804948],[13.39937984896504,52.548736891185904],[13.399188751768845,52.549288280088646],[13.398900784033774,52.55088032853459],[13.397754770139294,52.55078607761551],[13.396846031574597,52.550703768798094],[13.39744961592544,52.55121590746981],[13.397803675435979,52.55176361476692],[13.39802483607036,52.55237835761649],[13.397981615034722,52.5532279729952],[13.397830577745035,52.553762198369895],[13.397644732730154,52.55441198149819],[13.397496930038784,52.554968529934435],[13.397308498184534,52.55565581496404],[13.397176948640379,52.55634373502719],[13.397157251415932,52.55722284407405],[13.397137207257671,52.55788926575025],[13.397007366866417,52.55844059904668],[13.39678366842117,52.55943130180755],[13.39664225994913,52.560023288171564],[13.396398729201561,52.56086316687071],[13.396101605272017,52.56148464640876],[13.395566558267799,52.562200704979844],[13.395028525743495,52.562806095229035],[13.394522349240154,52.56335404893212],[13.393881939352415,52.56394931524182],[13.393390264524138,52.5644045118048],[13.39159063541653,52.56548008893964],[13.390710103842359,52.56579615032513],[13.3891771779102,52.56685292884542],[13.389020066378759,52.56741371840425],[13.388131515035711,52.5674873887763],[13.38719922574814,52.56739899595074],[13.386300840964308,52.56751295123421],[13.385349077610513,52.56763383204078],[13.384297765900941,52.567713444472005],[13.383145772754489,52.56723952491215],[13.382172657943633,52.56683917565897],[13.381281770276717,52.56647262503662],[13.379947168337463,52.56628397057548],[13.378896953745409,52.566164389664955],[13.378436654033308,52.56562137495294],[13.378259091412518,52.56493760230306],[13.378111465556861,52.56436833563946],[13.377968449432581,52.563816187871645],[13.377773676256519,52.563068225169694],[13.377624194816587,52.56249319595163],[13.377456697539312,52.56184876048574],[13.377271943172104,52.561137986019396]]]]}},{"type":"Feature","properties":{"id":"02","name":"Friedrichshain-Kreuzberg","authority":"Bezirksamt Friedrichshain-Kreuzberg von Berlin","source":"Geoportal Berlin (ALKIS), via ODIS Berlin","license":"dl-de/by-2-0"},"geometry":{"type":"MultiPolygon","coordinates":[[[[13.45529014391105,52.52127227267394],[13.455800448955124,52.5219698827493],[13.455863378353422,52.52253545584534],[13.45537676901093,52.52317430853876],[13.454917711041455,52.52384925821049],[13.454156587745677,52.52496828222817],[13.45366728961056,52.52568764317967],[13.45332462109347,52.52619139934836],[13.452874530948153,52.52685306172531],[13.452465264197336,52.527454692871146],[13.451418753903049,52.52762707180637],[13.450523822322486,52.52741007495099],[13.449676599474246,52.52715677923275],[13.448657796530737,52.526852793678806],[13.447168281855445,52.526408396824635],[13.446555235633069,52.52697550566498],[13.446056725728305,52.527530269262165],[13.443218533735708,52.53015524897857],[13.442319465730462,52.530986702994284],[13.441201432408757,52.530340588259186],[13.440354459669575,52.52980137803015],[13.439522673246703,52.52927143376065],[13.438748232659188,52.528777835477904],[13.437800818794138,52.52926017109097],[13.43681379918183,52.529470213647436],[13.431185497545,52.52881457351336],[13.425323221639072,52.52812979221726],[13.424514830011262,52.52790148572446],[13.423552616005498,52.527860439787794],[13.422752160113378,52.52737278163044],[13.421988654259254,52.526907611708616],[13.420219695103123,52.52582983773571],[13.420446875937756,52.525271433942365],[13.4213506813523,52.52491590485442],[13.423376336988486,52.52411924164171],[13.424173758177325,52.523819654530485],[13.4250528016548,52.523551376311424],[13.425881923742221,52.523352755429684],[13.426521320920507,52.522939076088896],[13.425547875286602,52.522790948040644],[13.426719358902584,52.522279861112146],[13.42762247457243,52.52189465891273],[13.428567388873672,52.52148639450786],[13.428932797376367,52.52067652383924],[13.428456830243478,52.519699782962725],[13.42749764591828,52.519606480491966],[13.426568857819317,52.51926899113457],[13.426190545114313,52.518751992255396],[13.42624036051819,52.518196972451165],[13.42652841230172,52.517567600004],[13.426188248248838,52.516989816228815],[13.425871572997131,52.51643382345998],[13.425562751397504,52.51587562355231],[13.42513977717102,52.515142313325256],[13.424410837798991,52.51416430017663],[13.424010936177552,52.51368128893318],[13.423453429538739,52.512957868569096],[13.422793908536411,52.51224953924073],[13.42363700827735,52.51182268545952],[13.424403828851556,52.51143006392322],[13.42511015413901,52.51102229153874],[13.42601774697927,52.51049413201127],[13.428084443100698,52.509281947382476],[13.42885623060164,52.50897822184172],[13.42902780934353,52.50803543255258],[13.42842966119953,52.507424063438634],[13.428062612258016,52.50690037656752],[13.42769018728343,52.50636737421717],[13.427200304204371,52.50566606107522],[13.425820879603833,52.50542459371263],[13.424950589673871,52.50517975615508],[13.42405874522347,52.50503769857764],[13.423077731865622,52.50498133545222],[13.422095001366905,52.50502522762018],[13.421132297738778,52.50517546448074],[13.420322034214951,52.5054020131424],[13.419430913360454,52.505649108650694],[13.419047820353947,52.50515543360317],[13.418096070071304,52.504852525376265],[13.417736975408433,52.504357089830876],[13.41679364222793,52.504395512692845],[13.415851548648,52.50465592524235],[13.415042432813223,52.50487955809196],[13.414410955882666,52.504442986967064],[13.41353444336525,52.50421732132852],[13.412725822758405,52.504486808489325],[13.411810096818629,52.50479203957045],[13.410983798154108,52.50559680416791],[13.410343012957204,52.50643741261825],[13.40945499524529,52.506727398445314],[13.408162169665848,52.50623066119404],[13.40739477614279,52.50666410672742],[13.406601362204182,52.507232737441534],[13.405903451644104,52.50775589605177],[13.405336539491303,52.508172347861034],[13.4045802181255,52.50788623352326],[13.403632339901005,52.50817651960595],[13.402753419102517,52.50853567468286],[13.40155447976734,52.50893068148644],[13.400670750857087,52.50922250296037],[13.399773278353761,52.50880767550214],[13.399350315794244,52.508232800497666],[13.39736273277832,52.5080223596387],[13.39449622057252,52.50784468349245],[13.393254704776544,52.50776887547746],[13.39212447689291,52.50769783059447],[13.390887276860402,52.50762591351239],[13.389973675173827,52.50757271022089],[13.388967525035525,52.50751422968789],[13.388021896495225,52.50746053923373],[13.387096194066396,52.50740639355718],[13.385814847816068,52.507332077226565],[13.38427812841895,52.50723813881235],[13.38250778937128,52.507126960663015],[13.379441856709196,52.50694703767541],[13.37861401410838,52.50718917321029],[13.37806783383982,52.50763039752529],[13.377253466809323,52.5072877735376],[13.376941646300581,52.50675213051518],[13.376644537049488,52.50624171969902],[13.376339619285496,52.50571787606325],[13.375994166051443,52.50512470209949],[13.375451379628304,52.50419286441011],[13.375125963984598,52.50363349965335],[13.374250538723077,52.50349394327829],[13.373789552033836,52.503966340077874],[13.373028750531132,52.5033648847311],[13.372579634963023,52.50288138694924],[13.371602909077874,52.501824958801876],[13.37124830409846,52.50116541546433],[13.370918255425995,52.50007309734308],[13.370390447929523,52.499555392719934],[13.369528193921726,52.49886975284744],[13.369600660893406,52.49810929239758],[13.369012234921207,52.49764785751322],[13.368642995948571,52.49700788427368],[13.368591690325141,52.496458600477894],[13.36853815439185,52.495857775611675],[13.368479739507393,52.49521488575409],[13.368428185489936,52.494649728920564],[13.36853984138376,52.4940855911469],[13.368357113271612,52.49354466343584],[13.369164106210519,52.49314002276512],[13.370161696383915,52.49309662339664],[13.371036947842352,52.49292091679573],[13.37179146802305,52.49261108464452],[13.37282625167653,52.49240290866192],[13.373792859278105,52.4922081723163],[13.37467892060936,52.4920296384244],[13.375781301177128,52.49180749409332],[13.376296798663109,52.49131990538378],[13.3756660978628,52.490657168607534],[13.375447482203667,52.490096428242865],[13.375399251969084,52.48943199498534],[13.374195655989695,52.48875346844226],[13.373734431557207,52.48821372898615],[13.374163640323287,52.48771104480738],[13.374158565505637,52.48715817251596],[13.374119561577105,52.48659239008967],[13.37407456277684,52.48594238604358],[13.374032012385381,52.485328254276496],[13.372089748212447,52.48518109528867],[13.372960063855922,52.484942288273075],[13.37403718982695,52.48493589779972],[13.375001722697148,52.48493028852668],[13.375978556507219,52.48492457952689],[13.37686830582424,52.48491924998883],[13.37778882984631,52.48491367944827],[13.378967952884395,52.48490661979321],[13.381207390939268,52.4848936536201],[13.382269486945225,52.48488737809819],[13.383313002767315,52.48488132462319],[13.384371613397066,52.4848752882874],[13.385599336808125,52.48486816995095],[13.386277233482572,52.48523319000151],[13.38629095211158,52.48582647726411],[13.388698885871378,52.48581043460459],[13.39101050575099,52.48579493902662],[13.39202718194317,52.485787939964105],[13.393591152324028,52.48577638956317],[13.394249894821089,52.485331047973986],[13.39424522841661,52.48473658135325],[13.394240009299706,52.48410472206999],[13.397415838976864,52.48396695230552],[13.400228846554716,52.48390532689621],[13.401110539724025,52.48374618277477],[13.402048268679723,52.48362590245323],[13.402978519965622,52.48347854041385],[13.403896567975451,52.48330481530363],[13.406153596393017,52.4828197159029],[13.406652373366846,52.48448549363153],[13.406748392972082,52.48512623478809],[13.406978146688179,52.48566298744671],[13.407459878393981,52.48614986884085],[13.40794828297105,52.4866023480964],[13.408529432279972,52.48714199204255],[13.408253586699047,52.4877329793225],[13.40798336921724,52.48831229031425],[13.407885995593105,52.48886083081797],[13.40889463010275,52.48872915025886],[13.410038932249066,52.488579738007644],[13.4112056134837,52.48842748639059],[13.4122852324999,52.488286471524994],[13.413366026417906,52.48814535470327],[13.415497237311724,52.48786762975282],[13.416677145974848,52.48771345155114],[13.417569366478707,52.48759668267046],[13.418441097796522,52.4874822945132],[13.419906558680763,52.487290614504715],[13.420842987388836,52.48716818967181],[13.42272856064551,52.48663541284471],[13.423681544864067,52.48635828788528],[13.424580698708777,52.48735265945377],[13.425411005115498,52.48808522208677],[13.42507851141396,52.48861810318411],[13.424692459664028,52.48923904811838],[13.424298673087128,52.48987704375362],[13.42398025515277,52.49038747868712],[13.423586036072695,52.49101721236975],[13.423241034278409,52.491570726983475],[13.422921982628505,52.49208376702397],[13.422578856907794,52.492632953030636],[13.422162238632797,52.49330129669423],[13.421804514656104,52.49386270243223],[13.42142421207414,52.4944640498901],[13.421046858038135,52.495062980913346],[13.420462445068946,52.495790595946005],[13.421393657352803,52.495713941803196],[13.422353529623809,52.49548554248802],[13.424935160806381,52.49465710428741],[13.425753535797522,52.49439105407028],[13.428177316901715,52.493602712064636],[13.42909340868925,52.49330427460947],[13.430401386979002,52.492876802521764],[13.431568347995329,52.492505070331006],[13.43366149632814,52.491840310597105],[13.435116723078387,52.491378115656595],[13.436980495905736,52.49078486208096],[13.438271025197382,52.49037578347339],[13.439227897517183,52.489660539991455],[13.439750177026182,52.49031557764756],[13.440228363716752,52.49086094289452],[13.4408634166977,52.49123939557503],[13.441874082744418,52.49202934142149],[13.442480605510159,52.49250072762758],[13.443557929962935,52.49333098896173],[13.444556210655579,52.494101003800765],[13.445223619162,52.494547173854116],[13.44612209658691,52.494736371996304],[13.44700916723623,52.49463371681504],[13.447849502019748,52.49482150015324],[13.448739268513147,52.49548798877118],[13.449863565139735,52.49633091809401],[13.450698449236313,52.49692725250225],[13.451420371300788,52.49732338222278],[13.452384307120454,52.49752987863573],[13.453352357267567,52.49752496062212],[13.455040773496973,52.497368414560384],[13.456319013159604,52.49717417033758],[13.458331595981564,52.496774004782296],[13.459280105656774,52.496585465466254],[13.460515812216432,52.49614300004893],[13.461631768016135,52.495704494201696],[13.462796267574586,52.495406680005566],[13.463736721185374,52.49521710138528],[13.463421177313466,52.49454591362608],[13.46421618445135,52.493742638124935],[13.465582449972457,52.49323749322515],[13.467059331928063,52.49268632038966],[13.468447983938889,52.49235189371629],[13.471018876164464,52.49148723276804],[13.472312038141297,52.49127528834004],[13.473787271133551,52.4910336618486],[13.475441052548225,52.490326155360336],[13.476130048659392,52.489955836061895],[13.477051494535411,52.489306492955244],[13.477633926073747,52.488825740876855],[13.47785403172251,52.48819492152049],[13.478142002322631,52.487637397548006],[13.478585254036192,52.487081753165484],[13.47909554370535,52.48768495956213],[13.480057308163065,52.48793748905826],[13.48093956115898,52.487795155805514],[13.482055731356041,52.48744347674734],[13.482955978077154,52.486046320231374],[13.48369981324073,52.4863866458064],[13.484496699396725,52.48675256939561],[13.485290177644947,52.48710746585087],[13.486701810271004,52.487640196455736],[13.487554236640522,52.487789442738745],[13.488503832909963,52.48783601524655],[13.489434521908956,52.48771274114699],[13.490709081950314,52.48744368857378],[13.49145351470173,52.48826564808013],[13.490164092590941,52.48875906964279],[13.488812855939354,52.489248549772505],[13.488462082405402,52.489888247601996],[13.486087476492573,52.49079873882418],[13.484935947176645,52.49160378876269],[13.483730478587058,52.49193311392235],[13.482641592409594,52.49265485165302],[13.474520466690963,52.498036623899594],[13.473080453285553,52.4989906598575],[13.469795970889935,52.499472337698066],[13.468889746009738,52.49960521580469],[13.468772314750364,52.5001584510162],[13.46915335405973,52.50095795439828],[13.469351384360966,52.50149938430203],[13.469625723720307,52.502162954845005],[13.470206937595972,52.5037427572771],[13.470757761357467,52.50443679150696],[13.471250590802743,52.50495892977655],[13.471517642651516,52.50551544408244],[13.47223335137997,52.50609075282486],[13.472768944315266,52.50657472133461],[13.4731256323047,52.50709114694153],[13.473821830301054,52.5079310958713],[13.474441594614722,52.50861609304847],[13.475419256079059,52.50963380748691],[13.47582822507807,52.510257072739186],[13.476124063388184,52.51105192024129],[13.475990569304216,52.511624707646526],[13.475777738454775,52.51243229773542],[13.47563196227015,52.51305907920718],[13.475488097663007,52.51374503684082],[13.475724725030211,52.514426114134835],[13.47655233453099,52.51466548531353],[13.477484512261736,52.51438871069219],[13.47671358777874,52.51504566848401],[13.476262258342782,52.515718830121415],[13.475965613797175,52.51626185982666],[13.475598194033942,52.51685115274836],[13.475259262697504,52.51738186669016],[13.474746189826345,52.51821503976183],[13.474230619057385,52.519057627922194],[13.473421783077784,52.51947531993581],[13.472893149186532,52.52019488092767],[13.472271610136394,52.52067821574189],[13.471245021544448,52.52062212457334],[13.469968041276996,52.52051768840744],[13.468473463898434,52.52039645036669],[13.467194057097055,52.520292645084346],[13.465577180737869,52.520161451466414],[13.464136010254965,52.52004450135373],[13.46275957596462,52.519932789219794],[13.461873646265586,52.52007659642154],[13.460668817247315,52.52029524397325],[13.459674561154838,52.52047547767858],[13.458780362976213,52.520637612713365],[13.457816289535206,52.520812460747884],[13.456213504290869,52.521103953949044],[13.45529014391105,52.52127227267394]]]]}},{"type":"Feature","properties":{"id":"07","name":"Tempelhof-Schöneberg","authority":"Bezirksamt Tempelhof-Schöneberg von Berlin","source":"Geoportal Berlin (ALKIS), via ODIS Berlin","license":"dl-de/by-2-0"},"geometry":{"type":"MultiPolygon","coordinates":[[[[13.387585314373778,52.38677428901869],[13.387691875883155,52.38610587514825],[13.387777186623309,52.38556648370883],[13.38786220467472,52.38502699826829],[13.387967229919525,52.384343232933524],[13.388034832369046,52.38376336368668],[13.38810723764745,52.38311008316302],[13.388170834154668,52.382536408043975],[13.3881399544618,52.38188839914249],[13.3882409489868,52.381029733917764],[13.388138931504704,52.380304526537294],[13.388100124534583,52.37960715502597],[13.388239025093402,52.37878344316984],[13.388432000339677,52.37786212188075],[13.389518445200313,52.37782336325885],[13.390684072219189,52.37778637434227],[13.391694254843589,52.37775346243251],[13.393203178218045,52.37769520755864],[13.394466784119821,52.37764389570007],[13.39711866021139,52.37758350910549],[13.39825277336474,52.37749822950575],[13.399551082848916,52.37740184686788],[13.400493916370865,52.377348607412515],[13.402384422945545,52.37717338819104],[13.404018556012039,52.376996205088],[13.40611622349729,52.3769084396583],[13.407184810354364,52.37684874185646],[13.408222988928337,52.37673535157665],[13.409104689599436,52.376635652332006],[13.410686174936805,52.376656195459475],[13.411809236818254,52.37677918957855],[13.412834714136244,52.37687784474456],[13.415232220977455,52.37632452892286],[13.416258505384207,52.376290499264194],[13.417143514260205,52.376261428772835],[13.418038649800172,52.37623138130029],[13.418993113700898,52.376200349543666],[13.419893235566564,52.37617047162972],[13.420813037732048,52.37613990578372],[13.421381818573236,52.37704559616209],[13.421780973725102,52.377640222945125],[13.422285507569203,52.378378370819384],[13.42327259547912,52.37978882915723],[13.423776228344316,52.38050908354293],[13.42443644861105,52.38144924510954],[13.424785476420027,52.381945619676785],[13.425237751036288,52.38259096909451],[13.42567986014746,52.38322298209346],[13.426121521001779,52.3838551401881],[13.426582873625348,52.3845161148223],[13.426945592120399,52.38503833474097],[13.427334094518333,52.38559937903013],[13.4274457033031,52.38617603303784],[13.427284396050537,52.386852049865375],[13.427099319391893,52.38746819220165],[13.426868535561223,52.388091341391984],[13.426629380038083,52.38862078000272],[13.426364193812256,52.38927247585859],[13.426100321740254,52.38992087982496],[13.425830820176131,52.390583126610245],[13.425304771295409,52.39175563240835],[13.42505500710359,52.392312376588855],[13.424780463079962,52.3929242657994],[13.424169112595376,52.394272513768385],[13.423858696220307,52.394956166940695],[13.423605005652487,52.39551357490939],[13.42335449159924,52.39606332820981],[13.423093911536869,52.39663510102794],[13.422833696144258,52.39720593404472],[13.422585495095328,52.3977521020673],[13.4222640355401,52.39845631033023],[13.422001309859384,52.39903179238109],[13.42174983962027,52.39958206889817],[13.421442295907298,52.40025598945428],[13.421182096761871,52.40082843737503],[13.420788507708613,52.40170746525514],[13.420510373309881,52.402337485528186],[13.420268472432353,52.40288588164204],[13.419890095618266,52.403742550801354],[13.41961715259026,52.40435820741385],[13.419314797504816,52.40503931269364],[13.419048934043158,52.40564482163957],[13.418796738489863,52.40621818041755],[13.41854467171428,52.406791450451955],[13.418379745257985,52.40733403907044],[13.418289067792795,52.407931046735534],[13.4184106038831,52.40876872924896],[13.418557687123418,52.409460790075514],[13.419156689243723,52.410079314025445],[13.418395727368173,52.41074164997679],[13.41747560622565,52.41106076017008],[13.416642459777933,52.411379742527636],[13.415804991499407,52.41170779620526],[13.414933947122464,52.41205213540908],[13.413803115172737,52.412443000675495],[13.41292175938604,52.41269160129712],[13.411847752510784,52.41302638647908],[13.410878690872824,52.41326447872583],[13.409968664116121,52.4133890788918],[13.408931647984648,52.41342508986469],[13.408037689475794,52.41342173975206],[13.407121536690434,52.41335695256621],[13.40612713032367,52.41324861070278],[13.405178868279245,52.41311176045643],[13.404213306488142,52.41296715237303],[13.403152313223833,52.41280779640462],[13.402302140781563,52.41306760979367],[13.402008068766062,52.41358612348616],[13.40168612921219,52.41415373832128],[13.401336580954778,52.414768929063605],[13.40095068958876,52.415449919398554],[13.40063359967791,52.4160111592392],[13.400337408724077,52.41653470213609],[13.400009331864958,52.41711425058135],[13.399497171455314,52.41801930546172],[13.399923417714362,52.418533987179224],[13.402011522374833,52.41926858984743],[13.402955370769877,52.41951589803154],[13.404239646726161,52.41985226671175],[13.404935738696619,52.42032771089236],[13.405468149342852,52.4217637841377],[13.403997929725048,52.421967448337696],[13.403127882020252,52.42208796893038],[13.403033899117078,52.42273192615899],[13.403478457870976,52.4233063003813],[13.403845915793388,52.423809887142774],[13.404322660157845,52.424446587928834],[13.4047187733154,52.42495382234411],[13.405138663165964,52.425502618713075],[13.4055249404409,52.42607057895492],[13.405851108437421,52.4266354615553],[13.406118145306426,52.42718109606486],[13.406336272866845,52.427808142219554],[13.406542200813721,52.428641047600316],[13.406665962532706,52.42932696312305],[13.40676796499437,52.4298911502076],[13.407306146664348,52.430790372133096],[13.407675132630084,52.431334840330656],[13.408245486592671,52.432225616563436],[13.40860566920138,52.432729673595794],[13.408911251211807,52.43331346576302],[13.409069524646737,52.43392719367638],[13.409328597333442,52.43446300221025],[13.409694998983026,52.43500394912926],[13.410060535035894,52.4356018782487],[13.410379599516228,52.43614444307643],[13.410420099973498,52.436701963917656],[13.410523212152889,52.43729715424771],[13.410751960798935,52.43790723220755],[13.410974526292632,52.43843254767894],[13.411216807526023,52.43901603971185],[13.411466852216597,52.43966650278926],[13.411671615801536,52.44019922902811],[13.411932131337595,52.44087595991262],[13.412150542065367,52.441443951978925],[13.412376362326603,52.442032722726715],[13.412667041181466,52.44274112793561],[13.412892612973645,52.44329214926563],[13.413124294043264,52.44386043418495],[13.41339752959707,52.44453078634881],[13.413668075640441,52.44518325423274],[13.413886901015108,52.44570729924785],[13.414443742067116,52.446556285495525],[13.414998315929024,52.448070269231636],[13.415731671236372,52.449266713010026],[13.415945935897422,52.450168815349286],[13.416078262100424,52.450825431235224],[13.416388933843475,52.45140840620819],[13.416836851337383,52.452239476259315],[13.41828005895924,52.45297012305243],[13.418758608078356,52.4535855648782],[13.419319334292721,52.454243830963414],[13.419709405274336,52.45475594665597],[13.420203828783077,52.45547501943002],[13.420714204612663,52.4562172124168],[13.421169952885139,52.45672395116888],[13.422114946363626,52.456663942137986],[13.423529473074442,52.45661389897427],[13.42494664369649,52.456597725723526],[13.426569666696135,52.45669987344581],[13.424980422235956,52.45770296069275],[13.424143986436187,52.45808043257803],[13.422875647205952,52.458541394541356],[13.422070337065142,52.458834894200926],[13.420769209046261,52.4593097011469],[13.421143972659351,52.46021224458613],[13.422806161007598,52.46046333769284],[13.423020761325231,52.461271687530385],[13.42197195111338,52.46151620165862],[13.422099868520188,52.46223112951252],[13.421899713266457,52.46286719744691],[13.42170956095338,52.463496709104106],[13.421648104777482,52.46466818764188],[13.421620546207677,52.46530066901238],[13.421542123073218,52.46583855921733],[13.42039501919536,52.46572782138],[13.419350703439363,52.46562614256678],[13.418138868628587,52.46551124487365],[13.416879620678971,52.465396419364595],[13.416745829877598,52.46599342847362],[13.416557899117159,52.46683298545748],[13.416039332412266,52.469151595992585],[13.415780402142472,52.470310311517686],[13.4155958749886,52.470986408662846],[13.415437482508391,52.471566821457245],[13.414820063116965,52.4738291384914],[13.414672078147305,52.474371342479785],[13.414124975047953,52.47637573456094],[13.413587942407005,52.47834312552163],[13.411216485166555,52.47799039404822],[13.407441412483513,52.4781123283593],[13.406751088010914,52.478683309773096],[13.40623962432144,52.48015741861182],[13.406109690364334,52.480767450479156],[13.406189442436013,52.481509896646756],[13.406350520289097,52.48247230008416],[13.404199512617241,52.483241118599445],[13.403285968392819,52.483423529324696],[13.402359580265756,52.48357976623529],[13.401422298940101,52.48370927995347],[13.400476179622203,52.48381189120795],[13.397415838976864,52.48396695230552],[13.394638666450652,52.4840278373255],[13.394243591487445,52.484543357825665],[13.39424963160988,52.48529581717468],[13.393591152324028,52.48577638956317],[13.392674913576851,52.48578320238509],[13.391740115193711,52.485790070468006],[13.388758769633299,52.485810036492325],[13.386843428858962,52.48582283679768],[13.38628107081989,52.48539833754739],[13.38598192543764,52.48486593718129],[13.385001782675138,52.48487162068651],[13.384003152684214,52.48487740315613],[13.382753512795086,52.48488454694903],[13.381376669753532,52.484892481511004],[13.379048589810385,52.48490614236529],[13.377810572831187,52.48491354605197],[13.37686830582424,52.48491924998883],[13.375978556507219,52.48492457952689],[13.375001722697148,52.48493028852668],[13.37403718982695,52.48493589779972],[13.372960063855922,52.484942288273075],[13.371934821945938,52.48494831310169],[13.373230766766143,52.485174377597794],[13.374037555424682,52.485407974054425],[13.374082246445091,52.48605391893746],[13.374124587648394,52.486665368372265],[13.374159492292321,52.48725244841711],[13.373683587651453,52.48773625657413],[13.37398815236143,52.48851074167144],[13.374731168871655,52.489380343826156],[13.375421632485924,52.489740734416145],[13.375475267808769,52.49045635647978],[13.376013238936478,52.4910219488646],[13.376434118120615,52.49167598692637],[13.375519163317223,52.49186032303456],[13.374411987289928,52.4920834150369],[13.373247322171606,52.4923180959806],[13.37228026549739,52.49251289364112],[13.371393829743363,52.49269145844918],[13.370469612907609,52.493035104056695],[13.369547027576816,52.49321957682768],[13.368623477381067,52.49324883302024],[13.368581451929892,52.49395556865321],[13.368428185489936,52.494649728920564],[13.368479739507393,52.49521488575409],[13.36853815439185,52.495857775611675],[13.368591690325141,52.496458600477894],[13.368642204682367,52.49699941270202],[13.368944337042306,52.497594476125045],[13.369600660893406,52.49810929239758],[13.369717537993484,52.49872152696316],[13.36879385974337,52.49878097557839],[13.367806825151266,52.498915320207416],[13.36657743603103,52.49908264390747],[13.36569276414418,52.4992022810964],[13.364720583130888,52.499334431596395],[13.3637839320146,52.49946140111629],[13.362537544291675,52.49966269513629],[13.36144055963349,52.49997662748744],[13.360365896895368,52.500284151711384],[13.35954648817802,52.50052029169583],[13.358662614116943,52.50077144602147],[13.357838818003325,52.50100582305595],[13.356571043041912,52.501334602780695],[13.355486795801493,52.50159748862796],[13.35440530496205,52.50185998934537],[13.353015271586708,52.50219685791775],[13.351388770270388,52.50258927141169],[13.350203579178846,52.502837970978725],[13.34923239254071,52.503072660652855],[13.348154239866147,52.50333334392339],[13.34714995334269,52.503576671485675],[13.342595887748011,52.50467664148744],[13.341500536239147,52.50494117746471],[13.340980123406535,52.50445930973802],[13.34040724248529,52.5039288436853],[13.339915729699925,52.50347362165792],[13.33939636301188,52.50299266044812],[13.338863816479305,52.502500093022704],[13.337912346253576,52.50161862371417],[13.337358795855453,52.50110608145347],[13.337520303597902,52.50047423098934],[13.338291965312852,52.500165022563294],[13.338990200593738,52.499417366912866],[13.338169607949155,52.49801539427306],[13.337880228073342,52.49738334948514],[13.337603248106458,52.49679497742546],[13.337334819955585,52.49606017764875],[13.337310445370075,52.49534354406045],[13.337343174232982,52.494785292338776],[13.337457221044355,52.494189044820565],[13.33711453505076,52.49238732309856],[13.337146490163024,52.49178084958106],[13.337101193106301,52.49118707356117],[13.337370799597249,52.49053363469829],[13.336914599764022,52.490017754474685],[13.33696901775711,52.489468268018015],[13.33695960775792,52.48888339398727],[13.33715978673294,52.48830017156668],[13.337103794156397,52.48716107318667],[13.337053145410811,52.485921366343995],[13.337097010357207,52.48481665099568],[13.337115876411819,52.48281590830215],[13.337088251944182,52.482202392410876],[13.337051675470379,52.48070795500463],[13.33716425572597,52.48012228665217],[13.33706317404561,52.47921524509743],[13.337066350842596,52.47852498141498],[13.336074394050737,52.47806861008884],[13.335038121417556,52.47799830017018],[13.333740622005442,52.47790306420897],[13.332895244414926,52.47772168576823],[13.329584859037643,52.477436021560145],[13.32865288129949,52.47744183637573],[13.327575536347776,52.47745033586142],[13.326158939573439,52.477470730744486],[13.324322805521831,52.477482126743],[13.322418553213272,52.477490361232704],[13.321045188891715,52.47747701552226],[13.32040868087392,52.47700357308955],[13.320342022195687,52.47543622056669],[13.320314077775809,52.47477814261095],[13.320278535620025,52.47394301833434],[13.320248434936703,52.473236051246865],[13.320189776978166,52.47185007446945],[13.32016297641189,52.47122003799555],[13.320209142071885,52.470675483441624],[13.320521219880696,52.47013044330735],[13.320098484109392,52.469642527527405],[13.320062816681604,52.46886419831544],[13.320037171522548,52.468257627051074],[13.320009733328773,52.46761078547986],[13.319982932785106,52.46698046080064],[13.320992758185517,52.466963125172654],[13.321891375380373,52.466641567072195],[13.322710921684418,52.4663479584762],[13.32362810148592,52.46601956545631],[13.324470485041962,52.46571824829456],[13.325524218204711,52.465340705023934],[13.326437674888087,52.46501348746557],[13.327575881381824,52.464606587188854],[13.328523814493838,52.464704416052925],[13.329016290764214,52.46521283413392],[13.329946071818616,52.465449938860694],[13.330841361723143,52.46534331837238],[13.331411314973069,52.46585734226426],[13.332476277774964,52.465994805182284],[13.333566680034098,52.46613553906863],[13.33466605661297,52.466277387249136],[13.335512284005983,52.46674200790415],[13.336244901707436,52.467388247218565],[13.337024668948803,52.467113931809834],[13.337710080558713,52.46674804031176],[13.338481738529952,52.46638164824396],[13.338878732905606,52.46576788298185],[13.339423822670918,52.465247672524214],[13.340182383787992,52.464784196268745],[13.34100743501003,52.46427890368881],[13.341837856872356,52.46377120813609],[13.34249137702708,52.46337167351438],[13.343110066856443,52.46298205917844],[13.343846791791112,52.46245272578929],[13.34442728852466,52.46203561412304],[13.347735780436468,52.45931971120708],[13.348085179291717,52.45882326015904],[13.349043645050198,52.458764867798685],[13.349063704285545,52.4579151364029],[13.349078233395097,52.457295035280374],[13.349638604691014,52.45676862587904],[13.35089320899192,52.456619412982405],[13.351990689700582,52.45689462135623],[13.352947244034283,52.45712357504667],[13.353683059819367,52.45670074127427],[13.35397633751507,52.45613840442253],[13.354394522611164,52.45564425012152],[13.355509606141071,52.45564249878667],[13.356249288020521,52.455274171738886],[13.35668861794095,52.45444363646007],[13.357293398097388,52.453448584025146],[13.357635464840037,52.45271308882631],[13.35821752694508,52.451819154989764],[13.358497785165293,52.451254621202686],[13.358961433128922,52.450619955913304],[13.359385211073036,52.44984051658609],[13.359856592238241,52.44916489221571],[13.360182108766773,52.44857573482062],[13.360612200985848,52.44774202674264],[13.360949852974189,52.44711318639422],[13.361324126174607,52.44645961423624],[13.361812621169035,52.44566359307466],[13.362119823716943,52.44510657194598],[13.362384054543506,52.44457290749343],[13.363059012303998,52.44345611224249],[13.36341461055168,52.4428148086669],[13.363905099411705,52.44206686451405],[13.364370790301674,52.44128407598947],[13.364877359713327,52.44044782268976],[13.365242591241312,52.439860459278925],[13.365627496267566,52.43930017850671],[13.365953667248505,52.438768324253054],[13.36637371896453,52.43803812512832],[13.366760182969674,52.437335405274304],[13.367066558299811,52.43679544314148],[13.367503233062052,52.43587598849823],[13.367957567055763,52.435125064737875],[13.368266244769055,52.43461592620623],[13.368838951003111,52.43368157524146],[13.36919419702324,52.43307439803371],[13.36976020092625,52.43215036199542],[13.370135484354762,52.431579899687804],[13.370535181981644,52.430982160614974],[13.370880760987296,52.430436435015835],[13.371191733852896,52.429925045688684],[13.371455467941164,52.42936897480521],[13.37112599157615,52.42884734129227],[13.36975284072511,52.4281575698763],[13.36882178579027,52.427732632450635],[13.367918362366126,52.427611316432305],[13.367538979616368,52.4270760451161],[13.367176379541666,52.42656408478449],[13.36674145637991,52.42594979286435],[13.366336016632026,52.425377347265666],[13.365951949636226,52.424834938606466],[13.365588122388187,52.424321346621255],[13.365204608909721,52.42377996799476],[13.364824934859893,52.42324398193013],[13.364399385109866,52.42264320731128],[13.36401110642131,52.422143918539554],[13.363618868122277,52.421659651919825],[13.361800357043602,52.421008099597955],[13.360812978590266,52.42072397401133],[13.359870639272637,52.420381707112796],[13.359269895443068,52.41994430820521],[13.357698751354087,52.419412282878504],[13.356338358753352,52.418917927087065],[13.355217040105307,52.41850799220713],[13.353708864567595,52.418054015231135],[13.352754905461895,52.41773214596927],[13.351798446254318,52.417365700299754],[13.350973014985916,52.41703657217305],[13.349891472907025,52.41669775839991],[13.348879445306173,52.4163954750516],[13.347836617897785,52.41606584159451],[13.346983737369834,52.415786769623345],[13.34599248574927,52.41544866979766],[13.345219672143141,52.41515566279228],[13.344181470731746,52.41474132761733],[13.343185075670872,52.41434352867042],[13.343051329701918,52.41347266443808],[13.343086576915137,52.41290542180683],[13.34307789380846,52.41235765887923],[13.342959546728569,52.41181359160131],[13.343296849450047,52.410871860625754],[13.343185331114029,52.40935240619073],[13.343057743604486,52.40768641069277],[13.34368535333891,52.4072952830673],[13.344428031897115,52.406832448899436],[13.34594419629817,52.40590530966304],[13.34693059959879,52.405302207435184],[13.347908233486459,52.4047036949256],[13.348542890657543,52.404294361010706],[13.349283087359877,52.40382359463004],[13.349968445993078,52.40341162544641],[13.35083175832423,52.40290300641475],[13.351533136678487,52.40256172550615],[13.352361613368002,52.40216805773164],[13.353174304973905,52.40171234017162],[13.353925372657121,52.40126530763348],[13.354583205928721,52.40089118657957],[13.355291025373246,52.40056122137029],[13.356014167070372,52.40022647491854],[13.35674016446375,52.39988222403188],[13.357460321857214,52.39952709802675],[13.358153755287228,52.399143570612786],[13.35883373903884,52.39875971755078],[13.3595602113508,52.398392690174106],[13.360615347367876,52.398002353553125],[13.361407467151594,52.39766622939269],[13.362439249349077,52.3972217220306],[13.363284358218374,52.396960659501374],[13.364220976236055,52.396677138497594],[13.365675936161912,52.39613567982646],[13.36687866105955,52.39568728471195],[13.368341192379004,52.395142391521105],[13.370153793908514,52.394467205448024],[13.37195088365967,52.3937974516277],[13.37153893796747,52.39240443078793],[13.371285261649808,52.39156083473903],[13.371004247720817,52.390624170026875],[13.370703045005957,52.389597142423746],[13.3705174498061,52.388975128932636],[13.370355229544396,52.38842721090529],[13.373215439288618,52.388302534404176],[13.375001059872732,52.388201743561716],[13.376771942766895,52.38816074914872],[13.3778504312338,52.38814621865374],[13.378775840883995,52.38816084116171],[13.380299343577484,52.388230796109234],[13.381214623766773,52.38827170401757],[13.3823888078181,52.38832032976482],[13.38342628406305,52.38836407085277],[13.385103682365623,52.38844434969731],[13.386176610116959,52.38850459144447],[13.387300172237564,52.388574361794895],[13.387417206160022,52.38788780297498],[13.38751583467551,52.38721907430644]]]]}}]}