{"type": "FeatureCollection", "features": [{"type": "Feature", "properties": {"id": "1", "name": "Potsdam-Mittelmark", "authority": "Landkreis Potsdam-Mittelmark", "kind": "Landkreis"}, "geometry": {"type": "Polygon", "coordinates": [[[12.2158471, 52.1711175], [12.2193693, 52.1675949], [12.227512, 52.1643088], [12.2336795, 52.1627983], [12.232737, 52.1590595], [12.2321391, 52.1566251], [12.2348356, 52.1520856], [12.2369972, 52.1499442], [12.2397211, 52.1471991], [12.2416705, 52.1438212], [12.2428717, 52.1413212], [12.2452263, 52.1393213], [12.2474354, 52.1374594], [12.2519338, 52.1359809], [12.2559981, 52.134761], [12.2604256, 52.1333157], [12.2636698, 52.1319436], [12.2651601, 52.128809], [12.2677776, 52.1252855], [12.2683949, 52.1220533], [12.2694411, 52.1184587], [12.2697362, 52.1160765], [12.270716, 52.1129008], [12.2721938, 52.1098275], [12.2745497, 52.1075618], [12.2759281, 52.1045382], [12.2799408, 52.1039712], [12.2836613, 52.1040298], [12.292471, 52.1007913], [12.2955656, 52.0986925], [12.2999498, 52.0965397], [12.3037823, 52.0955455], [12.3080308, 52.095107], [12.3148135, 52.0930575], [12.3175644, 52.0911354], [12.3193668, 52.0889573], [12.3198925, 52.0856166], [12.3206671, 52.0829035], [12.3230307, 52.0803715], [12.3242956, 52.0781574], [12.3252806, 52.0757891], [12.3273673, 52.0727917], [12.3287449, 52.0706128], [12.3306503, 52.0685545], [12.3327003, 52.066571], [12.3362047, 52.0648491], [12.3390789, 52.0634127], [12.3420486, 52.062026], [12.3459539, 52.060309], [12.3489795, 52.0583822], [12.351033, 52.0556299], [12.3527067, 52.0533215], [12.3561646, 52.0493576], [12.3585289, 52.0473084], [12.3626427, 52.0463105], [12.3687915, 52.0456793], [12.3727041, 52.0455637], [12.3766306, 52.0449871], [12.3810955, 52.0444659], [12.3847494, 52.0438057], [12.3895152, 52.0435958], [12.3919062, 52.0410907], [12.3942639, 52.039126], [12.3966226, 52.0368912], [12.3999981, 52.0348385], [12.4034474, 52.0325271], [12.4063142, 52.030696], [12.4092508, 52.0289102], [12.4139972, 52.0276364], [12.4181637, 52.0271896], [12.4213791, 52.0254737], [12.4235882, 52.0223002], [12.4270973, 52.0194419], [12.4305168, 52.0180724], [12.4340793, 52.0170967], [12.4383817, 52.0166268], [12.4435469, 52.0166999], [12.4478403, 52.0165849], [12.4510878, 52.0188477], [12.4517237, 52.0231576], [12.4525244, 52.0259959], [12.4555649, 52.0287656], [12.4592986, 52.0322217], [12.4607652, 52.0345856], [12.4647574, 52.0347651], [12.4701658, 52.0345849], [12.4756847, 52.034012], [12.4807278, 52.0331749], [12.4805861, 52.0300462], [12.4812513, 52.0278203], [12.4825259, 52.0242], [12.4830752, 52.0219448], [12.4840709, 52.0194465], [12.4852725, 52.0170854], [12.4894782, 52.0151072], [12.4940434, 52.0116148], [12.4973055, 52.0102245], [12.5018436, 52.0080811], [12.5054386, 52.0071795], [12.5100347, 52.0066333], [12.5185619, 52.0055818], [12.5252852, 52.0049279], [12.5302848, 52.004212], [12.5358185, 52.0029283], [12.5362712, 51.9995901], [12.5380918, 51.9963797], [12.539425, 51.9937352], [12.5399759, 51.9912665], [12.540087, 51.9888407], [12.5393129, 51.9856075], [12.5435765, 51.9846412], [12.5484578, 51.9843583], [12.5554709, 51.9841947], [12.56062, 51.9838055], [12.5643324, 51.9836905], [12.5692107, 51.9835876], [12.5772935, 51.9833247], [12.5814901, 51.982865], [12.5888858, 51.9820509], [12.5972635, 51.98152], [12.6012291, 51.9814934], [12.6050562, 51.9816562], [12.6092258, 51.9819234], [12.6139762, 51.9822336], [12.6141434, 51.9853516], [12.6153548, 51.9877969], [12.6148294, 51.9903617], [12.6173276, 51.9922391], [12.621496, 51.9929029], [12.6274028, 51.992777], [12.6320607, 51.9934147], [12.6357535, 51.9937879], [12.6399839, 51.9941659], [12.644636, 51.9943092], [12.6453379, 51.9987135], [12.6463225, 52.001063], [12.648146, 52.0037652], [12.6482137, 52.0063501], [12.6492661, 52.0085474], [12.6517887, 52.0101762], [12.6542343, 52.012297], [12.6610395, 52.01328], [12.6671964, 52.013186], [12.6718797, 52.0120532], [12.6745512, 52.0097029], [12.6758183, 52.0067145], [12.6783513, 52.005035], [12.6823189, 52.0034004], [12.6902807, 52.0027524], [12.6945465, 52.0029284], [12.6985795, 52.0027234], [12.7024855, 52.0016314], [12.7075495, 52.0004953], [12.711667, 51.9997429], [12.711326, 51.9971397], [12.715403, 51.9953165], [12.71948, 51.9935461], [12.724029, 51.9913527], [12.7276798, 51.9897671], [12.7320904, 51.9881112], [12.7359402, 51.9889811], [12.7400739, 51.9894163], [12.7446752, 51.9888674], [12.7482337, 51.9875706], [12.7536299, 51.9867497], [12.7570674, 51.9853889], [12.758992, 51.9825135], [12.7625204, 51.9805577], [12.7668784, 51.9794258], [12.7703652, 51.9821114], [12.7765873, 51.9832536], [12.7801922, 51.9839408], [12.78386, 51.9848232], [12.7911491, 51.9863839], [12.7948828, 51.9870446], [12.7986121, 51.9874965], [12.804676, 51.9883422], [12.8154046, 51.989737], [12.8140013, 51.9937115], [12.8212992, 51.9938882], [12.8260863, 51.9938093], [12.8304312, 51.9950014], [12.8360917, 51.995525], [12.8426084, 51.9969275], [12.8459388, 52.0001669], [12.8476861, 52.0026108], [12.8476273, 52.0050385], [12.8479336, 52.007393], [12.8492723, 52.0115467], [12.8509108, 52.0138082], [12.852609, 52.0167593], [12.8540584, 52.0198163], [12.8585524, 52.0192709], [12.8628518, 52.018618], [12.8640795, 52.0233255], [12.8677913, 52.0222987], [12.8712857, 52.0208271], [12.8764891, 52.0195306], [12.8794689, 52.0234748], [12.881553, 52.0256463], [12.8861471, 52.0265234], [12.8902343, 52.0270595], [12.8943129, 52.0280538], [12.8981394, 52.030195], [12.9010157, 52.0319175], [12.9035624, 52.0343106], [12.906867, 52.0352748], [12.911336, 52.0345698], [12.9146141, 52.0335741], [12.9182152, 52.0325875], [12.9225258, 52.0332603], [12.9261265, 52.0338079], [12.9313455, 52.0342277], [12.9351408, 52.0333861], [12.9394039, 52.0335578], [12.943969, 52.0323169], [12.950931, 52.030635], [12.9561076, 52.0298396], [12.952668, 52.0275629], [12.9620536, 52.0250345], [12.967431, 52.0246024], [12.9726183, 52.0238343], [12.9765856, 52.0248909], [12.9699779, 52.0270175], [12.9713351, 52.0315192], [12.9639946, 52.0340286], [12.9669613, 52.0355612], [12.9650159, 52.0377109], [12.9613366, 52.0394406], [12.9560532, 52.0393856], [12.957054, 52.0418779], [12.9568479, 52.0442319], [12.9570162, 52.0465973], [12.9573575, 52.0491482], [12.9569185, 52.0515491], [12.9564093, 52.0543136], [12.9567515, 52.0569391], [12.9577513, 52.0595801], [12.9595208, 52.0621854], [12.9603466, 52.0646479], [12.9698452, 52.065174], [12.965051, 52.0692699], [12.9692535, 52.0698531], [12.9710754, 52.0723971], [12.9718611, 52.0747159], [12.9722379, 52.0778653], [12.97547, 52.0802721], [12.9759474, 52.0826036], [12.9787008, 52.0843689], [12.9757903, 52.0859739], [12.9727869, 52.0841856], [12.9713657, 52.0867126], [12.9751747, 52.0876349], [12.9796446, 52.0879149], [12.9831051, 52.0910974], [12.984691, 52.0935216], [12.9888414, 52.093585], [12.9925528, 52.0930129], [12.9961969, 52.0934321], [12.9875552, 52.1015537], [12.9807995, 52.1082912], [12.9756798, 52.1134624], [12.9765127, 52.1167626], [12.9767539, 52.1194327], [12.9788671, 52.1227103], [12.9762914, 52.1246716], [12.9720578, 52.128123], [12.9673192, 52.1297193], [12.9625204, 52.1299807], [12.9621698, 52.132384], [12.9606083, 52.1355021], [12.9558018, 52.1385049], [12.9538754, 52.1411267], [12.9501388, 52.1432698], [12.9538226, 52.1442618], [12.9583532, 52.1442731], [12.9655815, 52.1445313], [12.9719115, 52.1452555], [12.975854, 52.145965], [12.9793787, 52.1471516], [12.9824043, 52.1485342], [12.9871035, 52.1503512], [12.9934335, 52.1527605], [12.9969261, 52.1542508], [13.0020166, 52.1573682], [13.0081964, 52.1616351], [13.0117919, 52.1624478], [13.0169082, 52.164292], [13.0206167, 52.1666102], [13.0240016, 52.1680599], [13.0319185, 52.1715158], [13.0362357, 52.1733727], [13.0395112, 52.1750307], [13.043902, 52.1772787], [13.0484123, 52.1793965], [13.0521277, 52.1803194], [13.0564251, 52.1815173], [13.0586467, 52.184138], [13.0624548, 52.1861468], [13.0659175, 52.1875645], [13.0681311, 52.1896345], [13.0736452, 52.1922933], [13.0774096, 52.1943191], [13.0818799, 52.1961981], [13.0837162, 52.1981562], [13.0851531, 52.2009309], [13.0875178, 52.2054739], [13.0895894, 52.2091355], [13.0904722, 52.2117292], [13.0940997, 52.2121032], [13.0933947, 52.2144299], [13.0944445, 52.2168187], [13.0983749, 52.2177876], [13.0985139, 52.2204251], [13.100119, 52.2225171], [13.1022853, 52.2244562], [13.1031949, 52.227187], [13.1076566, 52.2278969], [13.1096039, 52.2304823], [13.1127073, 52.2321858], [13.1112846, 52.2342629], [13.1136502, 52.2367506], [13.1053422, 52.2436819], [13.1096952, 52.2468097], [13.11303, 52.2478373], [13.1141595, 52.250399], [13.1146761, 52.2528924], [13.1146698, 52.2555547], [13.1174951, 52.2572143], [13.1212166, 52.2572274], [13.1245805, 52.2560581], [13.1280935, 52.2574224], [13.131444, 52.2590663], [13.1323508, 52.261386], [13.1349633, 52.2635178], [13.1387938, 52.2633578], [13.1417793, 52.2649217], [13.1462406, 52.2657076], [13.1494471, 52.2671265], [13.1536944, 52.2689313], [13.155698, 52.2712351], [13.1574667, 52.2735359], [13.1605282, 52.2749847], [13.1627728, 52.2770755], [13.1603691, 52.2789183], [13.1568696, 52.2804741], [13.1568176, 52.2832168], [13.1553827, 52.2853155], [13.153144, 52.2871233], [13.1509213, 52.2890231], [13.1477708, 52.2902929], [13.1439854, 52.2897519], [13.1417577, 52.2917237], [13.1408707, 52.2939634], [13.1378342, 52.2952602], [13.1410796, 52.2970911], [13.1428259, 52.3005661], [13.1473728, 52.2974326], [13.1489886, 52.2950122], [13.1525999, 52.2961263], [13.1573942, 52.2975182], [13.1633004, 52.2992691], [13.1669137, 52.2984451], [13.1710331, 52.2978922], [13.1738502, 52.2997191], [13.1762782, 52.3016189], [13.1742585, 52.3035786], [13.1669915, 52.3076856], [13.1626391, 52.3103058], [13.1631178, 52.3149132], [13.1641907, 52.3171038], [13.1681661, 52.3166451], [13.1716785, 52.318061], [13.1773631, 52.3201298], [13.1822884, 52.3207868], [13.1833953, 52.324108], [13.1868834, 52.3257762], [13.1897756, 52.3273721], [13.193501, 52.3276431], [13.1979181, 52.3286299], [13.2024471, 52.3285344], [13.206039, 52.3280397], [13.2104691, 52.3269752], [13.2151194, 52.3257768], [13.2187613, 52.3248322], [13.2228334, 52.3237385], [13.2265231, 52.3246447], [13.2301625, 52.3255636], [13.2348158, 52.3269185], [13.239455, 52.3282114], [13.2455681, 52.3300083], [13.2529479, 52.3320381], [13.2518591, 52.3343281], [13.2511771, 52.3370146], [13.2524192, 52.3405389], [13.2526628, 52.3437047], [13.2535576, 52.3461281], [13.2536415, 52.3485607], [13.2549892, 52.3508086], [13.2586936, 52.3511926], [13.2712051, 52.3544252], [13.2750771, 52.3559431], [13.2793597, 52.3606092], [13.2841781, 52.3644011], [13.2873447, 52.3660543], [13.2906034, 52.3689854], [13.292711, 52.3723626], [13.2941961, 52.3759987], [13.2952991, 52.3783978], [13.2954545, 52.3806558], [13.3016429, 52.3812655], [13.3060637, 52.3816742], [13.3080943, 52.3860889], [13.3054794, 52.3885502], [13.30898, 52.3897676], [13.3108223, 52.3917328], [13.3116825, 52.3940618], [13.3120382, 52.3968284], [13.3120638, 52.3991062], [13.309908, 52.4012689], [13.3076868, 52.4035544], [13.3056249, 52.4055184], [13.3032595, 52.4077513], [13.3010989, 52.4096668], [13.2987179, 52.4118654], [13.2966877, 52.4137598], [13.2968965, 52.4160584], [13.2934677, 52.4146848], [13.2903758, 52.4129849], [13.2803489, 52.407362], [13.2772507, 52.4059101], [13.2737124, 52.4046911], [13.2700595, 52.404189], [13.2659348, 52.4044392], [13.2623427, 52.4054831], [13.2580731, 52.4063947], [13.2538234, 52.4061205], [13.2497798, 52.4049784], [13.2492716, 52.4074368], [13.2490108, 52.4102232], [13.2485062, 52.4139407], [13.2477129, 52.4166191], [13.2471439, 52.4188971], [13.2459511, 52.4211746], [13.2414235, 52.4209424], [13.237621, 52.4207952], [13.2338162, 52.4205169], [13.2297491, 52.4204955], [13.2260478, 52.4208386], [13.2214099, 52.4201197], [13.2170942, 52.4191683], [13.2139195, 52.4179507], [13.2103513, 52.4169863], [13.2065921, 52.4162156], [13.2027511, 52.4156663], [13.1983684, 52.4154696], [13.1923007, 52.4138748], [13.1875224, 52.412267], [13.1835592, 52.4109449], [13.1799677, 52.4097504], [13.1760911, 52.4084525], [13.1723587, 52.4072023], [13.1680417, 52.4057777], [13.16371, 52.4043092], [13.1593543, 52.4028628], [13.1593201, 52.4004109], [13.158257, 52.3980012], [13.1613202, 52.3966347], [13.1664746, 52.3971313], [13.1701519, 52.3976171], [13.1693374, 52.3946286], [13.1669107, 52.3928999], [13.162901, 52.3917249], [13.1594092, 52.3908119], [13.156294, 52.3893606], [13.1541605, 52.3874747], [13.1525856, 52.3853229], [13.1508925, 52.3831482], [13.1480031, 52.3811285], [13.1493549, 52.3789263], [13.1493592, 52.3763986], [13.1494572, 52.374072], [13.1495681, 52.3716098], [13.1492687, 52.3692781], [13.1475781, 52.3672355], [13.1470051, 52.3648857], [13.1470604, 52.3615404], [13.1413353, 52.3614465], [13.1401233, 52.3591922], [13.1403373, 52.356528], [13.1404726, 52.3529872], [13.136587, 52.3541067], [13.136582, 52.3518235], [13.1302233, 52.3512145], [13.1264287, 52.3510359], [13.1231372, 52.3528573], [13.1210867, 52.3552522], [13.1163407, 52.3554988], [13.1119607, 52.354709], [13.1060505, 52.3551565], [13.1047482, 52.3583332], [13.1038691, 52.3606141], [13.1040547, 52.3629116], [13.1008568, 52.3614264], [13.0988843, 52.359427], [13.0964624, 52.3567652], [13.0942178, 52.3544446], [13.0890611, 52.3564486], [13.0852322, 52.3563805], [13.0812461, 52.3564088], [13.0761239, 52.3549735], [13.0720324, 52.3540949], [13.0680735, 52.3550958], [13.0643168, 52.3555688], [13.0607362, 52.3569148], [13.0562677, 52.3574388], [13.052166, 52.3577493], [13.0484163, 52.3544862], [13.0510198, 52.3527014], [13.0541366, 52.3512116], [13.0571564, 52.3499216], [13.0606442, 52.3485348], [13.0580121, 52.3461278], [13.0556314, 52.3440258], [13.0491797, 52.3435344], [13.0461213, 52.3448377], [13.0443752, 52.3427865], [13.0374328, 52.3447435], [13.031065, 52.3473872], [13.0223401, 52.34688], [13.0174932, 52.3496618], [13.0142496, 52.3519196], [13.0102572, 52.3549339], [13.0024692, 52.3586529], [13.0000746, 52.360509], [12.9970399, 52.3634776], [12.9935663, 52.3659869], [12.9881784, 52.3655767], [12.9848136, 52.3646022], [12.9814961, 52.3656018], [12.979427, 52.3684486], [12.977733, 52.3708894], [12.9752482, 52.3726051], [12.9713568, 52.3736681], [12.9725178, 52.3759434], [12.9760239, 52.3773959], [12.9791475, 52.3793829], [12.977023, 52.381803], [12.9794796, 52.3842438], [12.9819745, 52.3869644], [12.9772212, 52.3892941], [12.974059, 52.3880214], [12.9715044, 52.3863081], [12.9653211, 52.3845778], [12.96139, 52.3851171], [12.9606026, 52.3875371], [12.9577135, 52.3898207], [12.9532056, 52.3915625], [12.9499503, 52.3928178], [12.9458266, 52.3927945], [12.9417985, 52.3926585], [12.9364416, 52.3928931], [12.9351771, 52.3954293], [12.9353667, 52.399631], [12.9362417, 52.4024318], [12.9363678, 52.4050717], [12.9381201, 52.4083703], [12.9381508, 52.4108717], [12.9365803, 52.413356], [12.9369012, 52.4157359], [12.9349698, 52.4178021], [12.9357718, 52.4205034], [12.9354801, 52.4233865], [12.9356209, 52.4260613], [12.9369243, 52.4283239], [12.9387314, 52.4303894], [12.9399699, 52.4326005], [12.943598, 52.4332562], [12.947184, 52.4339241], [12.9482302, 52.4361662], [12.9488161, 52.4384159], [12.9494942, 52.4410092], [12.9485182, 52.4433568], [12.946894, 52.4455189], [12.9441024, 52.447604], [12.9425922, 52.4503952], [12.9448999, 52.4521757], [12.9365646, 52.4547908], [12.9295702, 52.457022], [12.9252535, 52.4579514], [12.9109752, 52.4585864], [12.9062742, 52.4590111], [12.8992942, 52.4597887], [12.8945471, 52.4603865], [12.8953612, 52.4569888], [12.8954094, 52.4546303], [12.8936098, 52.4521347], [12.8916044, 52.4501168], [12.8881915, 52.4522212], [12.8850879, 52.454006], [12.8807436, 52.4541731], [12.8772239, 52.4531461], [12.8738732, 52.4544355], [12.8704235, 52.4557474], [12.8682122, 52.4582096], [12.8644903, 52.459796], [12.8601558, 52.4600648], [12.8563495, 52.4608265], [12.8521387, 52.4620372], [12.8485445, 52.4631948], [12.8448527, 52.4646618], [12.8413454, 52.4656836], [12.8375733, 52.4673237], [12.8334885, 52.4685036], [12.8294787, 52.4697699], [12.8255149, 52.4713442], [12.8210259, 52.4726641], [12.8175051, 52.4734736], [12.8137882, 52.4734175], [12.8100956, 52.4729091], [12.811691, 52.4708199], [12.8125337, 52.4685816], [12.8123478, 52.4660935], [12.8085478, 52.4659645], [12.8049846, 52.4651268], [12.8011358, 52.4651947], [12.797728, 52.4642637], [12.7947545, 52.4628656], [12.7909815, 52.4632778], [12.7874481, 52.4642798], [12.7835765, 52.464211], [12.7802795, 52.4631098], [12.7751802, 52.4640214], [12.7717752, 52.4650908], [12.7678897, 52.465559], [12.7640659, 52.465926], [12.7616385, 52.4636285], [12.7598638, 52.4613543], [12.7571873, 52.4596097], [12.7528494, 52.458312], [12.7492808, 52.4589725], [12.7455058, 52.4587234], [12.7394675, 52.4655037], [12.7464795, 52.4671593], [12.745074, 52.4702988], [12.7439389, 52.4730281], [12.7424454, 52.4774718], [12.7477069, 52.4784232], [12.7597115, 52.4811986], [12.7578665, 52.4843187], [12.7567287, 52.4865215], [12.7545699, 52.4897229], [12.7499006, 52.4888915], [12.7482223, 52.4914842], [12.7439732, 52.4930359], [12.7405867, 52.4946144], [12.7348401, 52.497793], [12.7470573, 52.5076126], [12.7496401, 52.5094186], [12.745654, 52.5121776], [12.7419893, 52.5145189], [12.7380051, 52.5168217], [12.7345161, 52.5188077], [12.7297289, 52.5212467], [12.7260525, 52.5229188], [12.721532, 52.5239517], [12.7160452, 52.5251636], [12.7125078, 52.5244792], [12.7111582, 52.5222266], [12.7122637, 52.5198183], [12.7127251, 52.5175234], [12.7125643, 52.5152124], [12.7106329, 52.5173125], [12.7087151, 52.519507], [12.7096202, 52.5217103], [12.7068096, 52.5233661], [12.7070186, 52.5256865], [12.7077733, 52.5279526], [12.7087035, 52.5301653], [12.7105991, 52.5321182], [12.712688, 52.5340612], [12.7123734, 52.5363337], [12.7141629, 52.5383367], [12.7166548, 52.5401315], [12.7198705, 52.5414395], [12.7235719, 52.5412216], [12.7222161, 52.5435756], [12.7192298, 52.5452839], [12.7153979, 52.5455173], [12.7118888, 52.5443553], [12.7076944, 52.545841], [12.7005485, 52.5471657], [12.6968549, 52.5477529], [12.692718, 52.5493389], [12.6886009, 52.5485364], [12.6855178, 52.5470435], [12.6833409, 52.5451409], [12.6814312, 52.5422619], [12.6772829, 52.5414973], [12.6742368, 52.5400966], [12.672615, 52.5374702], [12.6678389, 52.5379203], [12.6640348, 52.5386588], [12.6605721, 52.5397236], [12.6571602, 52.5405968], [12.6509638, 52.542137], [12.6465112, 52.541251], [12.6458454, 52.5388181], [12.6431998, 52.5369042], [12.6394106, 52.5368328], [12.636205, 52.5389438], [12.6322619, 52.5389751], [12.6288693, 52.5378914], [12.6250025, 52.537776], [12.6212811, 52.5373107], [12.6174666, 52.5369805], [12.6124567, 52.5370784], [12.6102224, 52.5348207], [12.6075194, 52.5332663], [12.6032122, 52.5328391], [12.5991097, 52.53175], [12.5951962, 52.5306969], [12.5911937, 52.5295746], [12.5872806, 52.5284738], [12.5832355, 52.5274249], [12.5791086, 52.5270101], [12.5745209, 52.5269781], [12.5705083, 52.5278299], [12.5656838, 52.5283693], [12.5617064, 52.5286662], [12.55795, 52.5293651], [12.5535296, 52.529883], [12.5475285, 52.5306959], [12.5487863, 52.5333856], [12.5424502, 52.5334126], [12.5391037, 52.5366662], [12.5363814, 52.5382421], [12.5314644, 52.5368301], [12.5273727, 52.5375627], [12.5237819, 52.5382991], [12.520734, 52.5363024], [12.5171663, 52.5355981], [12.5137159, 52.5346233], [12.5100189, 52.5351271], [12.5061579, 52.5355476], [12.5019498, 52.5369519], [12.4994237, 52.5386422], [12.4980695, 52.5411341], [12.4967637, 52.5434972], [12.494261, 52.5452368], [12.4906251, 52.5442496], [12.4867217, 52.5459044], [12.4898525, 52.547512], [12.4885933, 52.549881], [12.485181, 52.5509554], [12.4813031, 52.5522265], [12.4815095, 52.5546677], [12.4851874, 52.5541682], [12.4875988, 52.5561051], [12.4833298, 52.5567655], [12.4784225, 52.5572154], [12.4773507, 52.5549236], [12.4735543, 52.5551026], [12.468912, 52.5547896], [12.4640847, 52.5547895], [12.4609882, 52.5527637], [12.4556775, 52.5510827], [12.4514976, 52.5511035], [12.4455413, 52.5517964], [12.4403013, 52.5524984], [12.4283352, 52.5539584], [12.4282293, 52.5499758], [12.4269425, 52.5472331], [12.4291933, 52.5439525], [12.4291603, 52.5408048], [12.425146, 52.5401529], [12.4212755, 52.5419497], [12.4171851, 52.5425556], [12.4133537, 52.5420636], [12.4094505, 52.5404237], [12.4063231, 52.5387499], [12.4084828, 52.5368359], [12.4124095, 52.5340493], [12.4143837, 52.5319059], [12.4181001, 52.5313408], [12.4242033, 52.5293381], [12.4276228, 52.5273463], [12.4249233, 52.5237567], [12.4272223, 52.5186769], [12.4293102, 52.5150809], [12.4282351, 52.5128733], [12.4242665, 52.5112958], [12.4204632, 52.5105521], [12.4167269, 52.5103252], [12.4192781, 52.5079211], [12.4200506, 52.5047082], [12.4220282, 52.5025171], [12.4197111, 52.4984038], [12.4161716, 52.5003123], [12.4145845, 52.4979684], [12.4115808, 52.4954397], [12.4161083, 52.4934519], [12.4220914, 52.4929447], [12.4222334, 52.4904624], [12.4207837, 52.4882807], [12.4170393, 52.485168], [12.4150227, 52.4817424], [12.4138079, 52.4795216], [12.4128751, 52.4771396], [12.4160696, 52.4757895], [12.4204538, 52.4758874], [12.425549, 52.4760009], [12.4293737, 52.4760749], [12.4330737, 52.4759096], [12.4380514, 52.4762827], [12.4419551, 52.4775391], [12.4458462, 52.4783793], [12.4499092, 52.479222], [12.448285, 52.4771303], [12.4475382, 52.4746059], [12.4479974, 52.4723484], [12.444343, 52.4717241], [12.4409226, 52.4708523], [12.4401258, 52.4685382], [12.4397016, 52.4663011], [12.438546, 52.4635759], [12.436842, 52.4615696], [12.434561, 52.4596187], [12.4323094, 52.4577088], [12.4286231, 52.4578093], [12.4306608, 52.454908], [12.4275365, 52.4534946], [12.42411, 52.4524807], [12.4222603, 52.4502215], [12.4220263, 52.4478409], [12.4237752, 52.4457536], [12.4255551, 52.4436058], [12.425881, 52.4410754], [12.4237983, 52.4390662], [12.4228622, 52.4367853], [12.4214585, 52.4346516], [12.4241623, 52.4330811], [12.4263567, 52.4310187], [12.4294175, 52.4297609], [12.4327996, 52.430692], [12.4347395, 52.4286318], [12.434812, 52.4263406], [12.4333957, 52.4241866], [12.4330254, 52.4216393], [12.4319059, 52.4193903], [12.4305758, 52.4168013], [12.4341301, 52.4174323], [12.4346746, 52.4198693], [12.4354587, 52.4224821], [12.4373413, 52.4250149], [12.4407173, 52.4263776], [12.4412643, 52.4240738], [12.4427969, 52.4219193], [12.4460913, 52.423796], [12.4476573, 52.4259358], [12.4473418, 52.4292035], [12.4475965, 52.4316738], [12.4458246, 52.4361998], [12.4450262, 52.4385703], [12.4449133, 52.4413197], [12.4449443, 52.4438956], [12.4448676, 52.4461661], [12.4437335, 52.4501558], [12.4442798, 52.4535034], [12.4589127, 52.4512536], [12.4675368, 52.4499066], [12.4725569, 52.4563658], [12.4760497, 52.4594059], [12.4796756, 52.4600706], [12.4843895, 52.4624713], [12.488139, 52.4651649], [12.4911428, 52.4679471], [12.4944478, 52.4696388], [12.4989195, 52.4695858], [12.5021793, 52.471952], [12.5054564, 52.4731636], [12.5117032, 52.4747137], [12.5118233, 52.4722252], [12.5099036, 52.4700847], [12.5089079, 52.4677087], [12.5092937, 52.4649906], [12.5126302, 52.4632981], [12.5129342, 52.4609666], [12.5149615, 52.4587882], [12.5160732, 52.4551935], [12.5174428, 52.4528655], [12.5222864, 52.4532381], [12.5251577, 52.450522], [12.5311583, 52.449562], [12.5368503, 52.4490079], [12.5414174, 52.4493083], [12.5471834, 52.4493754], [12.552392, 52.4491973], [12.556205, 52.4475019], [12.560058, 52.4475131], [12.5618467, 52.4494925], [12.5639526, 52.4513726], [12.5647969, 52.4536], [12.5657646, 52.455936], [12.5648792, 52.4581793], [12.5654257, 52.4604178], [12.5671689, 52.4624158], [12.5656125, 52.4645683], [12.5661651, 52.4668054], [12.5659001, 52.4690544], [12.5656605, 52.4713153], [12.5656538, 52.4736554], [12.5653577, 52.4760279], [12.5672534, 52.4780474], [12.571219, 52.4788876], [12.574945, 52.4783947], [12.5785534, 52.4776444], [12.5809897, 52.47939], [12.5836094, 52.4810005], [12.5874511, 52.480591], [12.5909175, 52.4797898], [12.5948694, 52.479502], [12.5964928, 52.4815302], [12.5980909, 52.4837997], [12.5986595, 52.4860647], [12.5999383, 52.4882085], [12.6023092, 52.4899554], [12.6038312, 52.4920457], [12.6075544, 52.4914499], [12.6105803, 52.4901434], [12.614286, 52.4904802], [12.6182762, 52.4907066], [12.6218447, 52.4900635], [12.6241256, 52.4882046], [12.627507, 52.4869122], [12.6286348, 52.4890848], [12.6313132, 52.4909833], [12.6347915, 52.4919135], [12.6401836, 52.4909582], [12.6428005, 52.4892352], [12.6455802, 52.4877071], [12.6464217, 52.4853241], [12.6486417, 52.4833507], [12.6525509, 52.483948], [12.6546839, 52.48582], [12.6538625, 52.4881608], [12.6547472, 52.4903447], [12.6557106, 52.4926451], [12.6567946, 52.4948563], [12.6593125, 52.497273], [12.6631478, 52.4978518], [12.6646548, 52.500588], [12.6685842, 52.5019252], [12.6723362, 52.5023506], [12.6766062, 52.5028736], [12.6800567, 52.5039091], [12.683512, 52.5049552], [12.6854022, 52.5070168], [12.6887218, 52.508218], [12.6921825, 52.5092935], [12.6958065, 52.5098994], [12.6992574, 52.5108223], [12.7019024, 52.5124147], [12.7061408, 52.5116124], [12.7049358, 52.5093112], [12.7017571, 52.5081193], [12.6980915, 52.5075191], [12.6945643, 52.5066499], [12.6915462, 52.5051228], [12.6919317, 52.5028823], [12.6906428, 52.5007218], [12.6902715, 52.4984354], [12.6896516, 52.4960604], [12.6878342, 52.4939415], [12.6844491, 52.4930068], [12.6806216, 52.4932074], [12.6775051, 52.4946497], [12.6739742, 52.4954279], [12.6701337, 52.4953732], [12.668107, 52.492902], [12.6655915, 52.490753], [12.6617799, 52.4902272], [12.6580941, 52.4898639], [12.6560472, 52.4877397], [12.655079, 52.4854454], [12.6527471, 52.4835878], [12.6492286, 52.4828566], [12.645614, 52.4835964], [12.6431294, 52.4854999], [12.6398338, 52.4869657], [12.6361241, 52.4877324], [12.6329283, 52.4863089], [12.63228, 52.4840569], [12.6286878, 52.4834125], [12.625513, 52.4821583], [12.6212825, 52.4833363], [12.6185455, 52.4850317], [12.6144528, 52.4856413], [12.6106409, 52.4851393], [12.6068301, 52.4847644], [12.6038521, 52.4834143], [12.6027536, 52.4811658], [12.5994731, 52.4794509], [12.5961643, 52.477962], [12.5923611, 52.4773736], [12.5878505, 52.4769613], [12.5846413, 52.4756384], [12.5807747, 52.4758399], [12.5788986, 52.4735919], [12.5780604, 52.4713419], [12.5774549, 52.4690827], [12.5760034, 52.4669317], [12.5734544, 52.4652547], [12.5731013, 52.4629187], [12.5737711, 52.4604865], [12.5746247, 52.4581945], [12.5763077, 52.4557847], [12.5763084, 52.4533212], [12.5739904, 52.4514927], [12.5718601, 52.4496551], [12.5717403, 52.447305], [12.57457, 52.4456354], [12.5880673, 52.4467828], [12.5907818, 52.4490236], [12.5930166, 52.4508608], [12.5968812, 52.4519525], [12.6005758, 52.4517926], [12.6026783, 52.4537311], [12.6057149, 52.4552049], [12.610472, 52.4557821], [12.6160207, 52.4574577], [12.6195731, 52.4584733], [12.6239313, 52.4581273], [12.6273582, 52.4562951], [12.6318154, 52.4547008], [12.6357072, 52.4531839], [12.6385839, 52.4513657], [12.6423077, 52.4516088], [12.6470047, 52.4529156], [12.6508483, 52.4539658], [12.6559418, 52.4553593], [12.6588652, 52.4538825], [12.6635384, 52.4541525], [12.6666526, 52.4525652], [12.6702987, 52.4519058], [12.6707646, 52.448475], [12.6745461, 52.4477917], [12.6782805, 52.4479179], [12.6820211, 52.4484621], [12.6856137, 52.4491311], [12.6878057, 52.4471723], [12.6890818, 52.4448665], [12.6918999, 52.4466884], [12.6958082, 52.4464382], [12.6998751, 52.4463544], [12.7030113, 52.4475587], [12.7043436, 52.4454255], [12.7027694, 52.4432981], [12.6986614, 52.4432751], [12.6961098, 52.4449252], [12.694021, 52.4430212], [12.6892224, 52.4409826], [12.6872008, 52.44297], [12.6832827, 52.4425923], [12.6795051, 52.4419459], [12.6767215, 52.4403787], [12.6745046, 52.4385538], [12.6716177, 52.4366481], [12.6728053, 52.433665], [12.6736808, 52.4312155], [12.6748806, 52.4282642], [12.6764704, 52.4262185], [12.679179, 52.423969], [12.6816821, 52.4218978], [12.6841562, 52.420198], [12.6871555, 52.4183803], [12.6852453, 52.4163586], [12.6843102, 52.4139702], [12.6839221, 52.4115949], [12.6811093, 52.4099992], [12.6773099, 52.4097635], [12.6742249, 52.4084662], [12.6705244, 52.4084396], [12.6664812, 52.4073716], [12.6651155, 52.4040044], [12.6642589, 52.4011134], [12.6633036, 52.3988682], [12.660713, 52.3965114], [12.658731, 52.3944212], [12.6562548, 52.3921631], [12.6529109, 52.3935628], [12.651468, 52.3960492], [12.6476677, 52.3957073], [12.6439194, 52.3955027], [12.6401753, 52.3954067], [12.6352364, 52.3949124], [12.6313405, 52.3944827], [12.6267665, 52.3939611], [12.6217638, 52.3935103], [12.6175055, 52.3931136], [12.6132818, 52.3927332], [12.6105167, 52.3910508], [12.6093144, 52.3881199], [12.6084492, 52.3858535], [12.6073401, 52.383347], [12.6063128, 52.3809111], [12.6050289, 52.3781325], [12.6040497, 52.375686], [12.6031521, 52.3734011], [12.6042433, 52.3709596], [12.6061916, 52.3685512], [12.6063012, 52.3661744], [12.6024683, 52.3653621], [12.598775, 52.3644917], [12.5970298, 52.3624751], [12.5969951, 52.3599094], [12.5943254, 52.3582765], [12.5936657, 52.3557889], [12.5937184, 52.3532168], [12.593714, 52.3504121], [12.5937882, 52.3480871], [12.5891289, 52.3483825], [12.5844435, 52.3485043], [12.5796833, 52.3485844], [12.5758092, 52.3487855], [12.5718769, 52.348352], [12.5678986, 52.3478884], [12.5642832, 52.3472456], [12.5592258, 52.3482979], [12.5563145, 52.3497045], [12.5532729, 52.3510851], [12.5510389, 52.3529712], [12.545867, 52.3532394], [12.5418762, 52.3534338], [12.5379378, 52.3536276], [12.5357502, 52.3518029], [12.5339676, 52.3486964], [12.5288545, 52.3481653], [12.5230456, 52.3472813], [12.5249191, 52.3446781], [12.5258094, 52.3423019], [12.5187293, 52.3371206], [12.5150419, 52.3379862], [12.5107691, 52.338677], [12.5099708, 52.331988], [12.5052111, 52.3320721], [12.504667, 52.3280369], [12.5053348, 52.322421], [12.5001857, 52.3222438], [12.4965818, 52.3230419], [12.4916632, 52.324178], [12.4877949, 52.3250718], [12.4829441, 52.3262206], [12.4795827, 52.3249375], [12.4763066, 52.3235387], [12.4753983, 52.3207879], [12.4747003, 52.3185206], [12.4706962, 52.3191414], [12.467083, 52.3202689], [12.4645256, 52.3185647], [12.4608391, 52.3179005], [12.4568462, 52.3177105], [12.4529094, 52.3173836], [12.4488155, 52.3169909], [12.4449918, 52.3165863], [12.4412548, 52.3161963], [12.4376697, 52.3155237], [12.4339942, 52.3149389], [12.4299372, 52.3138352], [12.4263266, 52.3131155], [12.4228035, 52.3123893], [12.4192684, 52.3117416], [12.4178762, 52.3138252], [12.417315, 52.3164943], [12.417126, 52.319218], [12.4172309, 52.3215145], [12.4169446, 52.3240372], [12.4168869, 52.3264829], [12.4169242, 52.3288155], [12.4171542, 52.3310854], [12.418735, 52.3331973], [12.422818, 52.3346987], [12.4221156, 52.3370455], [12.4213748, 52.3395225], [12.4183302, 52.3411757], [12.4164825, 52.3434715], [12.4137024, 52.3454353], [12.4122653, 52.3479241], [12.4084811, 52.3473256], [12.4071499, 52.3495001], [12.4053224, 52.3519278], [12.4026799, 52.3561483], [12.3999904, 52.3579046], [12.3969851, 52.3601085], [12.3952565, 52.362607], [12.398661, 52.364484], [12.3988346, 52.3795514], [12.3955488, 52.3806864], [12.3940472, 52.38354], [12.3929581, 52.3865096], [12.3916023, 52.3889601], [12.3921199, 52.3912326], [12.3908097, 52.3935811], [12.3899967, 52.3958325], [12.3911087, 52.3980667], [12.3932812, 52.399963], [12.3918039, 52.4022036], [12.3880091, 52.4035237], [12.388919, 52.4062465], [12.3889129, 52.4085433], [12.3886888, 52.4112319], [12.3880003, 52.4140373], [12.3871762, 52.4173255], [12.3869811, 52.4200181], [12.387286, 52.422282], [12.3873957, 52.4252252], [12.3875702, 52.4284178], [12.3881368, 52.4317036], [12.3895896, 52.4346987], [12.3854197, 52.4339879], [12.380918, 52.4331969], [12.376766, 52.4327574], [12.3735598, 52.4313875], [12.3751675, 52.4292981], [12.3763121, 52.4268615], [12.3718468, 52.4275984], [12.3679071, 52.4281516], [12.3640009, 52.4285269], [12.3640335, 52.4328767], [12.3629919, 52.4352288], [12.3622284, 52.4377898], [12.3620016, 52.4400683], [12.3614125, 52.4425027], [12.3507256, 52.4410742], [12.3443563, 52.4392656], [12.3407422, 52.4385676], [12.3352137, 52.4392045], [12.3294315, 52.4396973], [12.3250005, 52.4419139], [12.3216255, 52.4446745], [12.3210313, 52.4479362], [12.3202145, 52.4502659], [12.3195964, 52.4526685], [12.3145535, 52.4519392], [12.3106133, 52.4520758], [12.3066528, 52.4518846], [12.3040446, 52.4495778], [12.3032412, 52.4463409], [12.3068107, 52.4453789], [12.306226, 52.4429073], [12.3033998, 52.4403623], [12.302206, 52.4380039], [12.3028165, 52.4353988], [12.3003976, 52.4333442], [12.2942971, 52.4317771], [12.2905871, 52.4313581], [12.2912208, 52.4288375], [12.2935222, 52.4268688], [12.2965684, 52.4249693], [12.2925051, 52.4231743], [12.2893573, 52.4216348], [12.2861776, 52.4204668], [12.2821709, 52.4188232], [12.2785333, 52.4174994], [12.2745991, 52.4160343], [12.2749971, 52.4134191], [12.2776842, 52.4113316], [12.2830533, 52.4100445], [12.2869608, 52.4089544], [12.2912184, 52.4078612], [12.2954604, 52.4076596], [12.2993157, 52.4091212], [12.3010519, 52.4070488], [12.3019785, 52.4045026], [12.3016246, 52.4013435], [12.3029294, 52.3988758], [12.3028137, 52.396552], [12.3000957, 52.3947535], [12.2967637, 52.393375], [12.2946426, 52.3905515], [12.2930716, 52.3881796], [12.2924357, 52.3857722], [12.2934933, 52.3834923], [12.2945586, 52.3810981], [12.2983609, 52.3798576], [12.3021608, 52.3790264], [12.3063532, 52.378318], [12.3043128, 52.3760654], [12.3031882, 52.3738283], [12.3007048, 52.3711112], [12.2966099, 52.3710497], [12.2912951, 52.3702857], [12.2869478, 52.3695688], [12.2842308, 52.3678662], [12.2840846, 52.3651639], [12.2859468, 52.3628203], [12.289757, 52.3602215], [12.292305, 52.3580306], [12.2946501, 52.3556733], [12.297128, 52.3539854], [12.2979522, 52.3512333], [12.3001606, 52.3493144], [12.3041051, 52.3476635], [12.3070736, 52.346328], [12.307371, 52.3440161], [12.3039016, 52.3409665], [12.3014114, 52.3384195], [12.2991608, 52.3355528], [12.2974288, 52.3333481], [12.2939252, 52.3289066], [12.2892649, 52.322429], [12.2844069, 52.3213497], [12.2813261, 52.3183606], [12.2795444, 52.3155457], [12.2779764, 52.313081], [12.27535, 52.3093737], [12.2737896, 52.3068788], [12.2731263, 52.3045609], [12.2704672, 52.3020873], [12.2679065, 52.3000802], [12.2658035, 52.2981999], [12.2636418, 52.2960962], [12.2632892, 52.2937281], [12.2619221, 52.2915086], [12.2600581, 52.2888915], [12.2572944, 52.2852259], [12.2554095, 52.2814], [12.2536723, 52.2784154], [12.2518756, 52.2754538], [12.2508512, 52.2726427], [12.2509629, 52.2702657], [12.2509295, 52.2662479], [12.2516376, 52.2638279], [12.2544926, 52.2619307], [12.252855, 52.2598111], [12.2504214, 52.2574748], [12.2478386, 52.2557206], [12.2470458, 52.2529028], [12.2456962, 52.2505597], [12.2507945, 52.2494231], [12.2562005, 52.2489731], [12.2591723, 52.247141], [12.2593145, 52.2442265], [12.2627324, 52.242414], [12.2681639, 52.2425832], [12.2694996, 52.2404875], [12.2726083, 52.2391975], [12.2750635, 52.2374789], [12.2714902, 52.2361094], [12.2655281, 52.2360367], [12.2618139, 52.2355421], [12.2650649, 52.2340526], [12.2686156, 52.2351985], [12.2734111, 52.2354266], [12.2771206, 52.2348111], [12.2815534, 52.2342737], [12.2850871, 52.2335901], [12.2855634, 52.2313411], [12.2885643, 52.2296607], [12.2922298, 52.2291319], [12.2960146, 52.2289544], [12.2931895, 52.2268787], [12.2911662, 52.2247884], [12.2877842, 52.2222394], [12.2853254, 52.2203189], [12.2821868, 52.2183414], [12.2792004, 52.2169482], [12.2747796, 52.2162474], [12.2707066, 52.2155244], [12.2669942, 52.2152442], [12.2633349, 52.2160461], [12.2587453, 52.2159537], [12.2557273, 52.2143442], [12.2518909, 52.2130268], [12.2489495, 52.211627], [12.246919, 52.2094718], [12.2451958, 52.20745], [12.248685, 52.2063475], [12.2523707, 52.2058299], [12.2520097, 52.2025266], [12.2501975, 52.2005435], [12.2477105, 52.1979297], [12.2445997, 52.1967106], [12.2423361, 52.1940514], [12.2424798, 52.1917656], [12.2441329, 52.1889773], [12.2445662, 52.1861306], [12.2475664, 52.1837044], [12.242884, 52.1822538], [12.2386069, 52.1827972], [12.2348442, 52.1842471], [12.2310713, 52.1846987], [12.2282561, 52.1862376], [12.2230068, 52.179631], [12.2213747, 52.1775857], [12.2192071, 52.1748758], [12.2175504, 52.1722609], [12.2158471, 52.1711175]]]}}, {"type": "Feature", "properties": {"id": "2", "name": "Potsdam", "authority": "Landeshauptstadt Potsdam", "kind": "Kreisfreie Stadt"}, "geometry": {"type": "Polygon", "coordinates": [[[12.886989, 52.4620316], [12.8883253, 52.4643628], [12.8909839, 52.4661316], [12.8941605, 52.4678297], [12.8977366, 52.4686435], [12.9015329, 52.4693744], [12.9051438, 52.4699424], [12.9095932, 52.4713839], [12.9142537, 52.4726402], [12.917322, 52.4743757], [12.9165074, 52.4773042], [12.9159651, 52.4799526], [12.9175485, 52.4823972], [12.9205883, 52.4838714], [12.9241778, 52.4853828], [12.9277423, 52.4861193], [12.9316646, 52.4864762], [12.9315861, 52.4888434], [12.9337146, 52.4907943], [12.9350539, 52.4934166], [12.9338139, 52.4956623], [12.934327, 52.4983063], [12.9356877, 52.5007771], [12.9392475, 52.5019026], [12.9430818, 52.5021219], [12.9452787, 52.5041685], [12.9490974, 52.5044356], [12.9529281, 52.5024595], [12.955631, 52.5046501], [12.9590325, 52.5057849], [12.962893, 52.5059667], [12.9666149, 52.505768], [12.9719058, 52.506538], [12.9757753, 52.5071056], [12.9801357, 52.5077456], [12.9848516, 52.508417], [12.9890699, 52.509031], [12.9929491, 52.5096138], [12.9945956, 52.5126624], [12.9998943, 52.5140979], [13.0039759, 52.5146704], [13.0054028, 52.5123793], [13.0078408, 52.5104394], [13.0103808, 52.5087912], [13.0122255, 52.5067115], [13.0176153, 52.4982814], [13.021323, 52.4964716], [13.0199608, 52.4930381], [13.0225192, 52.488841], [13.024747, 52.4866138], [13.0273744, 52.4844279], [13.0287558, 52.4822351], [13.0313885, 52.4802308], [13.0356712, 52.4806886], [13.0394141, 52.4808], [13.0406717, 52.4776968], [13.0421282, 52.4751627], [13.0435073, 52.4729468], [13.044721, 52.4700845], [13.0468713, 52.4671761], [13.0504082, 52.4664069], [13.0548753, 52.4648083], [13.0581535, 52.4635104], [13.0596432, 52.4611578], [13.0567685, 52.459696], [13.0605163, 52.4593353], [13.0648291, 52.4594603], [13.0696138, 52.4599112], [13.0734256, 52.4611522], [13.0768763, 52.4622597], [13.0828538, 52.4642346], [13.0865149, 52.4654332], [13.0903778, 52.4667089], [13.0937195, 52.4678123], [13.0960324, 52.4698069], [13.0958414, 52.4724401], [13.0957968, 52.4754363], [13.0960911, 52.4779449], [13.0963901, 52.4804546], [13.0966901, 52.4829409], [13.0969632, 52.4852034], [13.0972386, 52.4875367], [13.0975236, 52.4899139], [13.0979042, 52.4931041], [13.10171, 52.4935183], [13.1052605, 52.4928537], [13.1096932, 52.4920738], [13.1136454, 52.4914413], [13.1180772, 52.4910099], [13.1218124, 52.4915309], [13.1245104, 52.4930968], [13.1275578, 52.4944596], [13.130196, 52.4962452], [13.1330339, 52.4981452], [13.1354112, 52.5000234], [13.1382147, 52.5020006], [13.1424594, 52.5022109], [13.1463346, 52.5021268], [13.1510435, 52.5019678], [13.1558064, 52.5017243], [13.1542598, 52.499473], [13.1516037, 52.4975797], [13.1484142, 52.4953987], [13.1453011, 52.4929646], [13.1429842, 52.4911655], [13.1402613, 52.4890582], [13.1371014, 52.4866042], [13.1346123, 52.4846726], [13.1316295, 52.4823514], [13.1286057, 52.4800301], [13.1239691, 52.4782488], [13.1197908, 52.4776079], [13.1175924, 52.4757675], [13.1172345, 52.4732799], [13.1141292, 52.4700651], [13.1118552, 52.4674466], [13.1110075, 52.4646597], [13.1113408, 52.4618635], [13.1119678, 52.459227], [13.1125179, 52.4569229], [13.1120553, 52.454625], [13.1107327, 52.4524144], [13.1100556, 52.4500125], [13.1122943, 52.4481794], [13.1145082, 52.4463579], [13.1173457, 52.4448227], [13.1190963, 52.4428362], [13.1231211, 52.439615], [13.117218, 52.4361645], [13.1139305, 52.4329662], [13.1127834, 52.4291958], [13.1080198, 52.4266611], [13.1045678, 52.4239826], [13.1009493, 52.4251627], [13.0977237, 52.423466], [13.088345, 52.4196325], [13.0902086, 52.4135513], [13.0914423, 52.4114007], [13.0973918, 52.4094186], [13.0975611, 52.4116912], [13.0998603, 52.4137193], [13.1011219, 52.411577], [13.1038945, 52.409904], [13.107203, 52.4110863], [13.1077803, 52.4133325], [13.1100543, 52.4115526], [13.1085061, 52.409243], [13.1096938, 52.4065358], [13.1118193, 52.4039855], [13.1163373, 52.4023233], [13.1202323, 52.3998485], [13.1231598, 52.3978788], [13.1269226, 52.3965713], [13.1325231, 52.3986632], [13.1364085, 52.3981948], [13.1374992, 52.3960194], [13.134493, 52.3936865], [13.1317811, 52.3918242], [13.1272922, 52.3916083], [13.1272324, 52.3893158], [13.1300414, 52.3877686], [13.1339786, 52.3887364], [13.1308088, 52.3900904], [13.1331368, 52.3925037], [13.1364246, 52.3945066], [13.1400864, 52.3962392], [13.1438588, 52.3961391], [13.1478888, 52.3952952], [13.1521957, 52.3949254], [13.1567959, 52.394276], [13.1613656, 52.3940608], [13.1657552, 52.394282], [13.1643555, 52.3920744], [13.1608787, 52.3912411], [13.1574614, 52.39004], [13.1547055, 52.3881578], [13.1531658, 52.3859326], [13.1514567, 52.3835345], [13.1485912, 52.3821085], [13.1490568, 52.3797221], [13.1493592, 52.3763986], [13.1494572, 52.374072], [13.1495681, 52.3716098], [13.1492687, 52.3692781], [13.1475781, 52.3672355], [13.1470051, 52.3648857], [13.1470604, 52.3615404], [13.1413353, 52.3614465], [13.1401233, 52.3591922], [13.1403373, 52.356528], [13.1404726, 52.3529872], [13.136587, 52.3541067], [13.136582, 52.3518235], [13.1302233, 52.3512145], [13.1264287, 52.3510359], [13.1231372, 52.3528573], [13.1210867, 52.3552522], [13.1163407, 52.3554988], [13.1119607, 52.354709], [13.1060505, 52.3551565], [13.1047482, 52.3583332], [13.1038691, 52.3606141], [13.1040547, 52.3629116], [13.1008568, 52.3614264], [13.0988843, 52.359427], [13.0964624, 52.3567652], [13.0942178, 52.3544446], [13.0890611, 52.3564486], [13.0852322, 52.3563805], [13.0812461, 52.3564088], [13.0761239, 52.3549735], [13.0720324, 52.3540949], [13.0680735, 52.3550958], [13.0643168, 52.3555688], [13.0607362, 52.3569148], [13.0562677, 52.3574388], [13.052166, 52.3577493], [13.0484163, 52.3544862], [13.0510198, 52.3527014], [13.0541366, 52.3512116], [13.0571564, 52.3499216], [13.0606442, 52.3485348], [13.0580121, 52.3461278], [13.0556314, 52.3440258], [13.0491797, 52.3435344], [13.0461213, 52.3448377], [13.0443752, 52.3427865], [13.0374328, 52.3447435], [13.031065, 52.3473872], [13.0223401, 52.34688], [13.0174932, 52.3496618], [13.0142496, 52.3519196], [13.0102572, 52.3549339], [13.0024692, 52.3586529], [13.0000746, 52.360509], [12.9970399, 52.3634776], [12.9935663, 52.3659869], [12.9881784, 52.3655767], [12.9848136, 52.3646022], [12.9814961, 52.3656018], [12.979427, 52.3684486], [12.977733, 52.3708894], [12.9752482, 52.3726051], [12.9713568, 52.3736681], [12.9725178, 52.3759434], [12.9760239, 52.3773959], [12.9791475, 52.3793829], [12.977023, 52.381803], [12.9794796, 52.3842438], [12.9819745, 52.3869644], [12.9772212, 52.3892941], [12.974059, 52.3880214], [12.9715044, 52.3863081], [12.9653211, 52.3845778], [12.96139, 52.3851171], [12.9606026, 52.3875371], [12.9577135, 52.3898207], [12.9532056, 52.3915625], [12.9499503, 52.3928178], [12.9458266, 52.3927945], [12.9417985, 52.3926585], [12.9364416, 52.3928931], [12.9351771, 52.3954293], [12.9353667, 52.399631], [12.9362417, 52.4024318], [12.9363678, 52.4050717], [12.9381201, 52.4083703], [12.9381508, 52.4108717], [12.9365803, 52.413356], [12.9369012, 52.4157359], [12.9349698, 52.4178021], [12.9357718, 52.4205034], [12.9354801, 52.4233865], [12.9356209, 52.4260613], [12.9369243, 52.4283239], [12.9387314, 52.4303894], [12.9399699, 52.4326005], [12.943598, 52.4332562], [12.947184, 52.4339241], [12.9482302, 52.4361662], [12.9488161, 52.4384159], [12.9494942, 52.4410092], [12.9485182, 52.4433568], [12.946894, 52.4455189], [12.9441024, 52.447604], [12.9425922, 52.4503952], [12.9448999, 52.4521757], [12.9365646, 52.4547908], [12.9295702, 52.457022], [12.9252535, 52.4579514], [12.9109752, 52.4585864], [12.9062742, 52.4590111], [12.8992942, 52.4597887], [12.8945471, 52.4603865], [12.8911864, 52.4615186], [12.8876125, 52.4623437], [12.886989, 52.4620316]]]}}, {"type": "Feature", "properties": {"id": "3", "name": "Dahme-Spreewald", "authority": "Landkreis Dahme-Spreewald", "kind": "Landkreis"}, "geometry": {"type": "Polygon", "coordinates": [[[13.4117535, 51.930112], [13.4139537, 51.9343631], [13.4154848, 51.9378109], [13.4178184, 51.9400058], [13.4188655, 51.9423019], [13.4194467, 51.9446307], [13.4200736, 51.9476539], [13.4205587, 51.9506843], [13.4206349, 51.9530347], [13.420099, 51.9553993], [13.4201297, 51.9581486], [13.4200867, 51.962054], [13.4163334, 51.9625339], [13.411373, 51.9631856], [13.411919, 51.9662903], [13.4135264, 51.9694062], [13.4148726, 51.9715884], [13.4148798, 51.9750536], [13.4176334, 51.9766565], [13.426937, 51.9769345], [13.4309414, 51.9767976], [13.4344356, 51.9755093], [13.4390436, 51.9752274], [13.4442128, 51.9750285], [13.4475789, 51.9737841], [13.4498523, 51.9719501], [13.4526646, 51.9733917], [13.4567194, 51.9728837], [13.4618152, 51.9724905], [13.4651692, 51.9715966], [13.4694236, 51.9706544], [13.4736342, 51.9695294], [13.4779684, 51.9683876], [13.4815592, 51.9672705], [13.4852545, 51.9664043], [13.4900637, 51.965908], [13.4936582, 51.9655041], [13.4967041, 51.9668232], [13.4999115, 51.9679281], [13.5036002, 51.9693487], [13.506257, 51.9715338], [13.5091647, 51.973026], [13.5115963, 51.9747576], [13.5150035, 51.9767023], [13.5171481, 51.9785665], [13.519159, 51.9804661], [13.5213883, 51.9824016], [13.5233947, 51.9844333], [13.5257756, 51.9865488], [13.5315407, 51.9880106], [13.535191, 51.9884862], [13.5410202, 51.9892717], [13.5449743, 51.9898328], [13.5500282, 51.99144], [13.5539882, 51.9929096], [13.5575823, 51.994259], [13.5589875, 51.9963962], [13.5606311, 51.9986822], [13.5644032, 51.9988554], [13.5681833, 51.9990198], [13.5720579, 51.9992508], [13.5794949, 51.9998313], [13.5833068, 52.0001256], [13.5905247, 52.0009909], [13.5904263, 52.0042354], [13.5951177, 52.0059002], [13.5991805, 52.007308], [13.6034782, 52.0079646], [13.6075894, 52.0079919], [13.6111674, 52.0085633], [13.6155085, 52.0094634], [13.6193908, 52.0098099], [13.6229942, 52.0105548], [13.6269665, 52.0104207], [13.6318645, 52.0104051], [13.6357027, 52.0102342], [13.6399265, 52.010205], [13.6440381, 52.0103772], [13.6469857, 52.0120453], [13.6461255, 52.0142593], [13.6422427, 52.0165001], [13.6392701, 52.0179195], [13.634838, 52.0190545], [13.6355607, 52.0218344], [13.6376598, 52.0253257], [13.6404332, 52.0235865], [13.639207, 52.0288222], [13.6371114, 52.0349797], [13.6426664, 52.0394398], [13.6471563, 52.0432597], [13.6517529, 52.047225], [13.6523829, 52.049558], [13.6513331, 52.0524544], [13.6492865, 52.0545749], [13.6477977, 52.0568831], [13.6456564, 52.0594052], [13.6433249, 52.0614783], [13.6409672, 52.0632833], [13.6381919, 52.0655504], [13.6357221, 52.067273], [13.6331154, 52.0688836], [13.6304108, 52.0704937], [13.6261275, 52.0722486], [13.6219845, 52.0732634], [13.6185255, 52.0739977], [13.614378, 52.0749092], [13.6099091, 52.0763662], [13.6068151, 52.0777115], [13.6042866, 52.0797831], [13.6011228, 52.0811226], [13.5979177, 52.0832321], [13.5944869, 52.0845909], [13.5904851, 52.0858354], [13.586731, 52.0870493], [13.5830189, 52.0883322], [13.5793348, 52.0895703], [13.5758582, 52.0903066], [13.5709851, 52.0904655], [13.5662409, 52.090691], [13.5623524, 52.0906884], [13.5572048, 52.0906417], [13.5535217, 52.0916015], [13.5499932, 52.0929942], [13.5469609, 52.0944207], [13.5426116, 52.0964183], [13.5416455, 52.0994261], [13.5427009, 52.1016758], [13.5442317, 52.1039283], [13.5449036, 52.1065263], [13.5453364, 52.1089027], [13.5462626, 52.1118485], [13.5479607, 52.1151021], [13.5490111, 52.1179884], [13.5494981, 52.1203908], [13.549528, 52.1232532], [13.5494024, 52.1259275], [13.549282, 52.1282837], [13.5494703, 52.1306512], [13.5491143, 52.1337771], [13.5489982, 52.1363617], [13.5495193, 52.1398646], [13.5525251, 52.1435803], [13.5539488, 52.145792], [13.5562191, 52.148197], [13.5489486, 52.1483864], [13.5442873, 52.1479434], [13.5468039, 52.1498052], [13.551711, 52.1499563], [13.5490704, 52.1531803], [13.5484837, 52.1567917], [13.5473937, 52.1596088], [13.5459716, 52.1646396], [13.5455535, 52.1670585], [13.544766, 52.1693004], [13.5445493, 52.1719259], [13.5462316, 52.177027], [13.5500414, 52.1821421], [13.5441588, 52.1848575], [13.5458035, 52.1931931], [13.5496133, 52.1934831], [13.5553758, 52.194271], [13.5666196, 52.1948064], [13.5711264, 52.195133], [13.5775351, 52.1943466], [13.5819345, 52.1950665], [13.5817554, 52.199286], [13.5791047, 52.2013417], [13.576416, 52.2078], [13.568885, 52.2152391], [13.5636386, 52.2203464], [13.5630326, 52.2229102], [13.5613988, 52.2252489], [13.5591062, 52.2271913], [13.5544132, 52.2331812], [13.5513721, 52.2347602], [13.5405841, 52.2367494], [13.5436292, 52.2402871], [13.5415507, 52.2436092], [13.5375359, 52.2409859], [13.528632, 52.2418182], [13.5208418, 52.2426105], [13.5162402, 52.2430967], [13.512086, 52.2424548], [13.5082923, 52.2418662], [13.4964594, 52.2401476], [13.4928685, 52.2378973], [13.4900758, 52.2332356], [13.4862735, 52.2332513], [13.4813372, 52.2333847], [13.4721152, 52.2321719], [13.4719108, 52.2345063], [13.4739203, 52.2371483], [13.4690859, 52.2359368], [13.468027, 52.2383093], [13.4652267, 52.2398729], [13.4601842, 52.2398959], [13.4602582, 52.2423556], [13.4588989, 52.2445347], [13.4571662, 52.2472483], [13.4582584, 52.2513963], [13.4581768, 52.2540715], [13.4526407, 52.2557948], [13.4529602, 52.2582177], [13.4571047, 52.2596841], [13.4612301, 52.2597371], [13.4688669, 52.261019], [13.4729031, 52.261768], [13.4860669, 52.2610141], [13.4899212, 52.260802], [13.4928843, 52.2624231], [13.4948399, 52.2644029], [13.4988363, 52.2651008], [13.5033956, 52.2650509], [13.5067401, 52.2660008], [13.5102186, 52.2667607], [13.5087047, 52.2691145], [13.5090186, 52.2723561], [13.5091895, 52.2748818], [13.5088255, 52.2781285], [13.5083895, 52.2809701], [13.4989079, 52.2834728], [13.4935116, 52.2844443], [13.485811, 52.2857228], [13.4862705, 52.2962822], [13.4913776, 52.298213], [13.495838, 52.2981291], [13.4964428, 52.3009978], [13.4975192, 52.305309], [13.4967696, 52.30791], [13.493476, 52.3100347], [13.4913743, 52.3121975], [13.489406, 52.314431], [13.485719, 52.3192966], [13.4838132, 52.3218213], [13.4856299, 52.324458], [13.4875628, 52.3265883], [13.4924347, 52.3302175], [13.4961293, 52.3317443], [13.4974541, 52.3339318], [13.4990275, 52.3363328], [13.4948719, 52.3375822], [13.4900325, 52.3380747], [13.486193, 52.3385044], [13.482495, 52.3390684], [13.4747811, 52.3398002], [13.4682231, 52.3405211], [13.4643436, 52.3402965], [13.4605664, 52.3405583], [13.4553522, 52.3422134], [13.4496527, 52.3455692], [13.4465128, 52.3468544], [13.4457813, 52.3492269], [13.4436673, 52.3511946], [13.4419825, 52.3538232], [13.4420937, 52.356677], [13.4420286, 52.3595457], [13.441907, 52.3632707], [13.4374208, 52.3636736], [13.4331733, 52.3639515], [13.4269838, 52.3641801], [13.4207867, 52.364543], [13.4180515, 52.3661633], [13.418497, 52.3694444], [13.4187957, 52.3717118], [13.4201306, 52.3745908], [13.4214115, 52.3770878], [13.4232967, 52.3798224], [13.4248116, 52.3819821], [13.426615, 52.3845609], [13.4269853, 52.3878466], [13.4253934, 52.391558], [13.4238253, 52.3950243], [13.4216757, 52.399752], [13.4206363, 52.402056], [13.4196548, 52.4042704], [13.4184228, 52.4070795], [13.4187486, 52.4099774], [13.4231167, 52.4108403], [13.4269219, 52.4116902], [13.4319372, 52.4125163], [13.435358, 52.4135653], [13.4389131, 52.4144535], [13.4425433, 52.4153709], [13.4465709, 52.4165452], [13.4510178, 52.4181838], [13.4545763, 52.4194294], [13.4586332, 52.4204123], [13.4623327, 52.4209251], [13.466502, 52.4203824], [13.4688392, 52.4181584], [13.4700851, 52.4158217], [13.4714076, 52.4133962], [13.4741047, 52.4088081], [13.4758177, 52.4062389], [13.4770416, 52.4039825], [13.4781282, 52.4015834], [13.4790517, 52.3991974], [13.4797604, 52.3959454], [13.4835752, 52.3969397], [13.488884, 52.397615], [13.4929203, 52.3982173], [13.497541, 52.3988109], [13.503329, 52.399625], [13.5075593, 52.400174], [13.5114585, 52.4007709], [13.5150587, 52.4015459], [13.5191992, 52.4009944], [13.5228096, 52.4000602], [13.5263818, 52.3989362], [13.5296951, 52.3973033], [13.5334513, 52.398777], [13.5370152, 52.3999876], [13.5366911, 52.3972094], [13.5356507, 52.3950265], [13.5348303, 52.391434], [13.5354929, 52.3889916], [13.545917, 52.3887191], [13.5515626, 52.3885147], [13.5582728, 52.388251], [13.5633512, 52.3881301], [13.5678638, 52.3887721], [13.572592, 52.3897463], [13.5766865, 52.3904052], [13.580712, 52.3910649], [13.5850741, 52.3919132], [13.590607, 52.3933564], [13.5940902, 52.3925508], [13.5936515, 52.3902323], [13.5952491, 52.38816], [13.5971548, 52.3857363], [13.6003166, 52.384508], [13.603003, 52.3828413], [13.6054323, 52.3803763], [13.6054691, 52.3779735], [13.6067653, 52.3754089], [13.6110189, 52.3752563], [13.6143044, 52.3763908], [13.6176567, 52.377546], [13.6210971, 52.3787396], [13.6244197, 52.3799103], [13.6276942, 52.381072], [13.6317636, 52.3778348], [13.6348279, 52.3764554], [13.6390103, 52.3770119], [13.6426777, 52.3775085], [13.6428112, 52.3752421], [13.6428424, 52.3725839], [13.6468297, 52.3701562], [13.6471893, 52.3670283], [13.6447305, 52.3648052], [13.6411435, 52.3630968], [13.6390827, 52.3609791], [13.6385658, 52.3581683], [13.6380457, 52.3552651], [13.6379363, 52.352219], [13.6378319, 52.3493807], [13.6363196, 52.3468193], [13.638712, 52.3431862], [13.6428165, 52.3399413], [13.6459076, 52.3386357], [13.6501056, 52.3387162], [13.6511543, 52.3426021], [13.6527683, 52.3447893], [13.6548838, 52.3467831], [13.6563855, 52.348997], [13.6569779, 52.3513423], [13.659302, 52.3530952], [13.6621882, 52.3547897], [13.6631589, 52.3570605], [13.6660382, 52.3584973], [13.6662073, 52.3607965], [13.6671883, 52.3629857], [13.6699017, 52.3646929], [13.6718256, 52.3667857], [13.6754177, 52.3676794], [13.6784046, 52.3691896], [13.6821489, 52.3696395], [13.6853611, 52.3685204], [13.6889199, 52.3674117], [13.6924978, 52.3679666], [13.6944631, 52.3703459], [13.6966083, 52.3722272], [13.6987163, 52.3741555], [13.700269, 52.3762746], [13.6991511, 52.3784665], [13.6998931, 52.3815366], [13.7011098, 52.3839783], [13.7035894, 52.3857412], [13.7053451, 52.3879719], [13.7098604, 52.3888689], [13.7151216, 52.3892389], [13.718685, 52.388087], [13.7238713, 52.3874272], [13.7278317, 52.3865033], [13.7307313, 52.3844516], [13.7320022, 52.3821508], [13.7313113, 52.3798431], [13.7348759, 52.3774244], [13.7378215, 52.3756016], [13.7393223, 52.3735149], [13.7409721, 52.3712561], [13.7376059, 52.3700452], [13.730262, 52.3675002], [13.7274607, 52.3649629], [13.7307663, 52.3626116], [13.7346791, 52.3596573], [13.7409866, 52.3569296], [13.7465913, 52.3546119], [13.7506125, 52.3529848], [13.7556003, 52.3510306], [13.7564779, 52.3486766], [13.7554439, 52.3458956], [13.7516577, 52.3425836], [13.7468571, 52.3391056], [13.7428852, 52.3362982], [13.739665, 52.3340067], [13.7452284, 52.33084], [13.7415377, 52.3280666], [13.7380331, 52.3254939], [13.7348842, 52.3243031], [13.7373339, 52.3225886], [13.7420421, 52.3206695], [13.743327, 52.3184526], [13.7475868, 52.3175854], [13.7510864, 52.3155845], [13.7533551, 52.3181357], [13.757197, 52.3176576], [13.7615524, 52.3191241], [13.7670068, 52.3183717], [13.7708693, 52.3195982], [13.77425, 52.3211662], [13.7783042, 52.3230184], [13.7845163, 52.3208207], [13.7885137, 52.3203938], [13.7889079, 52.3177002], [13.794301, 52.3171026], [13.799465, 52.3161396], [13.8026816, 52.3179267], [13.8056531, 52.319569], [13.8096501, 52.3191997], [13.8122591, 52.3173049], [13.8155071, 52.3154337], [13.8181274, 52.3132979], [13.8213412, 52.3117965], [13.8253155, 52.312174], [13.8292214, 52.3124348], [13.8326066, 52.3133171], [13.8358299, 52.3144794], [13.8397569, 52.314057], [13.8393971, 52.3116653], [13.8390229, 52.3094006], [13.8387078, 52.3071605], [13.8391763, 52.3048467], [13.8377085, 52.3027419], [13.8350879, 52.3009496], [13.8324829, 52.2991959], [13.8292167, 52.2968624], [13.8262285, 52.2946026], [13.8242456, 52.292248], [13.8227449, 52.2899451], [13.825791, 52.2881799], [13.8298103, 52.2889962], [13.833814, 52.2884425], [13.8381311, 52.2885869], [13.8434191, 52.2887644], [13.8474887, 52.289292], [13.851344, 52.2897998], [13.853451, 52.2878115], [13.8517747, 52.2855708], [13.8534032, 52.2833095], [13.8559124, 52.2814374], [13.8583469, 52.2796965], [13.8606942, 52.2779589], [13.8624806, 52.2759832], [13.859382, 52.2747608], [13.8555057, 52.2748145], [13.8534523, 52.2728823], [13.851297, 52.2708389], [13.8513123, 52.2684313], [13.8546521, 52.2673916], [13.856326, 52.2647707], [13.8598719, 52.2636076], [13.8578714, 52.261312], [13.8536087, 52.2612226], [13.8495647, 52.2611794], [13.8443117, 52.2622055], [13.8406972, 52.2629023], [13.8386467, 52.2605925], [13.8394136, 52.2581923], [13.8393235, 52.2557363], [13.8380042, 52.2532213], [13.8360752, 52.2501978], [13.8348418, 52.2480631], [13.8326057, 52.2460202], [13.8287504, 52.2461668], [13.8254945, 52.2450134], [13.8218551, 52.244072], [13.8179766, 52.2443444], [13.8212339, 52.2431939], [13.8245384, 52.2420822], [13.8241664, 52.2398393], [13.824024, 52.2375708], [13.8265252, 52.2351488], [13.8279287, 52.2329446], [13.8317511, 52.2324931], [13.835548, 52.2315452], [13.8381519, 52.2296481], [13.8412098, 52.2283575], [13.844532, 52.2271106], [13.8479372, 52.2259736], [13.8512773, 52.2249382], [13.8498946, 52.2224983], [13.8465667, 52.221543], [13.8430984, 52.2205678], [13.8422191, 52.2177653], [13.8408104, 52.215055], [13.8435109, 52.2114046], [13.8453474, 52.2078116], [13.847251, 52.205869], [13.8505824, 52.2039475], [13.8530905, 52.2019743], [13.8511518, 52.199358], [13.8476008, 52.1985414], [13.845162, 52.1968224], [13.8427969, 52.1943972], [13.840093, 52.1925942], [13.837752, 52.1891841], [13.8359292, 52.1868612], [13.8398192, 52.1850894], [13.8453035, 52.1844198], [13.8516769, 52.183003], [13.8547417, 52.1872783], [13.8563341, 52.1894876], [13.8594964, 52.188292], [13.8637068, 52.1866798], [13.8692068, 52.1856144], [13.8732939, 52.1846896], [13.8768857, 52.1839655], [13.8796552, 52.1819838], [13.8830807, 52.182964], [13.8879815, 52.1834432], [13.8919537, 52.1840301], [13.8912279, 52.1811284], [13.8899815, 52.1770534], [13.8895766, 52.1743037], [13.8896857, 52.171645], [13.8829709, 52.1696175], [13.8788642, 52.1701048], [13.8721788, 52.1715883], [13.8658445, 52.1705951], [13.859462, 52.1726095], [13.8574855, 52.1685483], [13.8566263, 52.1652253], [13.8504388, 52.1648224], [13.8507519, 52.1604057], [13.8559913, 52.1593309], [13.8584855, 52.1576244], [13.8596744, 52.1554549], [13.8612363, 52.1509857], [13.8651987, 52.1506732], [13.8673891, 52.1487666], [13.8696521, 52.1467513], [13.8738432, 52.147131], [13.8714868, 52.1417571], [13.8692872, 52.1392969], [13.8679844, 52.1369231], [13.8642011, 52.1373737], [13.8623687, 52.1346974], [13.8600928, 52.1327895], [13.8566154, 52.1315069], [13.8529765, 52.131904], [13.8492338, 52.1331256], [13.8458452, 52.1288383], [13.8449997, 52.1215785], [13.8719449, 52.1181637], [13.8752022, 52.1200919], [13.8788666, 52.1209267], [13.8824838, 52.1214401], [13.8869706, 52.1214817], [13.8893295, 52.1234548], [13.8937112, 52.1232957], [13.8976859, 52.123401], [13.902306, 52.1233298], [13.9070268, 52.1230899], [13.9084137, 52.1256748], [13.9092347, 52.1282959], [13.9133923, 52.1278747], [13.9173907, 52.1271033], [13.9181315, 52.1248883], [13.9221657, 52.1259815], [13.9268731, 52.1268395], [13.9306523, 52.1267977], [13.9287333, 52.1288779], [13.9250134, 52.1276888], [13.9205625, 52.1291051], [13.9233619, 52.1309859], [13.9279924, 52.1309617], [13.9317043, 52.1312902], [13.9339895, 52.133162], [13.9374812, 52.1346982], [13.9374066, 52.1371533], [13.9411288, 52.1376384], [13.9468702, 52.1373772], [13.9506213, 52.137196], [13.9556101, 52.1367352], [13.9595252, 52.1365504], [13.9638174, 52.1362729], [13.968289, 52.1360079], [13.9676684, 52.1335398], [13.9716577, 52.1336535], [13.9761629, 52.1326041], [13.9791073, 52.1311185], [13.9809042, 52.1289975], [13.9822034, 52.1266834], [13.9832915, 52.1242984], [13.9853469, 52.1214531], [13.9889221, 52.1207419], [13.991138, 52.1188812], [13.9945779, 52.1200251], [13.9983642, 52.1193416], [13.9984471, 52.117042], [14.0022179, 52.1175791], [14.0063332, 52.1173775], [14.0060191, 52.1148978], [14.0096205, 52.114174], [14.0070123, 52.1125164], [14.0092596, 52.1106982], [14.0117795, 52.1090341], [14.0134572, 52.1110367], [14.0173782, 52.1120972], [14.0215435, 52.1123073], [14.0253586, 52.1113212], [14.0302473, 52.1103801], [14.0340212, 52.1104058], [14.0368807, 52.111915], [14.0396088, 52.1135725], [14.0427606, 52.1149266], [14.0446886, 52.1129909], [14.0437402, 52.1086554], [14.0428722, 52.1047966], [14.0490756, 52.1046081], [14.0548306, 52.1061491], [14.0589977, 52.1059919], [14.0613451, 52.1085025], [14.0629512, 52.1052232], [14.0635124, 52.1026858], [14.0659623, 52.1007087], [14.0701138, 52.0995909], [14.0742691, 52.09892], [14.0790778, 52.0975722], [14.0829927, 52.0976836], [14.0872038, 52.0967707], [14.0893656, 52.09409], [14.0896581, 52.0909904], [14.0942215, 52.0916584], [14.0981797, 52.0909323], [14.1007279, 52.088766], [14.1049603, 52.0882139], [14.1110281, 52.0875402], [14.1111291, 52.0850459], [14.1115215, 52.0826629], [14.1094925, 52.0806808], [14.1122406, 52.0768825], [14.1145092, 52.0738248], [14.1164884, 52.0707808], [14.1205967, 52.0683883], [14.1246743, 52.067587], [14.1266841, 52.0634936], [14.127605, 52.0612532], [14.1278807, 52.058551], [14.1264855, 52.0564649], [14.12805, 52.0538939], [14.125856, 52.0515151], [14.1389101, 52.0487823], [14.1437627, 52.0512762], [14.1468302, 52.0540179], [14.1524727, 52.0556651], [14.1583974, 52.0569791], [14.1631367, 52.0575466], [14.167122, 52.0578368], [14.1719186, 52.0581267], [14.1763685, 52.0582491], [14.1810513, 52.0581728], [14.1852769, 52.0577728], [14.1900636, 52.0575533], [14.1941626, 52.0577547], [14.1940704, 52.0600309], [14.1954276, 52.062361], [14.198142, 52.064287], [14.2012413, 52.0676505], [14.2029512, 52.0704241], [14.2045174, 52.0729917], [14.205407, 52.0866108], [14.2092168, 52.0856904], [14.2116442, 52.0838526], [14.2128673, 52.0813868], [14.2153685, 52.0790939], [14.2201861, 52.0787024], [14.222496, 52.0804889], [14.2235452, 52.083518], [14.2265412, 52.0851712], [14.230297, 52.0855709], [14.2349738, 52.0850642], [14.2387493, 52.0849091], [14.2421054, 52.0863254], [14.2458108, 52.0867497], [14.2439863, 52.084707], [14.2405702, 52.0835186], [14.2366585, 52.0836392], [14.2329907, 52.0825642], [14.2299914, 52.081148], [14.2292275, 52.0789044], [14.226277, 52.0775481], [14.2233765, 52.0761759], [14.2219184, 52.0740676], [14.2217712, 52.0718096], [14.2200932, 52.0697693], [14.2162244, 52.0688213], [14.2134926, 52.0671776], [14.2132731, 52.0644512], [14.2164896, 52.0629862], [14.2173656, 52.0603979], [14.2165274, 52.0575689], [14.2150191, 52.0547228], [14.2137739, 52.0525593], [14.215652, 52.0501169], [14.2169903, 52.0478621], [14.219157, 52.0431404], [14.222932, 52.0417588], [14.2265184, 52.0411239], [14.2301124, 52.0401395], [14.2330309, 52.0421756], [14.2371919, 52.0412325], [14.2413489, 52.0400048], [14.2393817, 52.0376351], [14.2396097, 52.035094], [14.2434869, 52.035821], [14.2471901, 52.0356435], [14.2520646, 52.0352243], [14.2551886, 52.0334317], [14.2584416, 52.0321914], [14.2622306, 52.0319184], [14.2670626, 52.0318431], [14.2703703, 52.032805], [14.2697062, 52.0351978], [14.2746642, 52.0357916], [14.2779891, 52.036741], [14.28198, 52.0381286], [14.2851349, 52.0394101], [14.2907458, 52.0385552], [14.2952151, 52.0375002], [14.2998274, 52.0363468], [14.2990657, 52.0385619], [14.2977795, 52.0414389], [14.2958007, 52.044485], [14.2984566, 52.0461132], [14.3019908, 52.0479533], [14.302123, 52.050237], [14.3035619, 52.0529306], [14.3046527, 52.0553137], [14.306746, 52.0576665], [14.3107782, 52.0604004], [14.316186, 52.0613567], [14.3203193, 52.0624468], [14.3237203, 52.0637165], [14.3268505, 52.0659952], [14.3302446, 52.0681624], [14.3350017, 52.0689616], [14.3389943, 52.0700861], [14.3426782, 52.0704587], [14.3467981, 52.0709071], [14.3503712, 52.0720724], [14.3556233, 52.0723074], [14.3591389, 52.0708337], [14.363147, 52.0699313], [14.3668948, 52.0688207], [14.3718415, 52.0669576], [14.3756622, 52.0653149], [14.3796095, 52.063337], [14.3820627, 52.0615694], [14.3856929, 52.0599436], [14.38941, 52.0580337], [14.3931102, 52.0561977], [14.3963345, 52.0546717], [14.3991793, 52.052997], [14.4009532, 52.050958], [14.4017167, 52.0469072], [14.4013174, 52.0443084], [14.400928, 52.0419343], [14.4009417, 52.0382539], [14.4014266, 52.0360243], [14.4008678, 52.0330001], [14.4017229, 52.030553], [14.404379, 52.028747], [14.4082837, 52.0266323], [14.4134919, 52.0249187], [14.4196605, 52.0242675], [14.423439, 52.0245102], [14.4274358, 52.0244732], [14.43138, 52.0242391], [14.4352539, 52.0243029], [14.4388169, 52.0248355], [14.4429069, 52.0256351], [14.4472868, 52.0242413], [14.4492459, 52.0210665], [14.4509909, 52.0183504], [14.4526049, 52.0160158], [14.4460022, 52.0135396], [14.4357248, 52.0125369], [14.4371788, 52.010415], [14.4255102, 52.0086246], [14.4127086, 52.0084452], [14.4079266, 52.0083457], [14.4025547, 52.0082874], [14.3933943, 52.0081483], [14.3895721, 52.0070705], [14.385709, 52.0042987], [14.3794029, 52.0025504], [14.3743358, 52.0018781], [14.3696544, 52.0012148], [14.370251, 51.9989702], [14.3707385, 51.9966633], [14.3715727, 51.9925195], [14.3739389, 51.9896401], [14.3725618, 51.9874447], [14.3731884, 51.9841647], [14.3741241, 51.9795148], [14.374792, 51.9756686], [14.3754185, 51.973444], [14.3819679, 51.9595472], [14.3903182, 51.9417038], [14.3915188, 51.9390423], [14.3931794, 51.9354212], [14.3900453, 51.9341934], [14.3844035, 51.9325689], [14.3785452, 51.9319232], [14.3739015, 51.93241], [14.3691726, 51.9325594], [14.3639674, 51.9329464], [14.3598392, 51.9321051], [14.3543845, 51.9325224], [14.3500863, 51.9325307], [14.3447805, 51.9338681], [14.3404612, 51.9344426], [14.3364222, 51.9354427], [14.331894, 51.9357386], [14.3282916, 51.9351196], [14.3240794, 51.9351308], [14.3201844, 51.9352627], [14.315088, 51.9333359], [14.3087969, 51.9306659], [14.3049031, 51.9292328], [14.3014256, 51.9279479], [14.2977198, 51.9262335], [14.2917381, 51.9240778], [14.2885872, 51.9226848], [14.2826628, 51.9200854], [14.2785469, 51.9186579], [14.2750192, 51.9174704], [14.2720419, 51.9156774], [14.2626202, 51.9121568], [14.2574004, 51.9102499], [14.2523669, 51.9083806], [14.248822, 51.9077331], [14.2451359, 51.9069642], [14.2412943, 51.9059614], [14.2376038, 51.9053608], [14.2322618, 51.9051104], [14.2278515, 51.9045433], [14.2234903, 51.9041967], [14.2250271, 51.8994725], [14.2245051, 51.8968837], [14.2248038, 51.8943279], [14.2246217, 51.8902981], [14.2245247, 51.8876805], [14.2224149, 51.885813], [14.2208634, 51.883182], [14.2196986, 51.8792615], [14.2188591, 51.876841], [14.2163676, 51.873993], [14.21536, 51.8712248], [14.2118305, 51.8691074], [14.20724, 51.8685221], [14.2025328, 51.8681967], [14.1979623, 51.8675898], [14.1937979, 51.8667025], [14.1898093, 51.8660738], [14.1857448, 51.865656], [14.1814097, 51.8645184], [14.178562, 51.862819], [14.1764282, 51.8608385], [14.1743555, 51.8586731], [14.1712448, 51.8574517], [14.1675898, 51.8581136], [14.1641825, 51.859023], [14.1620059, 51.860831], [14.1599527, 51.8627086], [14.1563196, 51.8632262], [14.1524868, 51.8638424], [14.1496396, 51.8652511], [14.1459422, 51.8656552], [14.1430983, 51.867387], [14.1402323, 51.8689854], [14.1368024, 51.8699469], [14.1341508, 51.8714902], [14.1306938, 51.8722873], [14.1269535, 51.8722086], [14.1231506, 51.8722654], [14.119682, 51.8730971], [14.1146, 51.8737193], [14.1109246, 51.8744031], [14.1066832, 51.8741254], [14.1030761, 51.8737857], [14.0993819, 51.8734857], [14.094657, 51.8739143], [14.0906048, 51.8755522], [14.0888312, 51.8777677], [14.085344, 51.8786919], [14.0816791, 51.8788994], [14.0781882, 51.8796884], [14.0744506, 51.8803159], [14.0708175, 51.8801462], [14.0668237, 51.8802315], [14.0630002, 51.8803556], [14.0592961, 51.8804169], [14.0556523, 51.880801], [14.0520863, 51.8817166], [14.0485746, 51.8823735], [14.0445586, 51.8824381], [14.0409911, 51.8833073], [14.0372765, 51.883989], [14.0333806, 51.8840644], [14.0293699, 51.8845583], [14.0257014, 51.8856049], [14.0229361, 51.8870692], [14.0194827, 51.8878928], [14.0162386, 51.8890053], [14.0129301, 51.8899803], [14.009698, 51.8912243], [14.0061789, 51.8924467], [14.0029134, 51.8935318], [13.9993892, 51.894325], [13.996547, 51.8957592], [13.9932398, 51.8969134], [13.9898329, 51.8977806], [13.986058, 51.8981925], [13.9825662, 51.899409], [13.9787923, 51.9000467], [13.9752518, 51.8992937], [13.9715418, 51.899526], [13.9678607, 51.8988893], [13.9646959, 51.9000948], [13.961018, 51.9002843], [13.9573282, 51.8999741], [13.9545879, 51.8984427], [13.950924, 51.8981311], [13.9476855, 51.8993311], [13.9445183, 51.9004444], [13.9408142, 51.9001345], [13.9379468, 51.9017551], [13.9346471, 51.9003824], [13.9307955, 51.898657], [13.9273716, 51.8997129], [13.9244494, 51.9011809], [13.9200094, 51.9004337], [13.9162418, 51.900409], [13.9167189, 51.8980246], [13.912948, 51.8973764], [13.9086639, 51.8966438], [13.9058386, 51.895023], [13.9016802, 51.8932772], [13.897073, 51.8936158], [13.893442, 51.8939186], [13.8860267, 51.8937354], [13.8812846, 51.8938082], [13.8721997, 51.893001], [13.8654629, 51.8924263], [13.8631314, 51.8901897], [13.8635235, 51.8858919], [13.8634451, 51.8828606], [13.8636276, 51.8794946], [13.8601604, 51.8785977], [13.8563776, 51.878531], [13.852038, 51.8772749], [13.8476045, 51.8763412], [13.8443194, 51.8740258], [13.840515, 51.8703406], [13.8379599, 51.8684825], [13.8346124, 51.8660912], [13.8327473, 51.8637985], [13.8318904, 51.8612236], [13.8273245, 51.857458], [13.82838, 51.853698], [13.832291, 51.8530701], [13.8377652, 51.8512032], [13.8416481, 51.8498194], [13.8370937, 51.8464252], [13.8361746, 51.8439486], [13.8404599, 51.8431935], [13.8447006, 51.8422449], [13.8493495, 51.8412319], [13.8524696, 51.8398461], [13.8533811, 51.8374865], [13.8514106, 51.8354093], [13.8485883, 51.8338778], [13.8474614, 51.8315338], [13.8437902, 51.8309283], [13.8430429, 51.8282907], [13.8364054, 51.8285511], [13.8326671, 51.8260666], [13.8363309, 51.8262477], [13.8395932, 51.8244129], [13.8419201, 51.8220355], [13.8348124, 51.8195398], [13.8313072, 51.8185635], [13.8332757, 51.815793], [13.8364062, 51.813482], [13.838763, 51.8116915], [13.8362713, 51.8085101], [13.8346446, 51.8054186], [13.8343669, 51.8029766], [13.8348606, 51.8003391], [13.8354772, 51.7978087], [13.836207, 51.7952404], [13.8370215, 51.7919978], [13.8377946, 51.7894689], [13.8337887, 51.7896419], [13.829635, 51.7899422], [13.8263113, 51.7884942], [13.8223975, 51.786618], [13.8178619, 51.7872724], [13.8155591, 51.7894021], [13.8122709, 51.7883853], [13.8088729, 51.7862992], [13.8054281, 51.7847106], [13.8083492, 51.7832392], [13.8115247, 51.7813945], [13.8146054, 51.7793067], [13.8167279, 51.7774739], [13.8191524, 51.7753816], [13.8213786, 51.7729824], [13.8212056, 51.7699568], [13.8225373, 51.7678467], [13.8246027, 51.7646699], [13.8268787, 51.7622183], [13.828797, 51.7600062], [13.8304568, 51.7580063], [13.8340606, 51.757716], [13.8379965, 51.7571404], [13.8413556, 51.7561299], [13.8453432, 51.7565112], [13.8490582, 51.7578473], [13.8525633, 51.757153], [13.854414, 51.7549065], [13.8555701, 51.7526187], [13.8539609, 51.7504766], [13.8518325, 51.7486485], [13.8501168, 51.7465007], [13.8496304, 51.7440327], [13.8475937, 51.7404491], [13.8457618, 51.7375887], [13.8440817, 51.7351028], [13.8404861, 51.7359156], [13.8380965, 51.7378966], [13.8354842, 51.7394691], [13.8348173, 51.7416796], [13.8311108, 51.741697], [13.8262183, 51.7408677], [13.8224744, 51.7399576], [13.8185864, 51.7392272], [13.8181409, 51.7415764], [13.8137614, 51.7425904], [13.8090266, 51.7414926], [13.8051137, 51.7405067], [13.8018144, 51.7385015], [13.7982206, 51.7369434], [13.7938154, 51.7364763], [13.7893727, 51.7359769], [13.7858493, 51.7353493], [13.7819431, 51.7365733], [13.7830204, 51.7408728], [13.7826637, 51.743611], [13.7824837, 51.7464197], [13.7823682, 51.7489975], [13.7826741, 51.7520699], [13.7826762, 51.7543404], [13.7804684, 51.7563864], [13.7757942, 51.7595288], [13.7713829, 51.7582098], [13.7669463, 51.7558718], [13.7632691, 51.7549781], [13.7585896, 51.7547172], [13.7547814, 51.754738], [13.7510453, 51.7546062], [13.7471518, 51.7550301], [13.7435616, 51.7557306], [13.7400728, 51.7565068], [13.736223, 51.7577471], [13.7327726, 51.7586248], [13.729242, 51.7592684], [13.7262585, 51.756971], [13.723035, 51.7542213], [13.7190947, 51.7511116], [13.7147553, 51.7509556], [13.7111509, 51.7500652], [13.7086173, 51.7480718], [13.7047209, 51.7468889], [13.7014815, 51.7451691], [13.6984599, 51.7433143], [13.6955884, 51.7411935], [13.6956325, 51.7370619], [13.6973943, 51.7349152], [13.6979273, 51.7324465], [13.6956689, 51.7267394], [13.6904553, 51.7279681], [13.6857789, 51.7292742], [13.6815699, 51.7294655], [13.6780039, 51.7299453], [13.6740641, 51.7307427], [13.6704318, 51.7315533], [13.664456, 51.732926], [13.6644427, 51.735368], [13.6623335, 51.7379625], [13.6624334, 51.7419571], [13.6618264, 51.7447838], [13.661572, 51.7472702], [13.6560202, 51.7464655], [13.6345695, 51.7432347], [13.6274566, 51.7429566], [13.623934, 51.7446084], [13.6201606, 51.7447644], [13.6172257, 51.7434204], [13.6122013, 51.7427832], [13.6090443, 51.7410257], [13.6031862, 51.7420215], [13.5996127, 51.7426514], [13.6014353, 51.7481558], [13.5954922, 51.7484457], [13.589906, 51.7492276], [13.5860705, 51.7509254], [13.5820671, 51.7528931], [13.5788902, 51.7562832], [13.5742117, 51.7546379], [13.5708423, 51.7533133], [13.5669094, 51.7516998], [13.5634761, 51.7501243], [13.5597938, 51.7493453], [13.5545652, 51.7477822], [13.5512965, 51.7466415], [13.5483439, 51.7482556], [13.5467863, 51.7506126], [13.5446365, 51.7527237], [13.5415027, 51.7544271], [13.5399051, 51.7569038], [13.5378925, 51.7595245], [13.5335425, 51.7615911], [13.529974, 51.7621284], [13.5270628, 51.7636649], [13.5247042, 51.7662063], [13.5231469, 51.7689355], [13.5223621, 51.7724619], [13.5206517, 51.7745591], [13.5185195, 51.7768222], [13.5204594, 51.7796027], [13.5203972, 51.7822661], [13.5166967, 51.7832536], [13.5130829, 51.7854666], [13.5089856, 51.787102], [13.5066949, 51.7888759], [13.507957, 51.7913852], [13.510634, 51.7934332], [13.514269, 51.7940955], [13.5182043, 51.7949342], [13.5306271, 51.7970231], [13.5341376, 51.7977108], [13.5407519, 51.8005618], [13.5439161, 51.8020259], [13.5483128, 51.8041816], [13.5532001, 51.8065411], [13.5567055, 51.8081986], [13.5617094, 51.8101261], [13.5681061, 51.8119287], [13.5631989, 51.8156078], [13.5590414, 51.8186793], [13.5564577, 51.8204491], [13.5514766, 51.8223451], [13.5470869, 51.8236336], [13.541831, 51.8243396], [13.5381661, 51.824653], [13.5391744, 51.8269963], [13.5420757, 51.8287876], [13.5450962, 51.8306011], [13.5480868, 51.8331794], [13.5500829, 51.8354108], [13.5507684, 51.8377134], [13.5512067, 51.8400601], [13.5489141, 51.8420706], [13.5473725, 51.8441772], [13.5476313, 51.8465404], [13.5477448, 51.8490592], [13.5478814, 51.8514206], [13.5480245, 51.8539004], [13.5471038, 51.8560905], [13.5473964, 51.8587548], [13.5475736, 51.8612112], [13.5462633, 51.8635089], [13.5427692, 51.8645367], [13.5394321, 51.8655465], [13.5401587, 51.8690765], [13.5412477, 51.874377], [13.5420326, 51.8784815], [13.5497301, 51.8787046], [13.5534957, 51.8802176], [13.5566522, 51.8842547], [13.5581027, 51.8869672], [13.5619529, 51.8887657], [13.5662416, 51.890094], [13.5700267, 51.890919], [13.5770402, 51.8911892], [13.5819872, 51.8915835], [13.5810865, 51.8938564], [13.5801821, 51.8960653], [13.5765561, 51.894938], [13.5707395, 51.8952692], [13.5671223, 51.8965288], [13.5638818, 51.8976585], [13.560838, 51.8992004], [13.5577911, 51.9008766], [13.5534796, 51.9026864], [13.5503289, 51.903972], [13.5465417, 51.9053729], [13.5470253, 51.9079921], [13.5479282, 51.910229], [13.550829, 51.9178128], [13.5512122, 51.9201138], [13.547112, 51.9223544], [13.5434792, 51.9230346], [13.5393969, 51.9246242], [13.5353033, 51.9253795], [13.5305891, 51.9270067], [13.5240917, 51.9285211], [13.5193563, 51.9299849], [13.5127591, 51.929844], [13.5084966, 51.9294664], [13.5028673, 51.9288251], [13.4938444, 51.9278017], [13.4895239, 51.9292433], [13.4856133, 51.9311922], [13.481591, 51.9328759], [13.4774057, 51.9318161], [13.47295, 51.9306703], [13.4684179, 51.9297622], [13.4636202, 51.9289608], [13.4599338, 51.9280836], [13.4547322, 51.9272843], [13.4503121, 51.9272585], [13.4450775, 51.9266995], [13.4379439, 51.9260597], [13.4336294, 51.9249658], [13.4254368, 51.9257823], [13.4195317, 51.927562], [13.4117535, 51.930112]]]}}, {"type": "Feature", "properties": {"id": "4", "name": "Havelland", "authority": "Landkreis Havelland", "kind": "Landkreis"}, "geometry": {"type": "Polygon", "coordinates": [[[12.1431085, 52.5280636], [12.1432483, 52.5306069], [12.1446463, 52.5326914], [12.1442241, 52.5349514], [12.1438262, 52.5372476], [12.1464442, 52.5390355], [12.1494494, 52.5404011], [12.1518995, 52.544334], [12.1540883, 52.5496356], [12.1552788, 52.5520299], [12.156475, 52.5542877], [12.1567893, 52.5567085], [12.1584548, 52.5590131], [12.1602261, 52.5618271], [12.1629273, 52.5636403], [12.1665851, 52.5657306], [12.1698345, 52.56758], [12.1747143, 52.5706228], [12.1790956, 52.5734774], [12.1815198, 52.575218], [12.1780964, 52.5760914], [12.1747266, 52.5793788], [12.1736287, 52.5815685], [12.1734436, 52.5848618], [12.1737672, 52.5903319], [12.173425, 52.5954962], [12.1734131, 52.5986284], [12.1740478, 52.6016627], [12.1751661, 52.604348], [12.1765043, 52.6065109], [12.171721, 52.6068342], [12.1705242, 52.6107727], [12.1734649, 52.6163844], [12.1687819, 52.6165561], [12.1694765, 52.6203467], [12.1718112, 52.6250646], [12.1830252, 52.6222837], [12.1972611, 52.6186531], [12.2034023, 52.6185778], [12.2059597, 52.6218328], [12.2085995, 52.6236849], [12.2152152, 52.6254457], [12.2191166, 52.6259337], [12.2236559, 52.6272846], [12.2367038, 52.6286784], [12.2310807, 52.6297837], [12.2312015, 52.6365482], [12.2311638, 52.63993], [12.2361467, 52.6411906], [12.2375335, 52.6444507], [12.2370277, 52.6468798], [12.2332349, 52.6515151], [12.2351372, 52.6545083], [12.2350499, 52.6576716], [12.2352419, 52.6601383], [12.2378625, 52.6623665], [12.235201, 52.6640067], [12.2371887, 52.6659576], [12.2390872, 52.6698232], [12.2381847, 52.6730156], [12.2356095, 52.6756582], [12.2353226, 52.6794232], [12.2329204, 52.6812776], [12.228924, 52.6814645], [12.2264953, 52.6832634], [12.2298336, 52.6851728], [12.2320424, 52.6870529], [12.2315727, 52.6895713], [12.2273001, 52.6883658], [12.2226177, 52.6881924], [12.2190249, 52.6946276], [12.2175705, 52.6970688], [12.2172953, 52.6996483], [12.2207368, 52.7014842], [12.2240403, 52.7025451], [12.2219176, 52.7046768], [12.2181751, 52.7063056], [12.2167913, 52.7084464], [12.211697, 52.7090374], [12.2076475, 52.7102395], [12.2052017, 52.7121534], [12.2059878, 52.7144046], [12.2100322, 52.7154265], [12.2089273, 52.7181542], [12.2040702, 52.7197317], [12.1991828, 52.7172123], [12.1978451, 52.7203437], [12.2008398, 52.7220137], [12.205558, 52.7242335], [12.2061409, 52.7265094], [12.2018529, 52.7283332], [12.2043152, 52.7305495], [12.207932, 52.7318056], [12.2098858, 52.7349124], [12.2158269, 52.7355033], [12.2194343, 52.7362973], [12.2202621, 52.738685], [12.221172, 52.7409398], [12.2177764, 52.7435604], [12.2210759, 52.7448043], [12.22008, 52.7491488], [12.2186131, 52.7513686], [12.2151117, 52.7522924], [12.2103644, 52.7525784], [12.2071934, 52.7571906], [12.2058479, 52.7604904], [12.2069947, 52.7627372], [12.2109741, 52.7640601], [12.2151685, 52.763705], [12.212449, 52.7654443], [12.2135556, 52.7690155], [12.2125367, 52.7720602], [12.2153842, 52.7744559], [12.2200405, 52.7737881], [12.2234509, 52.7755769], [12.222572, 52.7791625], [12.2234517, 52.7839729], [12.2235137, 52.7869486], [12.2200413, 52.7897638], [12.2256944, 52.7894137], [12.2295802, 52.7897714], [12.2329187, 52.7887554], [12.236261, 52.7873926], [12.2407073, 52.7866323], [12.2449722, 52.7868546], [12.2463691, 52.7889975], [12.2488707, 52.7911293], [12.2502736, 52.7932236], [12.2542308, 52.7936281], [12.2581232, 52.7934261], [12.2597282, 52.7956979], [12.2612002, 52.7977796], [12.2640423, 52.7992528], [12.2676106, 52.8002394], [12.2715637, 52.7996627], [12.2750581, 52.7981361], [12.2791699, 52.7974757], [12.2826171, 52.7965694], [12.2881274, 52.7971773], [12.2949049, 52.8002754], [12.3005321, 52.8006425], [12.3040973, 52.7988483], [12.3081165, 52.798366], [12.312262, 52.7976204], [12.3171135, 52.7967465], [12.3215177, 52.79667], [12.3255678, 52.7967943], [12.3296442, 52.7954474], [12.3335377, 52.7946236], [12.3373851, 52.7954365], [12.3410387, 52.7967949], [12.3468741, 52.7971873], [12.3538906, 52.7975775], [12.3576854, 52.7977734], [12.3615542, 52.7988749], [12.3656186, 52.7995223], [12.3680572, 52.80186], [12.373534, 52.8039894], [12.3768031, 52.8053846], [12.3784881, 52.8030401], [12.385428, 52.8022524], [12.3894181, 52.8019988], [12.3940647, 52.8021694], [12.3996534, 52.8001476], [12.3997457, 52.7974588], [12.3983252, 52.7946284], [12.3990139, 52.7922486], [12.406847, 52.7889909], [12.4050682, 52.7862638], [12.4025223, 52.7846022], [12.3941907, 52.7794487], [12.3893082, 52.7763034], [12.3796623, 52.7701151], [12.3836352, 52.7695816], [12.3861771, 52.7712286], [12.3902839, 52.771009], [12.3946408, 52.7707627], [12.3979953, 52.7696299], [12.4009769, 52.7674861], [12.4015849, 52.7648384], [12.4004344, 52.7621291], [12.4023838, 52.7600625], [12.4007681, 52.7579342], [12.4013741, 52.7555155], [12.4037968, 52.7537037], [12.4075152, 52.7523839], [12.4115996, 52.752033], [12.4151397, 52.7530102], [12.4190854, 52.7542868], [12.4219749, 52.7557706], [12.4255324, 52.7565376], [12.4292448, 52.7562936], [12.4329203, 52.7559197], [12.4363667, 52.7569346], [12.4400432, 52.7563127], [12.4433117, 52.7552178], [12.4469451, 52.7558508], [12.4504276, 52.7569997], [12.454178, 52.7564878], [12.4580724, 52.7565838], [12.4623747, 52.7567478], [12.4663801, 52.7568198], [12.4701347, 52.7568033], [12.4746128, 52.7577508], [12.477992, 52.7588372], [12.4826916, 52.7594677], [12.4870649, 52.7607726], [12.4902204, 52.7592768], [12.4928211, 52.757667], [12.4961925, 52.7587919], [12.4994958, 52.7575899], [12.5045727, 52.7562881], [12.508376, 52.7560589], [12.5137115, 52.7549524], [12.5174022, 52.7534836], [12.5203429, 52.7520214], [12.524082, 52.7533706], [12.5283467, 52.7525108], [12.5377818, 52.7521649], [12.5465859, 52.7532286], [12.5497392, 52.7630648], [12.5449199, 52.7640337], [12.5408406, 52.7647775], [12.5434121, 52.7665784], [12.5464206, 52.7688251], [12.5464696, 52.7711979], [12.5507569, 52.7717968], [12.549493, 52.7751764], [12.5476562, 52.7775991], [12.5456805, 52.7802078], [12.5399193, 52.7812537], [12.5359969, 52.7810967], [12.5329384, 52.7830614], [12.5329143, 52.7853882], [12.5332891, 52.7914005], [12.5406922, 52.7919839], [12.5408017, 52.7966951], [12.5410227, 52.8023253], [12.5460513, 52.8020402], [12.5491659, 52.8033802], [12.5490983, 52.8061646], [12.5479825, 52.8105864], [12.5523459, 52.8104839], [12.5567651, 52.8100708], [12.5609687, 52.8098108], [12.5656738, 52.8093947], [12.5826806, 52.80824], [12.5935876, 52.8040373], [12.6021717, 52.8008097], [12.6038218, 52.7985672], [12.6076417, 52.7954733], [12.6099275, 52.7934878], [12.6092848, 52.7911535], [12.6123538, 52.7928994], [12.6151965, 52.7910626], [12.6195696, 52.7938575], [12.6253776, 52.7952667], [12.6346226, 52.7970517], [12.6386048, 52.7990225], [12.6426522, 52.8009454], [12.6492933, 52.8007187], [12.6496793, 52.7982071], [12.6492657, 52.7956715], [12.6459753, 52.7926704], [12.6494774, 52.7913757], [12.6523562, 52.7898599], [12.6567408, 52.7912045], [12.6640269, 52.7862024], [12.6648282, 52.7839823], [12.6698054, 52.7821956], [12.6667476, 52.7777652], [12.6764901, 52.7733399], [12.672263, 52.76954], [12.6767305, 52.7683482], [12.6799117, 52.7667601], [12.682933, 52.7653836], [12.6865983, 52.7642438], [12.6939456, 52.7622883], [12.7029521, 52.7598839], [12.7136612, 52.7589636], [12.717905, 52.7583088], [12.7206551, 52.7561209], [12.7189527, 52.7537342], [12.7172459, 52.7513897], [12.7154734, 52.7483813], [12.7188577, 52.7471], [12.7224471, 52.7447262], [12.7190417, 52.7409564], [12.7147326, 52.7392667], [12.7114737, 52.7357906], [12.7097128, 52.7334541], [12.7077652, 52.7292746], [12.7174443, 52.7285512], [12.7161424, 52.7234555], [12.7225633, 52.7228254], [12.7276773, 52.72249], [12.7292113, 52.7193284], [12.7312506, 52.7159713], [12.7341944, 52.7145136], [12.736357, 52.7122355], [12.7376777, 52.7098073], [12.7387735, 52.7073056], [12.7405692, 52.70316], [12.7446517, 52.702196], [12.7482378, 52.7015286], [12.7556502, 52.6997592], [12.7641369, 52.6973489], [12.76607, 52.6945628], [12.7771768, 52.6927543], [12.7875401, 52.691337], [12.7943446, 52.6898004], [12.8020732, 52.6885758], [12.8057618, 52.6879827], [12.8101091, 52.6872049], [12.8212607, 52.6852122], [12.8279762, 52.6840598], [12.8328616, 52.6825797], [12.8356807, 52.6810392], [12.840728, 52.6822989], [12.8382619, 52.6852273], [12.8421583, 52.6876444], [12.8361559, 52.6919846], [12.8340702, 52.6949498], [12.8293066, 52.6936389], [12.8331262, 52.6960679], [12.8398281, 52.6977236], [12.8435409, 52.6987369], [12.8544962, 52.7017263], [12.8581162, 52.704757], [12.8653925, 52.7059474], [12.8691756, 52.7078225], [12.8749508, 52.7097042], [12.8830411, 52.7116384], [12.8954512, 52.7143647], [12.901631, 52.7158075], [12.9059869, 52.7168604], [12.9238826, 52.7191155], [12.9264361, 52.7207726], [12.9242259, 52.7230535], [12.9278503, 52.7250242], [12.934573, 52.724745], [12.9396746, 52.7238925], [12.9445408, 52.7230675], [12.9506688, 52.7220527], [12.9553258, 52.7211379], [12.9593386, 52.720184], [12.9621376, 52.7185963], [12.963691, 52.7148166], [12.9663586, 52.7132258], [12.973273, 52.7104493], [12.9722917, 52.7081535], [12.9711579, 52.7028222], [12.9784271, 52.7012203], [12.9830724, 52.7013353], [12.9874218, 52.7005993], [12.9940612, 52.6981761], [12.9932199, 52.6940845], [12.9917013, 52.6918024], [12.9959716, 52.6922444], [12.9997926, 52.6918446], [13.0038901, 52.6911693], [13.0089585, 52.6915003], [13.0126226, 52.6901769], [13.0169135, 52.6904985], [13.0214698, 52.6899202], [13.0225322, 52.6870919], [13.0202875, 52.6815626], [13.0182514, 52.6778315], [13.0232588, 52.6775923], [13.0272992, 52.6779093], [13.0281292, 52.6741937], [13.0254295, 52.6759595], [13.0227269, 52.6742397], [13.0196036, 52.6727111], [13.015659, 52.6731007], [13.0138625, 52.6710878], [13.0176481, 52.6710751], [13.0217122, 52.670985], [13.0264051, 52.6703265], [13.0305485, 52.6704854], [13.0344173, 52.6703026], [13.0404673, 52.669598], [13.0454186, 52.6693904], [13.049169, 52.6692455], [13.0526395, 52.6702984], [13.0563449, 52.6716762], [13.0599183, 52.6731181], [13.0634687, 52.674266], [13.0669322, 52.6754709], [13.0714944, 52.6767068], [13.0760257, 52.6777527], [13.0811869, 52.6786107], [13.0854113, 52.6790157], [13.0894016, 52.6786197], [13.095679, 52.6775716], [13.0952782, 52.6750606], [13.0934484, 52.6729968], [13.0905377, 52.6712636], [13.0910526, 52.6688109], [13.0905873, 52.6665311], [13.0898129, 52.6643244], [13.0931267, 52.6615425], [13.0958164, 52.6597718], [13.0983623, 52.6542824], [13.1007436, 52.6497531], [13.1040226, 52.6452358], [13.1062049, 52.642161], [13.1093765, 52.6397813], [13.1120202, 52.6380305], [13.1113513, 52.6345019], [13.1171614, 52.6347299], [13.1189433, 52.6314273], [13.1238255, 52.6321093], [13.127249, 52.6309234], [13.1322502, 52.6313274], [13.1374874, 52.6318164], [13.140731, 52.6304196], [13.1445044, 52.6294088], [13.1485508, 52.6294468], [13.1525152, 52.6289779], [13.1560937, 52.628379], [13.1573495, 52.6259373], [13.1578055, 52.6236905], [13.1580245, 52.6214248], [13.1593634, 52.6170263], [13.1555151, 52.6142606], [13.1518107, 52.6116708], [13.1487581, 52.6135586], [13.1477938, 52.6089414], [13.1552623, 52.6068511], [13.1528447, 52.6038548], [13.1531748, 52.6014344], [13.15727, 52.6026106], [13.1642887, 52.6017599], [13.1659528, 52.6038033], [13.164968, 52.6011073], [13.1645286, 52.5987969], [13.1602907, 52.5981286], [13.1555659, 52.5967289], [13.1531098, 52.594982], [13.150614, 52.5928895], [13.1462041, 52.5907257], [13.1420736, 52.5893967], [13.1384549, 52.5888691], [13.1354795, 52.5873681], [13.1313897, 52.5869115], [13.1287108, 52.5846506], [13.1308003, 52.582215], [13.1320719, 52.579777], [13.1360336, 52.5801057], [13.1400506, 52.5808025], [13.1438413, 52.5815695], [13.1471218, 52.5826962], [13.1512396, 52.5822106], [13.1525043, 52.5798758], [13.1535955, 52.5774603], [13.1536906, 52.5747809], [13.1527744, 52.5724836], [13.1512641, 52.569987], [13.1502794, 52.5677149], [13.1486468, 52.5656087], [13.1474654, 52.5634029], [13.1464286, 52.5610528], [13.1468531, 52.5586175], [13.1472848, 52.5558341], [13.1460229, 52.5533793], [13.1425609, 52.5522546], [13.1385286, 52.5525411], [13.1344497, 52.5533515], [13.1319388, 52.5552501], [13.1292997, 52.5534515], [13.1282426, 52.550998], [13.1271287, 52.5485493], [13.1260757, 52.5463841], [13.1249632, 52.543792], [13.1248836, 52.5412745], [13.1241841, 52.5390505], [13.1231022, 52.5366327], [13.1215623, 52.5345137], [13.1203428, 52.5322207], [13.1194019, 52.5299135], [13.1190205, 52.5273112], [13.1186949, 52.524822], [13.1184329, 52.5224798], [13.1181144, 52.5201049], [13.1173799, 52.51706], [13.1211346, 52.517226], [13.1251547, 52.5175158], [13.1300704, 52.5179906], [13.135843, 52.5187056], [13.1403632, 52.5194296], [13.1443571, 52.5191864], [13.1475042, 52.517193], [13.1508225, 52.5159038], [13.1543845, 52.5143314], [13.1577223, 52.5130652], [13.1615252, 52.5118236], [13.1648879, 52.5105875], [13.1688227, 52.5092271], [13.1661526, 52.5075106], [13.1633534, 52.5056315], [13.1607952, 52.5039533], [13.1578842, 52.5020925], [13.1539192, 52.501859], [13.1495956, 52.5020402], [13.1452803, 52.5021449], [13.1411672, 52.5022531], [13.1372674, 52.5015248], [13.1347069, 52.4994039], [13.1322344, 52.4976654], [13.1298125, 52.4959347], [13.1268182, 52.4940296], [13.1238147, 52.4926721], [13.1209032, 52.4912188], [13.1169033, 52.4912969], [13.1125697, 52.4916233], [13.1084778, 52.4922606], [13.1045278, 52.4929812], [13.1005817, 52.4937547], [13.0977826, 52.4920846], [13.0974972, 52.4897291], [13.0971606, 52.4868794], [13.0968401, 52.4841942], [13.0965571, 52.481838], [13.0962703, 52.4794624], [13.0959859, 52.4770402], [13.0956469, 52.4741903], [13.0959123, 52.4718312], [13.0960848, 52.4694608], [13.0929645, 52.4675608], [13.0890604, 52.4662821], [13.0856491, 52.4651431], [13.07971, 52.4631906], [13.0750442, 52.4616814], [13.0715168, 52.4603026], [13.0666907, 52.4596274], [13.0629719, 52.4594165], [13.0589635, 52.4593394], [13.0594856, 52.462599], [13.0559709, 52.4638495], [13.0538118, 52.465739], [13.0502221, 52.4664218], [13.0459189, 52.4679861], [13.04471, 52.4710418], [13.0424987, 52.4741972], [13.0415034, 52.476451], [13.0401945, 52.4786776], [13.038924, 52.4808036], [13.0348433, 52.4803303], [13.0297214, 52.4812485], [13.0276498, 52.4836616], [13.024747, 52.4866138], [13.0225192, 52.488841], [13.0199608, 52.4930381], [13.0221679, 52.4958745], [13.018553, 52.4977611], [13.0123484, 52.5065194], [13.0105361, 52.5086218], [13.0078408, 52.5104394], [13.0054028, 52.5123793], [13.0041762, 52.5145676], [12.9998943, 52.5140979], [12.9962017, 52.5136573], [12.9957675, 52.5101298], [12.9906129, 52.5092556], [12.9866495, 52.5086787], [12.9824579, 52.5080685], [12.9787446, 52.5075419], [12.9744965, 52.5069308], [12.9695965, 52.5061883], [12.9651565, 52.5058807], [12.9611902, 52.506], [12.9574377, 52.505359], [12.9535719, 52.503912], [12.9491471, 52.50441], [12.9452875, 52.5041946], [12.9434529, 52.5022217], [12.9394051, 52.5015869], [12.9356877, 52.5007771], [12.934327, 52.4983063], [12.9338139, 52.4956623], [12.9350539, 52.4934166], [12.9340208, 52.4911724], [12.9315861, 52.4888434], [12.9323378, 52.4866105], [12.9281479, 52.486127], [12.9244244, 52.4854859], [12.9205883, 52.4838714], [12.9175485, 52.4823972], [12.9159306, 52.4803372], [12.9165074, 52.4773042], [12.9172341, 52.4749084], [12.9147166, 52.4728215], [12.9110394, 52.4716747], [12.9066097, 52.4704589], [12.9025268, 52.4695429], [12.8977366, 52.4686435], [12.8941605, 52.4678297], [12.8913306, 52.4663469], [12.8883253, 52.4643628], [12.8869507, 52.4622667], [12.8907295, 52.4615875], [12.8945471, 52.4603865], [12.8953612, 52.4569888], [12.8954094, 52.4546303], [12.8936098, 52.4521347], [12.8916044, 52.4501168], [12.8881915, 52.4522212], [12.8850879, 52.454006], [12.8807436, 52.4541731], [12.8772239, 52.4531461], [12.8738732, 52.4544355], [12.8704235, 52.4557474], [12.8682122, 52.4582096], [12.8644903, 52.459796], [12.8601558, 52.4600648], [12.8563495, 52.4608265], [12.8521387, 52.4620372], [12.8485445, 52.4631948], [12.8448527, 52.4646618], [12.8413454, 52.4656836], [12.8375733, 52.4673237], [12.8334885, 52.4685036], [12.8294787, 52.4697699], [12.8255149, 52.4713442], [12.8210259, 52.4726641], [12.8175051, 52.4734736], [12.8137882, 52.4734175], [12.8100956, 52.4729091], [12.811691, 52.4708199], [12.8125337, 52.4685816], [12.8123478, 52.4660935], [12.8085478, 52.4659645], [12.8049846, 52.4651268], [12.8011358, 52.4651947], [12.797728, 52.4642637], [12.7947545, 52.4628656], [12.7909815, 52.4632778], [12.7874481, 52.4642798], [12.7835765, 52.464211], [12.7802795, 52.4631098], [12.7751802, 52.4640214], [12.7717752, 52.4650908], [12.7678897, 52.465559], [12.7640659, 52.465926], [12.7616385, 52.4636285], [12.7598638, 52.4613543], [12.7571873, 52.4596097], [12.7528494, 52.458312], [12.7492808, 52.4589725], [12.7455058, 52.4587234], [12.7394675, 52.4655037], [12.7464795, 52.4671593], [12.745074, 52.4702988], [12.7439389, 52.4730281], [12.7424454, 52.4774718], [12.7477069, 52.4784232], [12.7597115, 52.4811986], [12.7578665, 52.4843187], [12.7567287, 52.4865215], [12.7545699, 52.4897229], [12.7499006, 52.4888915], [12.7482223, 52.4914842], [12.7439732, 52.4930359], [12.7405867, 52.4946144], [12.7348401, 52.497793], [12.7470573, 52.5076126], [12.7496401, 52.5094186], [12.745654, 52.5121776], [12.7419893, 52.5145189], [12.7380051, 52.5168217], [12.7345161, 52.5188077], [12.7297289, 52.5212467], [12.7260525, 52.5229188], [12.721532, 52.5239517], [12.7160452, 52.5251636], [12.7180997, 52.5270426], [12.7171312, 52.5292456], [12.7202777, 52.5307442], [12.7170779, 52.5321746], [12.7166389, 52.534424], [12.7192999, 52.536103], [12.7182044, 52.5383704], [12.7219446, 52.5383112], [12.7255781, 52.5390065], [12.7242086, 52.5412073], [12.7226835, 52.5432755], [12.7197719, 52.5447463], [12.7160809, 52.5457855], [12.7131486, 52.5442666], [12.7090219, 52.5454435], [12.7054515, 52.5467182], [12.7005485, 52.5471657], [12.6968549, 52.5477529], [12.692718, 52.5493389], [12.6886009, 52.5485364], [12.6855178, 52.5470435], [12.6833409, 52.5451409], [12.6814312, 52.5422619], [12.6772829, 52.5414973], [12.6742368, 52.5400966], [12.672615, 52.5374702], [12.6678389, 52.5379203], [12.6640348, 52.5386588], [12.6605721, 52.5397236], [12.6571602, 52.5405968], [12.6509638, 52.542137], [12.6465112, 52.541251], [12.6458454, 52.5388181], [12.6431998, 52.5369042], [12.6394106, 52.5368328], [12.636205, 52.5389438], [12.6322619, 52.5389751], [12.6288693, 52.5378914], [12.6250025, 52.537776], [12.6212811, 52.5373107], [12.6174666, 52.5369805], [12.6124567, 52.5370784], [12.6102224, 52.5348207], [12.6075194, 52.5332663], [12.6032122, 52.5328391], [12.5991097, 52.53175], [12.5951962, 52.5306969], [12.5911937, 52.5295746], [12.5872806, 52.5284738], [12.5832355, 52.5274249], [12.5791086, 52.5270101], [12.5745209, 52.5269781], [12.5705083, 52.5278299], [12.5656838, 52.5283693], [12.5617064, 52.5286662], [12.55795, 52.5293651], [12.5535296, 52.529883], [12.5475285, 52.5306959], [12.5487863, 52.5333856], [12.5424502, 52.5334126], [12.5391037, 52.5366662], [12.5363814, 52.5382421], [12.5314644, 52.5368301], [12.5273727, 52.5375627], [12.5237819, 52.5382991], [12.520734, 52.5363024], [12.5171663, 52.5355981], [12.5137159, 52.5346233], [12.5100189, 52.5351271], [12.5061579, 52.5355476], [12.5019498, 52.5369519], [12.4994237, 52.5386422], [12.4980695, 52.5411341], [12.4967637, 52.5434972], [12.494261, 52.5452368], [12.4906251, 52.5442496], [12.4867217, 52.5459044], [12.4898525, 52.547512], [12.4885933, 52.549881], [12.485181, 52.5509554], [12.4813031, 52.5522265], [12.4815095, 52.5546677], [12.4851874, 52.5541682], [12.4875988, 52.5561051], [12.4833298, 52.5567655], [12.4784225, 52.5572154], [12.4773507, 52.5549236], [12.4735543, 52.5551026], [12.468912, 52.5547896], [12.4640847, 52.5547895], [12.4609882, 52.5527637], [12.4556775, 52.5510827], [12.4514976, 52.5511035], [12.4455413, 52.5517964], [12.4403013, 52.5524984], [12.4283352, 52.5539584], [12.4282293, 52.5499758], [12.4269425, 52.5472331], [12.4291933, 52.5439525], [12.4291603, 52.5408048], [12.425146, 52.5401529], [12.4212755, 52.5419497], [12.4171851, 52.5425556], [12.4133537, 52.5420636], [12.4094505, 52.5404237], [12.4063231, 52.5387499], [12.4084828, 52.5368359], [12.4124095, 52.5340493], [12.4143837, 52.5319059], [12.4181001, 52.5313408], [12.4242033, 52.5293381], [12.4276228, 52.5273463], [12.4249233, 52.5237567], [12.4272223, 52.5186769], [12.4293102, 52.5150809], [12.4282351, 52.5128733], [12.4242665, 52.5112958], [12.4204632, 52.5105521], [12.4167269, 52.5103252], [12.4192781, 52.5079211], [12.4200506, 52.5047082], [12.4220282, 52.5025171], [12.4197111, 52.4984038], [12.4161716, 52.5003123], [12.4145845, 52.4979684], [12.4115808, 52.4954397], [12.4161083, 52.4934519], [12.4220914, 52.4929447], [12.4222334, 52.4904624], [12.4207837, 52.4882807], [12.4170393, 52.485168], [12.4150227, 52.4817424], [12.4138079, 52.4795216], [12.4128751, 52.4771396], [12.4160696, 52.4757895], [12.4204538, 52.4758874], [12.425549, 52.4760009], [12.4293737, 52.4760749], [12.4330737, 52.4759096], [12.4380514, 52.4762827], [12.4419551, 52.4775391], [12.4458462, 52.4783793], [12.4499092, 52.479222], [12.448285, 52.4771303], [12.4475382, 52.4746059], [12.4479974, 52.4723484], [12.444343, 52.4717241], [12.4409226, 52.4708523], [12.4401258, 52.4685382], [12.4397016, 52.4663011], [12.438546, 52.4635759], [12.436842, 52.4615696], [12.434561, 52.4596187], [12.4323094, 52.4577088], [12.4286231, 52.4578093], [12.4267566, 52.4558686], [12.423776, 52.4540102], [12.4247885, 52.4565187], [12.427259, 52.4582761], [12.4238556, 52.4573809], [12.4206428, 52.4559407], [12.4162934, 52.4561681], [12.4126211, 52.4569553], [12.4088165, 52.4569302], [12.4048551, 52.4559191], [12.4031836, 52.4537075], [12.3991694, 52.4521783], [12.3957488, 52.4509429], [12.3943636, 52.448678], [12.3907152, 52.4478799], [12.3870503, 52.4473473], [12.383534, 52.4466405], [12.3799229, 52.4460846], [12.3765591, 52.4451103], [12.3731658, 52.444077], [12.3690466, 52.443309], [12.3653026, 52.4430613], [12.3612056, 52.4427772], [12.3507256, 52.4410742], [12.3443563, 52.4392656], [12.3407422, 52.4385676], [12.3352137, 52.4392045], [12.3294315, 52.4396973], [12.3250005, 52.4419139], [12.3216255, 52.4446745], [12.3210313, 52.4479362], [12.3202145, 52.4502659], [12.3195964, 52.4526685], [12.3171017, 52.4548969], [12.3169942, 52.4571605], [12.3146543, 52.4595672], [12.3167911, 52.4619668], [12.3230392, 52.4629783], [12.3254311, 52.4648871], [12.3250874, 52.4676851], [12.3254138, 52.4702236], [12.3258258, 52.4732624], [12.3284698, 52.4762653], [12.330686, 52.4784899], [12.3269694, 52.4790944], [12.3238246, 52.4765609], [12.3202938, 52.475879], [12.3164228, 52.4750259], [12.3136992, 52.4767701], [12.3113217, 52.4785406], [12.3082329, 52.4800863], [12.3097575, 52.4821375], [12.3093952, 52.4844967], [12.3099356, 52.4868513], [12.3123154, 52.4887041], [12.3145886, 52.4905477], [12.3182828, 52.4906349], [12.3218638, 52.4913405], [12.3257196, 52.491799], [12.3294347, 52.4930588], [12.3305043, 52.4961897], [12.3266237, 52.4961661], [12.3227705, 52.4958567], [12.3192164, 52.4948694], [12.3165251, 52.4929115], [12.3133563, 52.4916566], [12.3099112, 52.4907339], [12.3065586, 52.4917719], [12.3042449, 52.4937463], [12.3012551, 52.4951358], [12.2976366, 52.4961415], [12.2947446, 52.4942752], [12.2926097, 52.4922254], [12.2886584, 52.4924048], [12.2849538, 52.4923065], [12.2832772, 52.4901675], [12.2800859, 52.4885556], [12.2771199, 52.4870947], [12.2734064, 52.4877715], [12.2709173, 52.4895711], [12.2708235, 52.4919278], [12.267923, 52.4939206], [12.2620807, 52.4952736], [12.2700289, 52.5008758], [12.2656496, 52.5021124], [12.261256, 52.5034399], [12.259173, 52.5055076], [12.2593678, 52.5078859], [12.2576284, 52.5108744], [12.2581909, 52.513454], [12.2581163, 52.5164351], [12.2571395, 52.5186295], [12.25314, 52.5194216], [12.2469884, 52.5186878], [12.2455989, 52.5212103], [12.2412104, 52.522175], [12.2376956, 52.5231933], [12.2340298, 52.5236104], [12.2311628, 52.522019], [12.2326067, 52.5196526], [12.2322412, 52.5167872], [12.2295213, 52.5143123], [12.2260198, 52.5132837], [12.223523, 52.5109474], [12.2256407, 52.5084018], [12.2276934, 52.5064356], [12.2245374, 52.5037568], [12.2217465, 52.5003233], [12.2173336, 52.4997811], [12.2142053, 52.5016557], [12.2110553, 52.5030302], [12.2085376, 52.5002356], [12.2054189, 52.4982195], [12.2015828, 52.4975851], [12.1977967, 52.4986277], [12.1931661, 52.4988968], [12.188749, 52.4986934], [12.1862795, 52.4964728], [12.1821429, 52.4988806], [12.1782275, 52.5019301], [12.1720502, 52.5055349], [12.1693364, 52.5083313], [12.1681251, 52.5125227], [12.1671225, 52.5146963], [12.1698336, 52.51664], [12.1737387, 52.5186994], [12.1753263, 52.520812], [12.1775305, 52.5233123], [12.1804257, 52.5248035], [12.1836953, 52.5262712], [12.1864687, 52.5285385], [12.1873554, 52.5308451], [12.1841637, 52.5333572], [12.1799883, 52.5337763], [12.1753343, 52.5373129], [12.1719045, 52.5384388], [12.1683782, 52.5376436], [12.1655446, 52.5357924], [12.1606188, 52.5347812], [12.1574322, 52.5336146], [12.1559983, 52.5311845], [12.1525443, 52.5294493], [12.1488443, 52.5291754], [12.1450353, 52.5296086], [12.1431085, 52.5280636]]]}}, {"type": "Feature", "properties": {"id": "5", "name": "Brandenburg an der Havel", "authority": "Stadt Brandenburg an der Havel", "kind": "Kreisfreie Stadt"}, "geometry": {"type": "MultiPolygon", "coordinates": [[[[12.3610911, 52.4427984], [12.3653026, 52.4430613], [12.3690466, 52.443309], [12.3727635, 52.4439622], [12.3763711, 52.4450468], [12.3797121, 52.4460282], [12.3833351, 52.4466249], [12.3870503, 52.4473473], [12.3907152, 52.4478799], [12.3943636, 52.448678], [12.3957488, 52.4509429], [12.3991694, 52.4521783], [12.4028403, 52.4529159], [12.4039961, 52.4550955], [12.4066537, 52.4569297], [12.4105298, 52.4569584], [12.4142672, 52.4569669], [12.4174302, 52.4556351], [12.4210833, 52.4561522], [12.4240655, 52.4576746], [12.4237467, 52.4553895], [12.4275809, 52.4560041], [12.4284068, 52.4537007], [12.424804, 52.452905], [12.4226221, 52.4506436], [12.4215924, 52.4483531], [12.4230034, 52.4462108], [12.4254695, 52.444526], [12.4260124, 52.4420218], [12.4243971, 52.4395903], [12.4231092, 52.4373112], [12.4209802, 52.4353032], [12.4233962, 52.4335884], [12.4257576, 52.4317495], [12.4272752, 52.4297], [12.4310189, 52.4303491], [12.434621, 52.4297328], [12.4346797, 52.427399], [12.4342528, 52.425049], [12.4333312, 52.4228194], [12.4327167, 52.4202579], [12.4311399, 52.4180833], [12.4349872, 52.4185019], [12.4350182, 52.4212908], [12.4359647, 52.4238135], [12.4382326, 52.4256095], [12.4420306, 52.426052], [12.4419772, 52.4236389], [12.4460913, 52.423796], [12.4476573, 52.4259358], [12.4473418, 52.4292035], [12.4475965, 52.4316738], [12.4458246, 52.4361998], [12.4450262, 52.4385703], [12.4449133, 52.4413197], [12.4449443, 52.4438956], [12.4448676, 52.4461661], [12.4437335, 52.4501558], [12.4442798, 52.4535034], [12.4589127, 52.4512536], [12.4675368, 52.4499066], [12.4725569, 52.4563658], [12.4760497, 52.4594059], [12.4796756, 52.4600706], [12.4843895, 52.4624713], [12.488139, 52.4651649], [12.4911428, 52.4679471], [12.4944478, 52.4696388], [12.4989195, 52.4695858], [12.5021793, 52.471952], [12.5054564, 52.4731636], [12.5117032, 52.4747137], [12.5118233, 52.4722252], [12.5099036, 52.4700847], [12.5089079, 52.4677087], [12.5092937, 52.4649906], [12.5126302, 52.4632981], [12.5129342, 52.4609666], [12.5149615, 52.4587882], [12.5160732, 52.4551935], [12.5174428, 52.4528655], [12.5222864, 52.4532381], [12.5251577, 52.450522], [12.5311583, 52.449562], [12.5368503, 52.4490079], [12.5414174, 52.4493083], [12.5471834, 52.4493754], [12.552392, 52.4491973], [12.556205, 52.4475019], [12.560058, 52.4475131], [12.5618467, 52.4494925], [12.5639526, 52.4513726], [12.5647969, 52.4536], [12.5657646, 52.455936], [12.5648792, 52.4581793], [12.5654257, 52.4604178], [12.5671689, 52.4624158], [12.5656125, 52.4645683], [12.5661651, 52.4668054], [12.5659001, 52.4690544], [12.5656605, 52.4713153], [12.5656538, 52.4736554], [12.5653577, 52.4760279], [12.5672534, 52.4780474], [12.571219, 52.4788876], [12.574945, 52.4783947], [12.5785534, 52.4776444], [12.5809897, 52.47939], [12.5836094, 52.4810005], [12.5874511, 52.480591], [12.5909175, 52.4797898], [12.5948694, 52.479502], [12.5964928, 52.4815302], [12.5980909, 52.4837997], [12.5986595, 52.4860647], [12.5999383, 52.4882085], [12.6023092, 52.4899554], [12.6038312, 52.4920457], [12.6075544, 52.4914499], [12.6105803, 52.4901434], [12.614286, 52.4904802], [12.6182762, 52.4907066], [12.6218447, 52.4900635], [12.6241256, 52.4882046], [12.627507, 52.4869122], [12.6286348, 52.4890848], [12.6313132, 52.4909833], [12.6347915, 52.4919135], [12.6401836, 52.4909582], [12.6428005, 52.4892352], [12.6455802, 52.4877071], [12.6464217, 52.4853241], [12.6486417, 52.4833507], [12.6525509, 52.483948], [12.6546839, 52.48582], [12.6538625, 52.4881608], [12.6547472, 52.4903447], [12.6557106, 52.4926451], [12.6567946, 52.4948563], [12.6593125, 52.497273], [12.6631478, 52.4978518], [12.6646548, 52.500588], [12.6685842, 52.5019252], [12.6723362, 52.5023506], [12.6766062, 52.5028736], [12.6800567, 52.5039091], [12.683512, 52.5049552], [12.6854022, 52.5070168], [12.6887218, 52.508218], [12.6921825, 52.5092935], [12.6958065, 52.5098994], [12.6992574, 52.5108223], [12.7019024, 52.5124147], [12.7061408, 52.5116124], [12.7049358, 52.5093112], [12.7017571, 52.5081193], [12.6980915, 52.5075191], [12.6945643, 52.5066499], [12.6915462, 52.5051228], [12.6919317, 52.5028823], [12.6906428, 52.5007218], [12.6902715, 52.4984354], [12.6896516, 52.4960604], [12.6878342, 52.4939415], [12.6844491, 52.4930068], [12.6806216, 52.4932074], [12.6775051, 52.4946497], [12.6739742, 52.4954279], [12.6701337, 52.4953732], [12.668107, 52.492902], [12.6655915, 52.490753], [12.6617799, 52.4902272], [12.6580941, 52.4898639], [12.6560472, 52.4877397], [12.655079, 52.4854454], [12.6527471, 52.4835878], [12.6492286, 52.4828566], [12.645614, 52.4835964], [12.6431294, 52.4854999], [12.6398338, 52.4869657], [12.6361241, 52.4877324], [12.6329283, 52.4863089], [12.63228, 52.4840569], [12.6286878, 52.4834125], [12.625513, 52.4821583], [12.6212825, 52.4833363], [12.6185455, 52.4850317], [12.6144528, 52.4856413], [12.6106409, 52.4851393], [12.6068301, 52.4847644], [12.6038521, 52.4834143], [12.6027536, 52.4811658], [12.5994731, 52.4794509], [12.5961643, 52.477962], [12.5923611, 52.4773736], [12.5878505, 52.4769613], [12.5846413, 52.4756384], [12.5807747, 52.4758399], [12.5788986, 52.4735919], [12.5780604, 52.4713419], [12.5774549, 52.4690827], [12.5760034, 52.4669317], [12.5734544, 52.4652547], [12.5731013, 52.4629187], [12.5737711, 52.4604865], [12.5746247, 52.4581945], [12.5763077, 52.4557847], [12.5763084, 52.4533212], [12.5739904, 52.4514927], [12.5718601, 52.4496551], [12.5717403, 52.447305], [12.57457, 52.4456354], [12.5880673, 52.4467828], [12.5907818, 52.4490236], [12.5930166, 52.4508608], [12.5968812, 52.4519525], [12.6005758, 52.4517926], [12.6026783, 52.4537311], [12.6057149, 52.4552049], [12.610472, 52.4557821], [12.6160207, 52.4574577], [12.6195731, 52.4584733], [12.6239313, 52.4581273], [12.6273582, 52.4562951], [12.6318154, 52.4547008], [12.6357072, 52.4531839], [12.6385839, 52.4513657], [12.6423077, 52.4516088], [12.6470047, 52.4529156], [12.6508483, 52.4539658], [12.6559418, 52.4553593], [12.6588652, 52.4538825], [12.6635384, 52.4541525], [12.6666526, 52.4525652], [12.6702987, 52.4519058], [12.6707646, 52.448475], [12.6745461, 52.4477917], [12.6782805, 52.4479179], [12.6820211, 52.4484621], [12.6856137, 52.4491311], [12.6878057, 52.4471723], [12.6890818, 52.4448665], [12.6918999, 52.4466884], [12.6958082, 52.4464382], [12.6998751, 52.4463544], [12.7030113, 52.4475587], [12.7043436, 52.4454255], [12.7027694, 52.4432981], [12.6986614, 52.4432751], [12.6961098, 52.4449252], [12.694021, 52.4430212], [12.6892224, 52.4409826], [12.6872008, 52.44297], [12.6832827, 52.4425923], [12.6795051, 52.4419459], [12.6767215, 52.4403787], [12.6745046, 52.4385538], [12.6716177, 52.4366481], [12.6728053, 52.433665], [12.6736808, 52.4312155], [12.6748806, 52.4282642], [12.6764704, 52.4262185], [12.679179, 52.423969], [12.6816821, 52.4218978], [12.6841562, 52.420198], [12.6871555, 52.4183803], [12.6852453, 52.4163586], [12.6843102, 52.4139702], [12.6839221, 52.4115949], [12.6811093, 52.4099992], [12.6773099, 52.4097635], [12.6742249, 52.4084662], [12.6705244, 52.4084396], [12.6664812, 52.4073716], [12.6651155, 52.4040044], [12.6642589, 52.4011134], [12.6633036, 52.3988682], [12.660713, 52.3965114], [12.658731, 52.3944212], [12.6562548, 52.3921631], [12.6529109, 52.3935628], [12.651468, 52.3960492], [12.6476677, 52.3957073], [12.6439194, 52.3955027], [12.6401753, 52.3954067], [12.6352364, 52.3949124], [12.6313405, 52.3944827], [12.6267665, 52.3939611], [12.6217638, 52.3935103], [12.6175055, 52.3931136], [12.6132818, 52.3927332], [12.6105167, 52.3910508], [12.6093144, 52.3881199], [12.6084492, 52.3858535], [12.6073401, 52.383347], [12.6063128, 52.3809111], [12.6050289, 52.3781325], [12.6040497, 52.375686], [12.6031521, 52.3734011], [12.6042433, 52.3709596], [12.6061916, 52.3685512], [12.6063012, 52.3661744], [12.6024683, 52.3653621], [12.598775, 52.3644917], [12.5970298, 52.3624751], [12.5969951, 52.3599094], [12.5943254, 52.3582765], [12.5936657, 52.3557889], [12.5937184, 52.3532168], [12.593714, 52.3504121], [12.5937882, 52.3480871], [12.5891289, 52.3483825], [12.5844435, 52.3485043], [12.5796833, 52.3485844], [12.5758092, 52.3487855], [12.5718769, 52.348352], [12.5678986, 52.3478884], [12.5642832, 52.3472456], [12.5592258, 52.3482979], [12.5563145, 52.3497045], [12.5532729, 52.3510851], [12.5510389, 52.3529712], [12.545867, 52.3532394], [12.5418762, 52.3534338], [12.5379378, 52.3536276], [12.5357502, 52.3518029], [12.5339676, 52.3486964], [12.5288545, 52.3481653], [12.5230456, 52.3472813], [12.5249191, 52.3446781], [12.5258094, 52.3423019], [12.5187293, 52.3371206], [12.5150419, 52.3379862], [12.5107691, 52.338677], [12.5099708, 52.331988], [12.5052111, 52.3320721], [12.504667, 52.3280369], [12.5053348, 52.322421], [12.5001857, 52.3222438], [12.4965818, 52.3230419], [12.4916632, 52.324178], [12.4877949, 52.3250718], [12.4829441, 52.3262206], [12.4795827, 52.3249375], [12.4763066, 52.3235387], [12.4753983, 52.3207879], [12.4747003, 52.3185206], [12.4706962, 52.3191414], [12.467083, 52.3202689], [12.4645256, 52.3185647], [12.4608391, 52.3179005], [12.4568462, 52.3177105], [12.4529094, 52.3173836], [12.4488155, 52.3169909], [12.4449918, 52.3165863], [12.4412548, 52.3161963], [12.4376697, 52.3155237], [12.4339942, 52.3149389], [12.4299372, 52.3138352], [12.4263266, 52.3131155], [12.4228035, 52.3123893], [12.4192684, 52.3117416], [12.4178762, 52.3138252], [12.417315, 52.3164943], [12.417126, 52.319218], [12.4172309, 52.3215145], [12.4169446, 52.3240372], [12.4168869, 52.3264829], [12.4169242, 52.3288155], [12.4171542, 52.3310854], [12.418735, 52.3331973], [12.422818, 52.3346987], [12.4221156, 52.3370455], [12.4213748, 52.3395225], [12.4183302, 52.3411757], [12.4164825, 52.3434715], [12.4137024, 52.3454353], [12.4122653, 52.3479241], [12.4084811, 52.3473256], [12.4071499, 52.3495001], [12.4053224, 52.3519278], [12.4026799, 52.3561483], [12.3999904, 52.3579046], [12.3969851, 52.3601085], [12.3952565, 52.362607], [12.398661, 52.364484], [12.3988346, 52.3795514], [12.3955488, 52.3806864], [12.3940472, 52.38354], [12.3929581, 52.3865096], [12.3916023, 52.3889601], [12.3921199, 52.3912326], [12.3908097, 52.3935811], [12.3899967, 52.3958325], [12.3911087, 52.3980667], [12.3932812, 52.399963], [12.3918039, 52.4022036], [12.3880091, 52.4035237], [12.388919, 52.4062465], [12.3889129, 52.4085433], [12.3886888, 52.4112319], [12.3880003, 52.4140373], [12.3871762, 52.4173255], [12.3869811, 52.4200181], [12.387286, 52.422282], [12.3873957, 52.4252252], [12.3875702, 52.4284178], [12.3881368, 52.4317036], [12.3895896, 52.4346987], [12.3854197, 52.4339879], [12.380918, 52.4331969], [12.376766, 52.4327574], [12.3735598, 52.4313875], [12.3751675, 52.4292981], [12.3763121, 52.4268615], [12.3718468, 52.4275984], [12.3679071, 52.4281516], [12.3640009, 52.4285269], [12.3640335, 52.4328767], [12.3629919, 52.4352288], [12.3622284, 52.4377898], [12.3620016, 52.4400683], [12.3614125, 52.4425027], [12.3610911, 52.4427984]]], [[[12.7127123, 52.5344423], [12.7126556, 52.5368758], [12.7151165, 52.5391105], [12.7165789, 52.5412374], [12.7203009, 52.5416959], [12.7238944, 52.5410099], [12.7255781, 52.5390065], [12.7220219, 52.5382574], [12.7183897, 52.5390083], [12.7192615, 52.5365993], [12.7169727, 52.5346027], [12.7170779, 52.5321746], [12.7207697, 52.5323712], [12.7188097, 52.5304615], [12.7184447, 52.5281238], [12.717163, 52.5259822], [12.713762, 52.5248166], [12.7113982, 52.5228809], [12.7117815, 52.5205503], [12.7128473, 52.5180169], [12.7125643, 52.5152124], [12.7106329, 52.5173125], [12.7087151, 52.519507], [12.7096202, 52.5217103], [12.7068096, 52.5233661], [12.7070186, 52.5256865], [12.7077733, 52.5279526], [12.7087035, 52.5301653], [12.7105991, 52.5321182], [12.712688, 52.5340612], [12.7127123, 52.5344423]]]]}}, {"type": "Feature", "properties": {"id": "6", "name": "Oberhavel", "authority": "Landkreis Oberhavel", "kind": "Landkreis"}, "geometry": {"type": "Polygon", "coordinates": [[[12.8253224, 52.7050987], [12.8246251, 52.708563], [12.829198, 52.7089721], [12.8349689, 52.7078295], [12.8423596, 52.7062988], [12.846216, 52.7054673], [12.853255, 52.7078045], [12.865103, 52.7104147], [12.8671795, 52.7130882], [12.8729334, 52.7149205], [12.8784325, 52.7169792], [12.8825411, 52.7178562], [12.8789714, 52.7188844], [12.8727798, 52.7203822], [12.8649779, 52.7225719], [12.8687763, 52.7249257], [12.8727926, 52.7274774], [12.8783447, 52.7299762], [12.8848167, 52.7326809], [12.8954159, 52.7374455], [12.8988754, 52.7393833], [12.9047839, 52.7421936], [12.9097336, 52.7441509], [12.9147108, 52.7448918], [12.9187272, 52.7454868], [12.9205628, 52.7516591], [12.9203157, 52.7553547], [12.9198937, 52.7599292], [12.9210074, 52.7626759], [12.9211614, 52.7652086], [12.9226104, 52.7702104], [12.9102654, 52.7723248], [12.9147019, 52.782539], [12.9171517, 52.7872893], [12.9189713, 52.7939307], [12.9206736, 52.7919174], [12.9234084, 52.7903632], [12.9272116, 52.7902352], [12.9309795, 52.7913038], [12.9344832, 52.7925074], [12.9385437, 52.7935932], [12.9410983, 52.7972228], [12.9424291, 52.7993562], [12.943133, 52.8015734], [12.9393826, 52.8031123], [12.943651, 52.8059517], [12.9470426, 52.8070751], [12.9516427, 52.808429], [12.9599894, 52.8110378], [12.9639917, 52.8125756], [12.9700277, 52.8169362], [12.9798672, 52.8177182], [12.9811119, 52.8203789], [12.9827276, 52.8231749], [12.9857831, 52.8285901], [12.9773309, 52.8276477], [12.9736691, 52.8283287], [12.9710848, 52.8311646], [12.967401, 52.8317917], [12.9627436, 52.8323049], [12.9587543, 52.8329198], [12.9549676, 52.8335827], [12.9546069, 52.8375539], [12.9584928, 52.8367532], [12.9625653, 52.835977], [12.9666018, 52.8357051], [12.9716135, 52.8353136], [12.9862543, 52.8363748], [12.9862251, 52.8392703], [12.9817094, 52.8402547], [12.9751974, 52.8394077], [12.9674932, 52.8397468], [12.966197, 52.8427844], [12.9731372, 52.8422035], [12.9869308, 52.8437146], [12.9867896, 52.8465521], [12.9806286, 52.8493329], [12.9752811, 52.8562627], [12.975185, 52.862238], [12.9803939, 52.8621606], [12.9848776, 52.8623866], [12.9893598, 52.8626611], [12.9921996, 52.8601774], [12.9926762, 52.8574889], [12.9983064, 52.8571619], [13.0057283, 52.8577259], [13.0061352, 52.8609645], [12.9995136, 52.8611937], [12.999093, 52.8654479], [13.0048695, 52.8647095], [13.0089292, 52.8643144], [13.0152946, 52.8656651], [13.020173, 52.8614156], [13.0246824, 52.8568952], [13.0284909, 52.8552884], [13.0390267, 52.8546683], [13.039485, 52.8576698], [13.0407842, 52.8605989], [13.0392891, 52.8657099], [13.0382231, 52.8679], [13.0391074, 52.87062], [13.0395514, 52.8729255], [13.0398706, 52.87546], [13.0345228, 52.87782], [13.0279279, 52.878392], [13.0241987, 52.8788909], [13.0243223, 52.8818779], [13.0229566, 52.888517], [13.0213628, 52.8914316], [13.0203946, 52.8941355], [13.0191582, 52.899125], [13.0183713, 52.9013241], [13.0180658, 52.9060825], [13.0231153, 52.9082755], [13.0282799, 52.9100841], [13.0313378, 52.9115391], [13.0357014, 52.912547], [13.0396238, 52.9140889], [13.043069, 52.9157384], [13.0464072, 52.9173165], [13.0474871, 52.9209938], [13.049826, 52.9292184], [13.0514555, 52.9337228], [13.0517954, 52.9368164], [13.0513813, 52.940761], [13.0496799, 52.9440144], [13.0494814, 52.9469811], [13.0519973, 52.9489276], [13.0550686, 52.9504579], [13.0560496, 52.9529431], [13.0569159, 52.9555638], [13.0543699, 52.95761], [13.0540862, 52.9603338], [13.0544306, 52.9637492], [13.0532826, 52.9659864], [13.051463, 52.9692256], [13.0499427, 52.9720672], [13.0490903, 52.9743895], [13.0476741, 52.97784], [13.0484186, 52.9823489], [13.0489486, 52.9860038], [13.0500247, 52.9886005], [13.0441985, 52.9902044], [13.0361947, 52.9897904], [13.0315256, 52.9895702], [13.0274143, 52.9889683], [13.0222907, 52.9963119], [13.0154716, 52.9970037], [13.0109869, 52.9980853], [13.0066256, 52.9989228], [13.0077897, 53.0013918], [13.0088514, 53.0039975], [13.0093132, 53.006234], [13.0105148, 53.0092913], [13.0126426, 53.0118896], [13.0153926, 53.0138889], [13.0184416, 53.0163072], [13.0243296, 53.0198698], [13.0273481, 53.0218116], [13.0326673, 53.0240814], [13.0287309, 53.0271137], [13.0246334, 53.0294241], [13.0230716, 53.0315085], [13.023989, 53.039347], [13.0247328, 53.0512124], [13.0249216, 53.0553416], [13.0224089, 53.0570336], [13.0229486, 53.0593833], [13.023528, 53.0629972], [13.0239303, 53.0665192], [13.0247907, 53.0692197], [13.0263014, 53.0713186], [13.0228059, 53.073206], [13.018789, 53.0740646], [13.0147657, 53.0730191], [13.0113153, 53.074762], [13.0010221, 53.0737152], [12.9967863, 53.0734602], [12.9912098, 53.0742928], [12.9868241, 53.0727704], [12.9755661, 53.0726595], [12.9722631, 53.0744154], [12.9742762, 53.0767318], [12.9706489, 53.0782046], [12.9674236, 53.0793627], [12.9702317, 53.0809488], [12.967914, 53.0832868], [12.9656572, 53.0854802], [12.9619872, 53.0866362], [12.9579853, 53.0865539], [12.9537884, 53.0863015], [12.9502616, 53.0870899], [12.9468003, 53.0887561], [12.9434703, 53.0904197], [12.9468719, 53.092846], [12.9424645, 53.0940928], [12.9412516, 53.0962383], [12.9385689, 53.1017361], [12.9380729, 53.1041635], [12.940666, 53.1060088], [12.9447129, 53.1054795], [12.9471237, 53.1033048], [12.9475346, 53.1055831], [12.9513459, 53.1062995], [12.9517787, 53.1088102], [12.9483402, 53.110416], [12.9478297, 53.1127951], [12.9483093, 53.1152177], [12.949704, 53.1190426], [12.9532527, 53.1226814], [12.956887, 53.1237415], [12.9607225, 53.1243126], [12.9622514, 53.1267281], [12.9634316, 53.1293926], [12.963556, 53.1328468], [12.9741572, 53.131647], [12.983384, 53.1305404], [12.9916656, 53.1293965], [12.9924659, 53.1318137], [12.995014, 53.1335433], [12.9983416, 53.1350761], [13.0025564, 53.1368356], [13.0047009, 53.1388313], [13.0086821, 53.1391335], [13.0096927, 53.1413963], [13.0087161, 53.1445957], [13.0125695, 53.1445687], [13.0172288, 53.1455796], [13.0229309, 53.1467736], [13.0268613, 53.1465486], [13.0242796, 53.1488033], [13.0199861, 53.1496992], [13.0156489, 53.1505121], [13.0117955, 53.150577], [13.0078671, 53.150581], [13.0040367, 53.1514579], [13.0004621, 53.1505054], [12.9991157, 53.1483022], [12.9954249, 53.1472218], [12.9966641, 53.1493478], [12.9962212, 53.1518374], [12.9991754, 53.1535216], [13.0034895, 53.1535754], [13.0067857, 53.155906], [12.9985984, 53.1565962], [12.9923844, 53.157257], [12.9898507, 53.1600608], [12.9875114, 53.1631237], [12.9848959, 53.1650002], [12.9914505, 53.1685724], [12.9958396, 53.1682125], [12.9996575, 53.1689843], [13.001784, 53.1670693], [13.0057644, 53.1671793], [13.005573, 53.1695129], [13.0089774, 53.1726238], [13.012803, 53.1723093], [13.0159085, 53.1738677], [13.0195681, 53.175479], [13.0199345, 53.1777711], [13.0202274, 53.1801347], [13.0189156, 53.1833034], [13.0204839, 53.1854757], [13.0242112, 53.1851359], [13.028405, 53.1859025], [13.0288223, 53.1882875], [13.0305695, 53.1902932], [13.0340676, 53.1913664], [13.0381482, 53.1927016], [13.0402277, 53.1946812], [13.04272, 53.1965347], [13.0465358, 53.1972104], [13.0498283, 53.1984598], [13.0530098, 53.1998629], [13.0584877, 53.1998032], [13.0621891, 53.2004231], [13.0654063, 53.2016531], [13.0684673, 53.2032045], [13.0712593, 53.2014651], [13.07412, 53.1999381], [13.0780741, 53.2002269], [13.079814, 53.202352], [13.0780611, 53.2043419], [13.0810377, 53.2070254], [13.0817218, 53.2092652], [13.0854509, 53.2101942], [13.0841984, 53.2124729], [13.0882039, 53.2135455], [13.08914, 53.2158844], [13.092919, 53.2168791], [13.0952064, 53.2139726], [13.1000183, 53.213566], [13.1064782, 53.215104], [13.1050405, 53.2185402], [13.1061082, 53.2218278], [13.107411, 53.2242996], [13.1074379, 53.2269973], [13.1067887, 53.2294667], [13.1052405, 53.2334423], [13.1040602, 53.2357403], [13.1072495, 53.2370127], [13.1097284, 53.2387186], [13.1127544, 53.2401009], [13.1166661, 53.2413254], [13.1204828, 53.2406579], [13.1241284, 53.2398896], [13.1278114, 53.2391028], [13.1296971, 53.2369194], [13.1327088, 53.2386498], [13.135947, 53.2410395], [13.1372564, 53.2442896], [13.141648, 53.246026], [13.145626, 53.2477551], [13.1493505, 53.2501091], [13.152427, 53.2485727], [13.152274, 53.246089], [13.1555598, 53.2472214], [13.1591261, 53.2484619], [13.1635528, 53.2496737], [13.1678604, 53.2497406], [13.1721005, 53.2495769], [13.1739066, 53.2467873], [13.1778455, 53.2474207], [13.1805137, 53.2494327], [13.1844354, 53.2492702], [13.1867706, 53.2464756], [13.1881235, 53.2438578], [13.1898513, 53.241603], [13.1910219, 53.2389322], [13.1905251, 53.236453], [13.1935495, 53.2324714], [13.1958675, 53.2299817], [13.1993517, 53.227325], [13.2003236, 53.2249483], [13.2025414, 53.2220451], [13.2057826, 53.2201555], [13.2109491, 53.2209429], [13.2168129, 53.2195972], [13.2241606, 53.2175824], [13.229604, 53.2166539], [13.2314015, 53.2187111], [13.2333379, 53.220928], [13.2359777, 53.2230274], [13.2381763, 53.2249441], [13.2371984, 53.2273395], [13.2387808, 53.2294584], [13.2405997, 53.2316857], [13.2405701, 53.2350345], [13.2429799, 53.2372225], [13.2457519, 53.2356567], [13.2454381, 53.2334029], [13.2429169, 53.2317226], [13.2450057, 53.2289209], [13.2456698, 53.2267038], [13.2488423, 53.2237755], [13.2512724, 53.220831], [13.2504044, 53.2180694], [13.2463983, 53.2157206], [13.2433395, 53.2142263], [13.2466708, 53.2098844], [13.2473472, 53.2064512], [13.2527148, 53.205693], [13.2569021, 53.2047244], [13.2605468, 53.205871], [13.2644402, 53.2055851], [13.2682386, 53.2045782], [13.2726029, 53.2031232], [13.2743409, 53.2004767], [13.2762314, 53.1982658], [13.2779233, 53.1957689], [13.2743903, 53.1943149], [13.2718744, 53.1922593], [13.2760629, 53.1919116], [13.2794802, 53.1931376], [13.2822827, 53.1954683], [13.2858058, 53.196821], [13.2896038, 53.1971437], [13.2888721, 53.1947951], [13.2925821, 53.1929285], [13.289342, 53.1906786], [13.2853938, 53.1885701], [13.2849861, 53.1859986], [13.2885051, 53.1850729], [13.2919244, 53.1837731], [13.2962503, 53.1825275], [13.2996134, 53.1812281], [13.30262, 53.1798679], [13.3073922, 53.1785015], [13.3126246, 53.1785909], [13.3128664, 53.1762428], [13.3091271, 53.1728171], [13.3052398, 53.1695205], [13.3018174, 53.1661788], [13.2940191, 53.1587512], [13.3036236, 53.1550046], [13.3005725, 53.1523353], [13.298034, 53.1498502], [13.293861, 53.1458935], [13.2915548, 53.1437244], [13.2891995, 53.1414386], [13.2935136, 53.1407191], [13.2962975, 53.1426853], [13.3010261, 53.1418908], [13.2973011, 53.1406584], [13.2934523, 53.1390378], [13.2899449, 53.1382183], [13.28745, 53.1362737], [13.291532, 53.1361017], [13.2952604, 53.1355249], [13.2944912, 53.133173], [13.2978343, 53.1314086], [13.2973204, 53.1290152], [13.2988289, 53.1268348], [13.303247, 53.1257256], [13.3068401, 53.1241418], [13.3102358, 53.121701], [13.3121444, 53.1192543], [13.3141142, 53.1171332], [13.3149296, 53.1143617], [13.3164832, 53.1120511], [13.3212339, 53.1115668], [13.3224784, 53.1091775], [13.3234569, 53.1065214], [13.3243484, 53.104164], [13.3252744, 53.1016613], [13.3267212, 53.0995665], [13.3305826, 53.0982657], [13.3337112, 53.0967359], [13.3400282, 53.096492], [13.3445005, 53.096649], [13.3490821, 53.096097], [13.3499495, 53.0937319], [13.3516935, 53.091428], [13.3557401, 53.0909037], [13.3586259, 53.0894562], [13.3610358, 53.087693], [13.3620395, 53.0854525], [13.3643665, 53.0836565], [13.3673214, 53.0819197], [13.3663204, 53.079375], [13.369732, 53.0784033], [13.3715237, 53.0762255], [13.3719475, 53.0738565], [13.3691612, 53.0722946], [13.3688496, 53.0696208], [13.3728079, 53.06789], [13.3769848, 53.0673579], [13.3778952, 53.0699455], [13.379519, 53.0678336], [13.3833455, 53.0675416], [13.3858528, 53.0651839], [13.3879578, 53.0613933], [13.39114, 53.0599557], [13.3951563, 53.0595212], [13.3990444, 53.0587119], [13.4043075, 53.05877], [13.4090436, 53.058505], [13.4126958, 53.0559591], [13.4145562, 53.053991], [13.4129525, 53.0519282], [13.4095736, 53.0498374], [13.4104818, 53.0465648], [13.4107618, 53.0440325], [13.408641, 53.0420129], [13.4073861, 53.0396822], [13.4049889, 53.0351218], [13.4024562, 53.0312295], [13.4066373, 53.0253538], [13.410961, 53.0247253], [13.4165237, 53.023619], [13.420471, 53.0235624], [13.4246042, 53.0235219], [13.4296692, 53.023097], [13.4333937, 53.023372], [13.4365202, 53.0248099], [13.4385218, 53.0269197], [13.4420446, 53.0287441], [13.4453098, 53.0263438], [13.4476315, 53.0239711], [13.4519172, 53.022073], [13.4562796, 53.0164284], [13.4569913, 53.0135984], [13.4597472, 53.0093771], [13.4636331, 53.0070957], [13.468665, 53.0075024], [13.474068, 53.007953], [13.4853719, 53.0087445], [13.4860821, 53.0053449], [13.4868503, 53.0017307], [13.4967797, 53.0015612], [13.4965404, 52.9986234], [13.5008592, 52.998451], [13.4951566, 52.9899537], [13.4914468, 52.9869832], [13.4978536, 52.9870067], [13.5100813, 52.9870322], [13.5149813, 52.988693], [13.5162817, 52.9841202], [13.5135201, 52.9750803], [13.5007866, 52.9702746], [13.4975716, 52.9690332], [13.4938734, 52.9677496], [13.4895002, 52.9659904], [13.4850392, 52.9641942], [13.4814558, 52.9648811], [13.4777323, 52.9662009], [13.472722, 52.9668308], [13.4693352, 52.9654053], [13.4656945, 52.9642621], [13.4621367, 52.9654447], [13.4573794, 52.9658007], [13.4526172, 52.9646638], [13.4496517, 52.962855], [13.4443148, 52.9608093], [13.4414116, 52.9587179], [13.4392057, 52.9568449], [13.4389925, 52.9545658], [13.436476, 52.952628], [13.4320937, 52.9513161], [13.430028, 52.9492023], [13.4254835, 52.9472524], [13.4207415, 52.9467075], [13.4172581, 52.9453077], [13.4139906, 52.9440418], [13.4081965, 52.9429509], [13.4053717, 52.9411947], [13.4025467, 52.9396269], [13.4003431, 52.9371192], [13.3988722, 52.934737], [13.3979785, 52.9320663], [13.4002437, 52.9298089], [13.4009411, 52.9326479], [13.4035556, 52.9293053], [13.4264372, 52.9293613], [13.4252562, 52.9324562], [13.4217677, 52.9314153], [13.4145887, 52.9353438], [13.4168783, 52.9371866], [13.4230105, 52.933929], [13.4290804, 52.9365137], [13.4326853, 52.9371603], [13.4366743, 52.9342906], [13.4327056, 52.9308343], [13.4281716, 52.9282713], [13.4238135, 52.9263789], [13.4195874, 52.9252567], [13.4158558, 52.9255139], [13.4114764, 52.9237238], [13.4087801, 52.9156829], [13.4081859, 52.9132454], [13.4113509, 52.911789], [13.4159622, 52.9106283], [13.4194254, 52.9114898], [13.418609, 52.9079521], [13.4242384, 52.9065745], [13.4280511, 52.9043218], [13.4337903, 52.9054234], [13.4293163, 52.9063811], [13.4290224, 52.9096584], [13.4297165, 52.9126327], [13.4315956, 52.9150692], [13.4356861, 52.9135915], [13.4391194, 52.9124377], [13.4423626, 52.9109233], [13.4482645, 52.9112876], [13.4524617, 52.9124185], [13.4493261, 52.9137839], [13.4466918, 52.916049], [13.4495478, 52.9177154], [13.4537529, 52.9187771], [13.4586501, 52.9189759], [13.4624258, 52.919002], [13.4669021, 52.9187081], [13.4715944, 52.9183612], [13.4717995, 52.9144086], [13.471845, 52.9115456], [13.4722113, 52.9090825], [13.4729104, 52.9065825], [13.4768544, 52.9066835], [13.4773099, 52.902816], [13.4805326, 52.9040651], [13.486721, 52.9049051], [13.4870495, 52.9016262], [13.4839502, 52.9001864], [13.4802026, 52.8986772], [13.475844, 52.8994826], [13.4770735, 52.8973349], [13.4778959, 52.8951], [13.481504, 52.8968107], [13.4780193, 52.8947965], [13.4736937, 52.8947329], [13.4712211, 52.8928181], [13.4673789, 52.8918223], [13.4638514, 52.88957], [13.4603886, 52.8886106], [13.4612109, 52.8852524], [13.4652802, 52.8843314], [13.4704089, 52.883082], [13.4760265, 52.8821057], [13.4822711, 52.8807314], [13.4883558, 52.8795467], [13.4924072, 52.8787718], [13.4973339, 52.8778013], [13.5047368, 52.8762343], [13.5076637, 52.8734783], [13.5034, 52.8729447], [13.4990834, 52.8725766], [13.4945086, 52.8725382], [13.4907138, 52.8732926], [13.4857563, 52.8747782], [13.4771723, 52.8763657], [13.4729355, 52.8753096], [13.4707254, 52.8714132], [13.4713691, 52.8685779], [13.4757207, 52.862603], [13.4773332, 52.8604823], [13.4845348, 52.8578499], [13.4768744, 52.859332], [13.4789244, 52.8571994], [13.4822391, 52.8550558], [13.4853663, 52.852709], [13.4928834, 52.8513828], [13.4973456, 52.849844], [13.5082574, 52.8512837], [13.5230803, 52.8479093], [13.520861, 52.8455902], [13.5093211, 52.8383827], [13.5051203, 52.8374164], [13.4966316, 52.8420618], [13.4942557, 52.8398882], [13.4944166, 52.8363141], [13.4985247, 52.8295682], [13.5014558, 52.8315792], [13.5013168, 52.8275877], [13.4993771, 52.8235742], [13.4979394, 52.8213877], [13.4981652, 52.8160531], [13.4975012, 52.8134819], [13.4940573, 52.8102239], [13.4896975, 52.8108395], [13.4829004, 52.8097945], [13.4795026, 52.8088231], [13.4750158, 52.810447], [13.4714538, 52.8120942], [13.4675972, 52.8126303], [13.4666988, 52.810329], [13.4622436, 52.8084665], [13.4568862, 52.8076207], [13.4529198, 52.8057211], [13.4459632, 52.8054565], [13.4407876, 52.8046256], [13.4365806, 52.8041147], [13.4326268, 52.8040348], [13.4287796, 52.8041881], [13.4245724, 52.8044639], [13.4231972, 52.8014727], [13.4225288, 52.7990234], [13.4248666, 52.7964468], [13.4276701, 52.7938427], [13.4306044, 52.7902997], [13.4254647, 52.7877738], [13.4191597, 52.7859676], [13.4143861, 52.7839792], [13.4109041, 52.782035], [13.4073744, 52.7809137], [13.405322, 52.7786213], [13.4042995, 52.7756134], [13.4045698, 52.7733469], [13.4047113, 52.7703155], [13.4073926, 52.7664826], [13.4093791, 52.7638147], [13.4110769, 52.7609987], [13.4119599, 52.7586783], [13.4132344, 52.7545041], [13.4142247, 52.7518544], [13.4099632, 52.7514044], [13.4064376, 52.7501635], [13.4032081, 52.7481297], [13.4000594, 52.7468533], [13.3967281, 52.7453017], [13.3992258, 52.7433692], [13.4034022, 52.7440402], [13.4067566, 52.7452731], [13.4094413, 52.7435103], [13.4075446, 52.7409125], [13.4071607, 52.7382348], [13.4102493, 52.736838], [13.4139487, 52.737094], [13.4182011, 52.7366441], [13.4221169, 52.7353238], [13.4223895, 52.7330472], [13.4201725, 52.7306945], [13.4173247, 52.7289143], [13.4141762, 52.7271238], [13.410369, 52.7268254], [13.4063983, 52.7261384], [13.4072488, 52.7236281], [13.4108512, 52.7223087], [13.4143955, 52.7214888], [13.4181009, 52.7211156], [13.419448, 52.7189784], [13.4187786, 52.7167186], [13.4190154, 52.7142477], [13.4194421, 52.7119985], [13.4217317, 52.7100625], [13.412663, 52.7091288], [13.4070988, 52.7094948], [13.4055803, 52.7059841], [13.4075446, 52.7034459], [13.4084319, 52.7008472], [13.4088846, 52.6981929], [13.4068182, 52.696237], [13.4051391, 52.6941263], [13.4034644, 52.6920081], [13.3998199, 52.6913041], [13.3970746, 52.6897633], [13.4044874, 52.6884259], [13.4028285, 52.6863874], [13.4003215, 52.6843102], [13.3981091, 52.6819089], [13.3952666, 52.6801779], [13.3984917, 52.6790466], [13.3949207, 52.6796663], [13.3976505, 52.6812777], [13.4030775, 52.6815632], [13.4050242, 52.6789707], [13.4016815, 52.677469], [13.3990883, 52.6757374], [13.3979067, 52.6735459], [13.3996747, 52.6714029], [13.4028918, 52.6726787], [13.4080757, 52.6732028], [13.4119486, 52.6722855], [13.4122624, 52.6745756], [13.4152272, 52.6759779], [13.4187717, 52.6770561], [13.4226835, 52.6769095], [13.4190093, 52.6764981], [13.4157177, 52.6753228], [13.4133215, 52.6734247], [13.4152807, 52.6714921], [13.4188628, 52.6706413], [13.4226277, 52.6698948], [13.4201925, 52.6677119], [13.4162601, 52.6679028], [13.4123837, 52.6667389], [13.410946, 52.6643282], [13.4086444, 52.6625314], [13.4068958, 52.660092], [13.4036417, 52.6584235], [13.4000884, 52.657228], [13.4025356, 52.6553433], [13.4027955, 52.6528424], [13.4056381, 52.6512976], [13.4017807, 52.6499247], [13.3992191, 52.6482189], [13.3952019, 52.6474401], [13.3929274, 52.6455616], [13.3922653, 52.6433302], [13.3900995, 52.6414992], [13.3897498, 52.6392251], [13.388175, 52.6371627], [13.3846623, 52.6364263], [13.3815859, 52.6348684], [13.377683, 52.6333902], [13.376235, 52.6312741], [13.376678, 52.6288957], [13.3734005, 52.6277128], [13.3698894, 52.626704], [13.3669281, 52.6253464], [13.3632021, 52.6248831], [13.3597526, 52.6240607], [13.3562529, 52.6232849], [13.3524856, 52.6230874], [13.3489052, 52.6237415], [13.3447531, 52.6236984], [13.3410755, 52.6232869], [13.3374286, 52.6228591], [13.3328634, 52.6241961], [13.3293098, 52.6252896], [13.325555, 52.6259385], [13.3219668, 52.626534], [13.3181742, 52.626991], [13.3141719, 52.6279056], [13.3103715, 52.6280607], [13.3062026, 52.6276615], [13.3096974, 52.6294729], [13.3097756, 52.6319938], [13.3081797, 52.6341238], [13.3064074, 52.6362176], [13.3068106, 52.638688], [13.3086073, 52.6411606], [13.309222, 52.6438586], [13.3066126, 52.6460079], [13.3044279, 52.6486507], [13.3019784, 52.6516249], [13.3024035, 52.6543011], [13.3066729, 52.6560226], [13.3100076, 52.6573701], [13.3073609, 52.6592789], [13.3034342, 52.6593237], [13.2993042, 52.6592789], [13.2955217, 52.6593029], [13.2890828, 52.6599645], [13.2846607, 52.6604275], [13.2823596, 52.6570894], [13.2820878, 52.654426], [13.2851315, 52.6526256], [13.2849125, 52.6503784], [13.2845642, 52.647953], [13.2842946, 52.6453594], [13.2839982, 52.642801], [13.2814997, 52.6409248], [13.2768441, 52.6402775], [13.2719739, 52.6398685], [13.2665303, 52.6400817], [13.2626693, 52.640614], [13.2629134, 52.6383568], [13.2644744, 52.6363079], [13.265088, 52.6336379], [13.264746, 52.6309067], [13.2644295, 52.6284252], [13.2603045, 52.627745], [13.2556701, 52.6275024], [13.2517324, 52.6273075], [13.2479961, 52.6272969], [13.2443313, 52.6278613], [13.2403007, 52.6278857], [13.2360804, 52.6277927], [13.2321445, 52.6274904], [13.2280976, 52.6275453], [13.2242433, 52.6284157], [13.2205414, 52.6283185], [13.220068, 52.6252774], [13.2181715, 52.6223431], [13.2167608, 52.6201644], [13.2135992, 52.6176137], [13.2115591, 52.6148902], [13.2095898, 52.6122566], [13.2078189, 52.6102188], [13.2050235, 52.608139], [13.2017365, 52.6068831], [13.2023249, 52.6042456], [13.2050388, 52.6020677], [13.2072401, 52.5998692], [13.2113038, 52.5968176], [13.2153168, 52.594958], [13.2181176, 52.5931898], [13.2188708, 52.5904715], [13.2173951, 52.5874783], [13.2112352, 52.5882284], [13.207338, 52.588376], [13.2035092, 52.587562], [13.2003478, 52.5887695], [13.1966331, 52.5895198], [13.1929444, 52.589987], [13.1891186, 52.5913995], [13.1856282, 52.5925536], [13.1824725, 52.5938417], [13.1783387, 52.594882], [13.1743725, 52.595186], [13.1709273, 52.5965444], [13.1663318, 52.5979035], [13.1642792, 52.6001683], [13.1659528, 52.6038033], [13.1642887, 52.6017599], [13.1590709, 52.6009661], [13.1558184, 52.6023362], [13.1532971, 52.6006453], [13.1528447, 52.6038548], [13.1552623, 52.6068511], [13.1512127, 52.6082812], [13.1475523, 52.6122657], [13.1518807, 52.6126547], [13.1555151, 52.6142606], [13.1593634, 52.6170263], [13.1585375, 52.619739], [13.1577566, 52.6221037], [13.1580957, 52.624804], [13.1564286, 52.628394], [13.1525152, 52.6289779], [13.1485508, 52.6294468], [13.1447274, 52.6292678], [13.140731, 52.6304196], [13.1374874, 52.6318164], [13.133764, 52.6313654], [13.1290837, 52.6316254], [13.1240505, 52.6320103], [13.1189433, 52.6314273], [13.1171614, 52.6347299], [13.1128491, 52.6343069], [13.1120202, 52.6380305], [13.1093765, 52.6397813], [13.1083036, 52.642585], [13.1040226, 52.6452358], [13.1018195, 52.6482843], [13.0993301, 52.6524847], [13.096986, 52.6580911], [13.0944871, 52.6607746], [13.0902149, 52.6628865], [13.0903038, 52.6660662], [13.0920679, 52.6681225], [13.0900058, 52.6702586], [13.092971, 52.6727144], [13.0952782, 52.6750606], [13.0957927, 52.677291], [13.0920391, 52.6781266], [13.0884968, 52.6788507], [13.0844524, 52.6788397], [13.0789383, 52.6782067], [13.0714944, 52.6767068], [13.0669322, 52.6754709], [13.0634687, 52.674266], [13.0599183, 52.6731181], [13.0563449, 52.6716762], [13.0526395, 52.6702984], [13.049169, 52.6692455], [13.0454186, 52.6693904], [13.0413246, 52.6703319], [13.0346941, 52.6707977], [13.0310138, 52.6703672], [13.0264051, 52.6703265], [13.0221721, 52.670997], [13.0176481, 52.6710751], [13.0138625, 52.6710878], [13.015659, 52.6731007], [13.0196036, 52.6727111], [13.0227269, 52.6742397], [13.0254295, 52.6759595], [13.0257905, 52.6732588], [13.030011, 52.6779653], [13.0260813, 52.6778213], [13.02184, 52.6774283], [13.0182833, 52.6764143], [13.0202875, 52.6815626], [13.0220694, 52.6857538], [13.0227586, 52.6880324], [13.0197778, 52.6905507], [13.0142216, 52.6902109], [13.0108016, 52.6910943], [13.0061009, 52.6916234], [13.001937, 52.6908676], [12.9983332, 52.6921115], [12.9940259, 52.6918444], [12.9932199, 52.6940845], [12.9955581, 52.6973964], [12.9902835, 52.6997171], [12.9862553, 52.7010381], [12.9784271, 52.7012203], [12.9694346, 52.7009697], [12.9721073, 52.7061929], [12.9725995, 52.7086013], [12.9748068, 52.7119878], [12.9682916, 52.711397], [12.9647919, 52.7137287], [12.963271, 52.7167424], [12.9624873, 52.7192254], [12.9584117, 52.7203929], [12.9519956, 52.7217318], [12.9456345, 52.7229009], [12.9396746, 52.7238925], [12.934573, 52.724745], [12.9302799, 52.7252802], [12.926287, 52.7244321], [12.9245478, 52.7220138], [12.9238465, 52.7191996], [12.9061049, 52.7166979], [12.901631, 52.7158075], [12.8954512, 52.7143647], [12.8830411, 52.7116384], [12.8770763, 52.7102044], [12.8721325, 52.7090341], [12.8676665, 52.7071924], [12.8581162, 52.704757], [12.8564815, 52.7027093], [12.8435409, 52.6987369], [12.8398281, 52.6977236], [12.8331262, 52.6960679], [12.8288873, 52.6950006], [12.8270656, 52.7000418], [12.8260514, 52.7023924], [12.8253224, 52.7050987]]]}}, {"type": "Feature", "properties": {"id": "7", "name": "Barnim", "authority": "Landkreis Barnim", "kind": "Landkreis"}, "geometry": {"type": "Polygon", "coordinates": [[[13.3970737, 52.7437424], [13.3984205, 52.746407], [13.4030091, 52.7479237], [13.4061926, 52.7493656], [13.4081743, 52.7513644], [13.4120767, 52.7513994], [13.4135856, 52.753665], [13.4125105, 52.7569338], [13.4115585, 52.7596385], [13.4099567, 52.7629161], [13.4082599, 52.7652082], [13.4054165, 52.7691252], [13.4046836, 52.7722831], [13.4042995, 52.7756134], [13.4050388, 52.7778628], [13.4066384, 52.7803686], [13.4102412, 52.781623], [13.4143861, 52.7839792], [13.4184778, 52.7856326], [13.4222857, 52.787001], [13.4304171, 52.7890319], [13.4298538, 52.7927865], [13.4263558, 52.7963774], [13.4225288, 52.7990234], [13.4231972, 52.8014727], [13.4217722, 52.8042437], [13.4269255, 52.8042073], [13.4326268, 52.8040348], [13.4365806, 52.8041147], [13.4407876, 52.8046256], [13.4444214, 52.8053156], [13.4513853, 52.8055257], [13.4558895, 52.807026], [13.4595889, 52.8079059], [13.4649062, 52.8087724], [13.4666216, 52.8112071], [13.4694104, 52.8127068], [13.4750158, 52.810447], [13.4795026, 52.8088231], [13.4829004, 52.8097945], [13.4891111, 52.8106771], [13.4940573, 52.8102239], [13.4970045, 52.8129177], [13.4981729, 52.8152152], [13.4976236, 52.8195894], [13.4993771, 52.8235742], [13.5013168, 52.8275877], [13.503461, 52.8321113], [13.4997252, 52.8304921], [13.4952553, 52.8352959], [13.4939542, 52.8376484], [13.4966316, 52.8420618], [13.5051203, 52.8374164], [13.5093211, 52.8383827], [13.520861, 52.8455902], [13.5230803, 52.8479093], [13.5082574, 52.8512837], [13.4973456, 52.849844], [13.4928834, 52.8513828], [13.488873, 52.8524719], [13.4836422, 52.8540485], [13.4789244, 52.8571994], [13.4768744, 52.859332], [13.4838621, 52.8576309], [13.4793753, 52.8590975], [13.4757207, 52.862603], [13.4713691, 52.8685779], [13.4707254, 52.8714132], [13.4718525, 52.8735992], [13.4740674, 52.8765924], [13.4857563, 52.8747782], [13.4907138, 52.8732926], [13.4945086, 52.8725382], [13.4990834, 52.8725766], [13.5034, 52.8729447], [13.5076637, 52.8734783], [13.5047368, 52.8762343], [13.5007049, 52.8769181], [13.4953963, 52.8782649], [13.4909484, 52.8790158], [13.4857932, 52.8801456], [13.4783733, 52.8815698], [13.4709346, 52.8831804], [13.4652802, 52.8843314], [13.4612109, 52.8852524], [13.4627189, 52.8874954], [13.4648878, 52.8902678], [13.4684298, 52.8923436], [13.471972, 52.893413], [13.4753664, 52.8945109], [13.4799322, 52.8953499], [13.4770735, 52.8973349], [13.475844, 52.8994826], [13.4800331, 52.8999049], [13.4839502, 52.9001864], [13.4883275, 52.9001476], [13.486721, 52.9049051], [13.4825249, 52.904741], [13.479361, 52.902808], [13.4768544, 52.9066835], [13.4729104, 52.9065825], [13.4722113, 52.9090825], [13.471845, 52.9115456], [13.4714281, 52.9137849], [13.4724383, 52.9162584], [13.4728612, 52.9185022], [13.468093, 52.9187541], [13.4624258, 52.919002], [13.4586501, 52.9189759], [13.4539197, 52.9188019], [13.4495724, 52.9180541], [13.4466918, 52.916049], [13.4487323, 52.9136458], [13.4542705, 52.9129458], [13.4482645, 52.9112876], [13.4437519, 52.9099039], [13.4403586, 52.9121135], [13.4356861, 52.9135915], [13.4343974, 52.9160105], [13.4304804, 52.913882], [13.4290589, 52.9103876], [13.4285921, 52.9080324], [13.4323269, 52.9070747], [13.4313537, 52.904421], [13.4270107, 52.9050888], [13.420832, 52.9077347], [13.4194254, 52.9114898], [13.4159622, 52.9106283], [13.4122768, 52.9097671], [13.4090518, 52.911647], [13.4086397, 52.9151617], [13.4101637, 52.9223702], [13.4133293, 52.9248363], [13.4193643, 52.9254909], [13.4233826, 52.925277], [13.427987, 52.9260827], [13.4323923, 52.9309837], [13.4366743, 52.9342906], [13.4314858, 52.9361788], [13.4261064, 52.9341638], [13.4194801, 52.9357465], [13.4145887, 52.9353438], [13.4217677, 52.9314153], [13.4252562, 52.9324562], [13.426691, 52.9299955], [13.4035556, 52.9293053], [13.4027353, 52.9338446], [13.4008546, 52.9312281], [13.3975664, 52.9334138], [13.400151, 52.9356186], [13.4017844, 52.9384879], [13.4047595, 52.9403052], [13.4071408, 52.9420593], [13.411759, 52.9440378], [13.4159233, 52.9444078], [13.4188529, 52.9461824], [13.423636, 52.946946], [13.4277538, 52.947873], [13.430396, 52.9495113], [13.4333535, 52.9520791], [13.4371448, 52.952987], [13.4392065, 52.9556837], [13.4403172, 52.9582384], [13.4443148, 52.9608093], [13.4473461, 52.962222], [13.4507655, 52.9633549], [13.453806, 52.9652058], [13.4585722, 52.9657128], [13.4625036, 52.9654183], [13.4664781, 52.964568], [13.4699083, 52.9655219], [13.4752556, 52.9669718], [13.4786212, 52.965366], [13.4827286, 52.9642551], [13.4878458, 52.9653203], [13.492324, 52.9672009], [13.4965084, 52.9687369], [13.5007866, 52.9702746], [13.5135201, 52.9750803], [13.5162817, 52.9841202], [13.5175627, 52.9885354], [13.5217555, 52.9878224], [13.5251941, 52.9893714], [13.5286392, 52.9903117], [13.5340336, 52.9892778], [13.5405246, 52.9885034], [13.5412101, 52.9911274], [13.5511772, 52.9890956], [13.556238, 52.9886965], [13.5618353, 52.9891628], [13.5669411, 52.9897531], [13.5712783, 52.9910309], [13.572254, 52.9949808], [13.5762698, 52.9963013], [13.577053, 52.9939618], [13.5799187, 52.9921394], [13.5842136, 52.9934651], [13.5896659, 52.9944958], [13.5926459, 52.9965085], [13.5969572, 52.9959184], [13.5960914, 52.998223], [13.6007198, 52.9977846], [13.6040043, 52.9988558], [13.6080266, 52.9994791], [13.6099995, 53.001651], [13.6131341, 52.9996261], [13.617384, 53.0007543], [13.6205166, 53.0030145], [13.6284903, 53.0023521], [13.6455288, 53.0007276], [13.6503525, 53.0008038], [13.6607358, 53.0010007], [13.664742, 53.0010924], [13.6691923, 53.0010814], [13.6753893, 53.0010892], [13.6809929, 53.0054375], [13.6864185, 53.0085459], [13.6894473, 53.0103166], [13.6893732, 53.0145498], [13.6839015, 53.0143413], [13.680102, 53.0141634], [13.6732617, 53.013468], [13.6688146, 53.0141534], [13.665008, 53.0149628], [13.6646765, 53.017735], [13.6678244, 53.0199145], [13.6716436, 53.0226042], [13.6745589, 53.024821], [13.6787899, 53.025859], [13.6793168, 53.0281438], [13.6815514, 53.0301166], [13.6799995, 53.0328473], [13.6767302, 53.034521], [13.676286, 53.0371306], [13.6809917, 53.0384421], [13.6818522, 53.0408199], [13.6848863, 53.0421526], [13.6888219, 53.0417553], [13.6934413, 53.0403125], [13.6985016, 53.0381078], [13.7027895, 53.0374241], [13.7078084, 53.0359165], [13.7111237, 53.0346469], [13.7128444, 53.0366465], [13.7153258, 53.0384263], [13.7192632, 53.0395842], [13.7230797, 53.0403365], [13.7271811, 53.0400229], [13.7309493, 53.0402623], [13.7332646, 53.0423804], [13.7349405, 53.0444035], [13.7381892, 53.0431738], [13.7419335, 53.0430319], [13.7452166, 53.0419095], [13.7482583, 53.0401587], [13.7519886, 53.0408069], [13.7561584, 53.0425844], [13.760321, 53.0431301], [13.7664498, 53.044352], [13.7711877, 53.0452163], [13.7773033, 53.0453708], [13.7814456, 53.0464927], [13.7859969, 53.0465347], [13.7896653, 53.0485485], [13.7942786, 53.0488695], [13.7987947, 53.0478877], [13.8037619, 53.0482829], [13.8101732, 53.045981], [13.8145004, 53.0464667], [13.8185129, 53.0492593], [13.8192607, 53.0518984], [13.8171096, 53.0555896], [13.8177287, 53.0579374], [13.8220652, 53.057667], [13.8273362, 53.0578289], [13.8324678, 53.0573395], [13.8378602, 53.0568745], [13.841778, 53.057403], [13.8459089, 53.0586536], [13.8499172, 53.0586265], [13.8543375, 53.0585291], [13.8614196, 53.0574272], [13.866386, 53.0558912], [13.8722708, 53.055385], [13.8760162, 53.0544306], [13.8815613, 53.0536868], [13.88551, 53.0530256], [13.8843525, 53.0499324], [13.8832605, 53.0474031], [13.8791651, 53.0462594], [13.8762029, 53.0443109], [13.8732192, 53.0408973], [13.8694582, 53.0402212], [13.8656678, 53.0397792], [13.8611036, 53.0395184], [13.8588221, 53.0375518], [13.8565176, 53.0353944], [13.8558025, 53.0330302], [13.8539739, 53.0309971], [13.8540317, 53.0285682], [13.852998, 53.0263872], [13.8525313, 53.02409], [13.8525404, 53.0205333], [13.8530619, 53.0175619], [13.848781, 53.0170325], [13.8441762, 53.0168521], [13.8389743, 53.0168944], [13.8351999, 53.018032], [13.8317746, 53.0198702], [13.8250349, 53.0074776], [13.8241015, 53.0042509], [13.8234535, 53.0018111], [13.8227373, 52.9966608], [13.821932, 52.9930692], [13.8212808, 52.9899971], [13.8208706, 52.9874421], [13.8247513, 52.9886422], [13.8327762, 52.9879028], [13.8364697, 52.98751], [13.8405651, 52.9870639], [13.8445677, 52.9859779], [13.8487144, 52.9853449], [13.8520478, 52.983993], [13.8536812, 52.9815057], [13.8562321, 52.9793965], [13.8570056, 52.9767627], [13.8592145, 52.9745605], [13.8632902, 52.9739098], [13.868112, 52.9746821], [13.872201, 52.9754624], [13.8760996, 52.976444], [13.8795979, 52.9772414], [13.8837549, 52.9765517], [13.8877309, 52.9767094], [13.888974, 52.9745566], [13.8926675, 52.974141], [13.8967128, 52.9736911], [13.9004854, 52.9740079], [13.9011995, 52.9763248], [13.9048488, 52.9770934], [13.9089703, 52.9777117], [13.9126014, 52.9771627], [13.9094571, 52.9795845], [13.9057678, 52.9810481], [13.9030128, 52.9828423], [13.9074004, 52.9824998], [13.9114924, 52.9829479], [13.9151849, 52.9821646], [13.9182619, 52.980483], [13.9218114, 52.9813364], [13.9258093, 52.9822403], [13.9304446, 52.9831246], [13.9269113, 52.9823774], [13.9269778, 52.9790785], [13.9306745, 52.9797521], [13.93389, 52.9783051], [13.9353161, 52.9761466], [13.9391776, 52.9762176], [13.9392722, 52.9732143], [13.937637, 52.9709594], [13.941073, 52.9676254], [13.9440577, 52.9661], [13.9489352, 52.9630944], [13.9521293, 52.9617676], [13.9485407, 52.961134], [13.9450486, 52.9597533], [13.9416096, 52.958423], [13.9421891, 52.9560356], [13.9459303, 52.9550767], [13.949781, 52.9554789], [13.9534502, 52.955003], [13.9582399, 52.9559696], [13.9628973, 52.95794], [13.9626655, 52.9601852], [13.9650674, 52.9620916], [13.9686884, 52.9635676], [13.9734327, 52.9648342], [13.9761163, 52.9671017], [13.9800795, 52.9670765], [13.9841242, 52.9663733], [13.9847819, 52.964047], [13.987978, 52.962562], [13.9911741, 52.9613122], [13.9885295, 52.9595459], [13.9850355, 52.9584146], [13.982743, 52.955551], [13.9819463, 52.9529397], [13.9811804, 52.9505295], [13.9782579, 52.9489881], [13.9801152, 52.9469709], [13.981964, 52.9444951], [13.9836715, 52.9424083], [13.9865489, 52.9407214], [13.9891882, 52.9384209], [13.9943148, 52.9364001], [13.9934765, 52.9337813], [13.9974724, 52.9340434], [14.0014042, 52.931981], [14.004921, 52.9327996], [14.0087963, 52.9320378], [14.0125696, 52.9323871], [14.0157979, 52.9345773], [14.0175907, 52.936882], [14.0194704, 52.9389207], [14.0204134, 52.9414611], [14.0221472, 52.9439651], [14.0231295, 52.9471811], [14.0232469, 52.9494343], [14.0241535, 52.9517297], [14.0273389, 52.9565231], [14.0323847, 52.9560448], [14.0371658, 52.9558093], [14.0427439, 52.9554584], [14.0475884, 52.9555396], [14.0495186, 52.951232], [14.0567799, 52.9494013], [14.0636949, 52.9490154], [14.0678502, 52.9491454], [14.0720766, 52.9493164], [14.0726374, 52.9518643], [14.0720712, 52.9542179], [14.0725758, 52.9565647], [14.073739, 52.9590883], [14.0772566, 52.9599485], [14.081043, 52.9606597], [14.0842106, 52.961881], [14.0879916, 52.9619786], [14.0914173, 52.9609103], [14.095463, 52.9608931], [14.0992202, 52.9607028], [14.1032281, 52.9607946], [14.1073191, 52.9606356], [14.1089795, 52.9630842], [14.1105257, 52.9652648], [14.1149255, 52.9643581], [14.1201079, 52.963157], [14.1225031, 52.9649084], [14.1264537, 52.9644392], [14.1301495, 52.9634017], [14.1338705, 52.962779], [14.1383406, 52.9626031], [14.1422717, 52.9624354], [14.1435779, 52.9602428], [14.1431961, 52.9579641], [14.1415525, 52.9557704], [14.1402271, 52.9535416], [14.1390314, 52.9512771], [14.1410844, 52.9490986], [14.1429627, 52.9468514], [14.1442261, 52.9445587], [14.1438891, 52.9422271], [14.1422297, 52.9390053], [14.1421973, 52.9367169], [14.1426457, 52.9343517], [14.1432878, 52.9320867], [14.1448872, 52.9299622], [14.1457401, 52.927642], [14.1453813, 52.9253362], [14.1462578, 52.9230854], [14.1466803, 52.920835], [14.1487033, 52.9188349], [14.15007, 52.9166859], [14.1509027, 52.9137009], [14.1511496, 52.91133], [14.1519134, 52.9086934], [14.1521301, 52.9059607], [14.1518928, 52.9034717], [14.1522109, 52.9009045], [14.1533587, 52.8984544], [14.1551903, 52.8964079], [14.1521278, 52.8945436], [14.1470246, 52.8934471], [14.1427783, 52.8917815], [14.138692, 52.890768], [14.1347551, 52.8901287], [14.1312087, 52.8917319], [14.1304721, 52.8939965], [14.1297459, 52.8964357], [14.1289666, 52.8986969], [14.127788, 52.9010591], [14.1252091, 52.9033751], [14.1213432, 52.9030209], [14.1172886, 52.9025961], [14.1128818, 52.902385], [14.109007, 52.9024284], [14.1045091, 52.9020756], [14.1005898, 52.902183], [14.0966716, 52.9025976], [14.0939006, 52.8999946], [14.0928931, 52.897448], [14.0895124, 52.8956903], [14.0867586, 52.8938828], [14.0844442, 52.8920088], [14.0811554, 52.8909081], [14.0800505, 52.8930566], [14.0791528, 52.895411], [14.0791822, 52.8977653], [14.0796698, 52.9000176], [14.0751569, 52.9004203], [14.0721751, 52.8984377], [14.0698887, 52.8960496], [14.0681113, 52.89358], [14.0657978, 52.8905713], [14.0647672, 52.888017], [14.0628522, 52.8854121], [14.0588444, 52.8843063], [14.0601664, 52.8805841], [14.0612473, 52.878428], [14.0580905, 52.8771123], [14.0588248, 52.8746327], [14.0597388, 52.8709127], [14.0630605, 52.869659], [14.0664372, 52.8713636], [14.0711478, 52.8718569], [14.0747155, 52.8727798], [14.0809476, 52.8732439], [14.0836936, 52.8716297], [14.0873796, 52.8713039], [14.0865905, 52.868266], [14.0904878, 52.8689905], [14.0941569, 52.869555], [14.097929, 52.8696814], [14.1017301, 52.869491], [14.1055167, 52.8693773], [14.1010439, 52.8684204], [14.0970327, 52.8684187], [14.0954116, 52.866341], [14.0945018, 52.8604565], [14.09517, 52.8575639], [14.0907064, 52.8565392], [14.0864504, 52.8568595], [14.0819534, 52.8572662], [14.0788806, 52.8553526], [14.0751872, 52.8546017], [14.0719907, 52.8533158], [14.0674354, 52.8530028], [14.0635856, 52.8548232], [14.0597268, 52.855433], [14.0554642, 52.8553144], [14.0513687, 52.8549055], [14.0456834, 52.853166], [14.0400454, 52.8504675], [14.0357233, 52.8500661], [14.0317917, 52.8502007], [14.0277726, 52.8483299], [14.0234054, 52.8475475], [14.0209808, 52.8499395], [14.0213869, 52.8528378], [14.0203779, 52.8554186], [14.0163009, 52.8561211], [14.0158323, 52.8537812], [14.01096, 52.8527973], [14.0070586, 52.8535291], [14.0043007, 52.8552161], [14.0004056, 52.8553195], [14.0031701, 52.8569207], [14.0053237, 52.8588293], [14.0010944, 52.8573714], [13.9975324, 52.8565367], [13.9947864, 52.8545294], [13.992435, 52.8527192], [13.9889257, 52.8517262], [13.9849564, 52.8505484], [13.9826256, 52.8486098], [13.9809651, 52.846061], [13.9795661, 52.8434528], [13.979394, 52.8410392], [13.979498, 52.8386146], [13.9778082, 52.8362533], [13.9786745, 52.8340186], [13.9775597, 52.8316666], [13.9753993, 52.8297122], [13.9745884, 52.8275148], [13.9751334, 52.8251976], [13.9711621, 52.8252675], [13.9671302, 52.8243229], [13.9642946, 52.825795], [13.9606985, 52.8269964], [13.9569236, 52.8276161], [13.9490253, 52.8252973], [13.9421535, 52.8247245], [13.9408939, 52.8224677], [13.9380009, 52.8241718], [13.9395292, 52.8213335], [13.9414813, 52.81912], [13.9381072, 52.8179918], [13.9399944, 52.8156867], [13.9369549, 52.8137673], [13.938679, 52.8116526], [13.9407443, 52.8095806], [13.9397165, 52.8071512], [13.9358969, 52.8064284], [13.9338052, 52.804208], [13.9306711, 52.8010056], [13.9271368, 52.798228], [13.9242305, 52.7956397], [13.9183362, 52.7942833], [13.9122532, 52.7942763], [13.9075009, 52.7934236], [13.9024659, 52.7920735], [13.9031611, 52.7893901], [13.8956509, 52.7891507], [13.8911255, 52.788956], [13.8870078, 52.7887257], [13.8781211, 52.7882702], [13.8719649, 52.7879341], [13.8682409, 52.7878173], [13.8633335, 52.7877154], [13.8638764, 52.7847469], [13.8635052, 52.7823491], [13.8670082, 52.7808358], [13.8720743, 52.7796041], [13.8764002, 52.7793588], [13.8748928, 52.777125], [13.8720089, 52.7751695], [13.8712503, 52.7727757], [13.8658773, 52.7718911], [13.8630664, 52.7700567], [13.8625868, 52.7664105], [13.8630245, 52.7637352], [13.8632104, 52.7609489], [13.8617255, 52.758644], [13.8556819, 52.7580713], [13.850004, 52.7571401], [13.8445838, 52.7562395], [13.839808, 52.7556943], [13.8350384, 52.7547618], [13.8313633, 52.7539901], [13.8267853, 52.7524901], [13.8221581, 52.7504753], [13.8173304, 52.7488828], [13.8130095, 52.7479845], [13.8091551, 52.7468331], [13.8054726, 52.7457444], [13.8016813, 52.7449827], [13.7968001, 52.7447577], [13.7935349, 52.7463252], [13.7928279, 52.7492159], [13.7878648, 52.7481749], [13.784229, 52.7468404], [13.7805745, 52.7463974], [13.7768702, 52.745218], [13.7731451, 52.7447205], [13.7696143, 52.7440132], [13.7658173, 52.7439372], [13.7621088, 52.7433313], [13.7585404, 52.7424727], [13.7549102, 52.741379], [13.7513728, 52.7399602], [13.7475263, 52.7383503], [13.7442389, 52.7370061], [13.7408258, 52.7357692], [13.7375309, 52.7346145], [13.7337026, 52.7341253], [13.7300418, 52.7337256], [13.7337524, 52.7320391], [13.7369524, 52.7297128], [13.7403043, 52.7284476], [13.7441141, 52.728127], [13.7473164, 52.7296875], [13.7467408, 52.7262395], [13.7515881, 52.7239734], [13.7585374, 52.7169938], [13.7561023, 52.7144895], [13.7557686, 52.7119254], [13.7574023, 52.7087263], [13.7591388, 52.7046713], [13.7604829, 52.7023808], [13.7614672, 52.6998329], [13.7629819, 52.696498], [13.7647472, 52.6934256], [13.7659545, 52.6910342], [13.7672412, 52.6884973], [13.7685996, 52.6861503], [13.7700655, 52.6835396], [13.7716494, 52.6805071], [13.7731964, 52.6778085], [13.7750544, 52.6755415], [13.7771709, 52.6729845], [13.7784692, 52.6703941], [13.7794815, 52.667878], [13.78359, 52.6677819], [13.7872893, 52.6688174], [13.7910737, 52.6701247], [13.7943235, 52.6714358], [13.7975733, 52.6725926], [13.8011682, 52.6743144], [13.8040495, 52.6757656], [13.8055662, 52.6783746], [13.8097061, 52.6790635], [13.8144218, 52.6780848], [13.8177714, 52.6799983], [13.8210343, 52.681789], [13.8242325, 52.6835211], [13.8279636, 52.6856678], [13.832833, 52.6875857], [13.8330924, 52.6906235], [13.8363657, 52.6919491], [13.842712, 52.6912889], [13.8465916, 52.6925916], [13.8499438, 52.6936945], [13.8504564, 52.6912253], [13.8483868, 52.6890631], [13.852611, 52.687086], [13.8572995, 52.6851395], [13.8558662, 52.68248], [13.8525091, 52.6813424], [13.8502775, 52.6794405], [13.8517538, 52.6771248], [13.8507356, 52.6746158], [13.851094, 52.6718926], [13.8486943, 52.6682653], [13.8493697, 52.6639866], [13.8482887, 52.6612562], [13.8468396, 52.6581473], [13.8441846, 52.6562038], [13.8411673, 52.6548099], [13.8380068, 52.6529169], [13.8393814, 52.64956], [13.8425681, 52.6480972], [13.8444644, 52.6455373], [13.8413899, 52.6434585], [13.8359139, 52.639083], [13.8328414, 52.6370032], [13.8318566, 52.6334106], [13.8332895, 52.6313118], [13.8329496, 52.6290231], [13.8299471, 52.6273482], [13.8279894, 52.6247815], [13.824291, 52.6253044], [13.8208655, 52.6273071], [13.8141555, 52.6266432], [13.8074445, 52.6261202], [13.8032412, 52.6257841], [13.7986039, 52.6248652], [13.7944076, 52.6239463], [13.7885085, 52.6234693], [13.7814206, 52.6233012], [13.7763574, 52.6223243], [13.7715111, 52.6210314], [13.7663509, 52.6201354], [13.7619446, 52.6194675], [13.7579016, 52.6186649], [13.7544579, 52.617734], [13.750063, 52.6170419], [13.7465169, 52.6158203], [13.7422125, 52.6140766], [13.7360004, 52.6128453], [13.7321583, 52.6124654], [13.7290974, 52.6099014], [13.7286565, 52.6062414], [13.7280733, 52.6015018], [13.7213942, 52.6019387], [13.7165727, 52.6022553], [13.716006, 52.6046317], [13.7147262, 52.6023619], [13.7129696, 52.6002452], [13.7129276, 52.5979564], [13.7150244, 52.5958357], [13.7172311, 52.593489], [13.7172071, 52.5912352], [13.7157774, 52.5879546], [13.711853, 52.5884425], [13.7067288, 52.5895793], [13.7004437, 52.5904072], [13.6996269, 52.5881874], [13.6989806, 52.585929], [13.6971245, 52.5836964], [13.6939928, 52.5824122], [13.6922612, 52.5798363], [13.687467, 52.5796422], [13.6841455, 52.5784743], [13.6802191, 52.5788722], [13.6771968, 52.5802452], [13.6731026, 52.5819617], [13.672062, 52.5783677], [13.6773118, 52.5774529], [13.6852814, 52.5768915], [13.6853535, 52.5714021], [13.675646, 52.5690616], [13.6734984, 52.5658231], [13.6689263, 52.5665335], [13.6653066, 52.5671794], [13.6648108, 52.5648141], [13.6645378, 52.562368], [13.6582904, 52.5615599], [13.6575989, 52.5648596], [13.658645, 52.5690614], [13.653522, 52.5692348], [13.6476763, 52.569361], [13.6438569, 52.56948], [13.6326176, 52.5660423], [13.6270365, 52.5645704], [13.6230032, 52.5632845], [13.6189848, 52.5621096], [13.6142706, 52.5587449], [13.6128379, 52.5563042], [13.6113122, 52.5529425], [13.6107634, 52.548384], [13.6105975, 52.5455665], [13.6066077, 52.5462331], [13.6018366, 52.5470327], [13.5979696, 52.5476814], [13.593156, 52.5484893], [13.5874276, 52.5494492], [13.5869309, 52.5516787], [13.5877081, 52.5538787], [13.5873549, 52.5562086], [13.5857525, 52.5583693], [13.5844354, 52.5605035], [13.5838107, 52.5630193], [13.583162, 52.5652988], [13.5833639, 52.5676789], [13.5821993, 52.569962], [13.5778863, 52.5711279], [13.5762464, 52.5732358], [13.5720166, 52.5733459], [13.5683185, 52.5737047], [13.5665022, 52.5761759], [13.5645239, 52.5781988], [13.5623029, 52.5800126], [13.5598206, 52.5817122], [13.5568871, 52.5833522], [13.55374, 52.5849418], [13.550582, 52.5862919], [13.5469869, 52.5876432], [13.5419179, 52.5890862], [13.5384334, 52.5898672], [13.5347153, 52.5907042], [13.5309374, 52.5915313], [13.527291, 52.5922335], [13.5228816, 52.5927494], [13.518998, 52.592591], [13.513267, 52.5923583], [13.5089241, 52.5921722], [13.506618, 52.5943473], [13.5051761, 52.5964629], [13.5034968, 52.5988318], [13.5005625, 52.6029388], [13.4989735, 52.6051636], [13.4975074, 52.6079046], [13.4984947, 52.6107074], [13.5000564, 52.6133445], [13.5012358, 52.6156097], [13.5026567, 52.6179623], [13.5054583, 52.619974], [13.505628, 52.6224424], [13.5058394, 52.6255136], [13.509022, 52.6269948], [13.5123202, 52.6280416], [13.5164398, 52.6291519], [13.5184356, 52.6316476], [13.5197404, 52.6344295], [13.5208802, 52.6369029], [13.521865, 52.639084], [13.5225237, 52.6413951], [13.5229102, 52.6438277], [13.5199409, 52.6455038], [13.5162674, 52.6463538], [13.512828, 52.6454021], [13.5091563, 52.6473048], [13.5060083, 52.6489342], [13.5027993, 52.650121], [13.4987298, 52.6516898], [13.4952581, 52.6530521], [13.4907625, 52.6547958], [13.487411, 52.6576691], [13.4857775, 52.6609811], [13.4865398, 52.6638052], [13.4873368, 52.6667427], [13.487972, 52.6691111], [13.4837892, 52.669304], [13.4799242, 52.6681087], [13.4763414, 52.6668058], [13.4749493, 52.6689389], [13.4764685, 52.6713619], [13.4790362, 52.6738904], [13.4755211, 52.6750242], [13.4732188, 52.6731593], [13.4707132, 52.6710259], [13.4659262, 52.6671206], [13.4621955, 52.668208], [13.4583105, 52.6679852], [13.4555009, 52.6657485], [13.4523964, 52.6637545], [13.4541515, 52.6617481], [13.4576231, 52.6599881], [13.461131, 52.6581788], [13.4701959, 52.6568312], [13.4740437, 52.6560107], [13.472961, 52.6536951], [13.4701569, 52.6520402], [13.4663835, 52.6513867], [13.4630501, 52.6499204], [13.4600792, 52.6483179], [13.4562686, 52.6483801], [13.4520869, 52.6487022], [13.4487809, 52.6500004], [13.4449096, 52.6495033], [13.4408204, 52.6492654], [13.4402051, 52.6468792], [13.437852, 52.6449983], [13.4340061, 52.644282], [13.4333872, 52.6414715], [13.4339353, 52.6392429], [13.4302509, 52.6374448], [13.4266118, 52.636909], [13.421696, 52.6369216], [13.4173802, 52.6390322], [13.4142585, 52.6412391], [13.4122912, 52.6434826], [13.4080692, 52.64272], [13.4047734, 52.6445445], [13.4012976, 52.6462528], [13.3983144, 52.6478977], [13.4016338, 52.6491578], [13.4050762, 52.6508856], [13.4027955, 52.6528424], [13.4025356, 52.6553433], [13.4000884, 52.657228], [13.4036417, 52.6584235], [13.4063111, 52.6599925], [13.4095842, 52.6612045], [13.4100251, 52.6634893], [13.41072, 52.665847], [13.4137135, 52.6673189], [13.4177948, 52.6678648], [13.4224011, 52.6691997], [13.4188628, 52.6706413], [13.4152807, 52.6714921], [13.4133215, 52.6734247], [13.4155971, 52.6752966], [13.4190093, 52.6764981], [13.4227429, 52.6762989], [13.4187717, 52.6770561], [13.4152272, 52.6759779], [13.4122624, 52.6745756], [13.4119486, 52.6722855], [13.4083513, 52.6731373], [13.4042447, 52.6731764], [13.4004814, 52.6723665], [13.3983823, 52.6742348], [13.3995978, 52.6765022], [13.4030331, 52.6775223], [13.4058303, 52.6813796], [13.3988453, 52.6818393], [13.3959615, 52.6804125], [13.3986364, 52.6786506], [13.3949107, 52.6796211], [13.3976523, 52.6813318], [13.3995572, 52.6834691], [13.4023988, 52.6861369], [13.4044874, 52.6884259], [13.396788, 52.6889514], [13.3989055, 52.6909073], [13.4028996, 52.6916859], [13.4049319, 52.6936447], [13.4058159, 52.695867], [13.4087435, 52.6972956], [13.4088105, 52.699583], [13.4079643, 52.7021292], [13.4055803, 52.7059841], [13.4042535, 52.7096818], [13.4124776, 52.709141], [13.4187573, 52.7087277], [13.4215796, 52.710502], [13.4193923, 52.7123551], [13.4189073, 52.7147515], [13.4191249, 52.7170087], [13.4192934, 52.7193798], [13.4169933, 52.721177], [13.4133174, 52.7218251], [13.4094877, 52.7225299], [13.4075398, 52.7245989], [13.4099723, 52.726736], [13.4136844, 52.7268142], [13.4171423, 52.7288338], [13.4198821, 52.7304122], [13.4222958, 52.7327692], [13.4225857, 52.7350698], [13.4192249, 52.7362742], [13.4156295, 52.7369561], [13.4116391, 52.737155], [13.4078986, 52.7377389], [13.4071547, 52.7402866], [13.4094213, 52.7427854], [13.4082616, 52.7449512], [13.404277, 52.7445521], [13.4006029, 52.7434388], [13.3970737, 52.7437424]]]}}]}