{"type":"FeatureCollection","name":"Werder (Havel) Straßen","features":[{"type":"Feature","properties":{"name":"Senator-Haacke-Straße","highway":"residential"},"geometry":{"type":"LineString","coordinates":[[12.8384233,52.3921184],[12.8383428,52.3920534],[12.8385582,52.391948],[12.8386161,52.3919197],[12.8388555,52.3918068],[12.838916,52.3917626],[12.8389478,52.3917157],[12.8389606,52.3916738],[12.8389553,52.3916433],[12.8389426,52.3916075],[12.838917,52.3915709],[12.8388578,52.3915046],[12.8387883,52.3914464],[12.8387787,52.391436],[12.8387166,52.3913688],[12.8385894,52.3911992],[12.838489,52.3910697],[12.8384449,52.3910246],[12.8383972,52.3909952],[12.8383239,52.3909652],[12.838124,52.3908964],[12.8380455,52.3908591],[12.8380112,52.3908322],[12.8379871,52.3908],[12.8379717,52.3907659],[12.8379724,52.3907036]]}},{"type":"Feature","properties":{"name":"Fischerstraße","highway":"service"},"geometry":{"type":"LineString","coordinates":[[12.9460324,52.3766455],[12.9456654,52.37664],[12.9456121,52.3766612],[12.9455855,52.3766816],[12.945462,52.37692],[12.9453314,52.3771697],[12.9452317,52.3772822],[12.945134,52.3773583],[12.9448999,52.3775051],[12.9448088,52.3775514],[12.9447723,52.3776093],[12.9447744,52.3776768]]}},{"type":"Feature","properties":{"name":"Unter den Linden","highway":"residential"},"geometry":{"type":"LineString","coordinates":[[12.9369024,52.3771844],[12.9371206,52.3772432],[12.9373206,52.3772971],[12.9376331,52.3773814],[12.9378156,52.3774306],[12.9378776,52.3774794],[12.937958,52.3775155]]}},{"type":"Feature","properties":{"name":"Zelterstraße","highway":"residential"},"geometry":{"type":"LineString","coordinates":[[12.9436751,52.3450155],[12.9440374,52.3448908],[12.9457804,52.3443031],[12.9458603,52.3442698]]}},{"type":"Feature","properties":{"name":"Potsdamer Straße","highway":"secondary"},"geometry":{"type":"LineString","coordinates":[[12.94098,52.3640537],[12.9410712,52.3641487]]}},{"type":"Feature","properties":{"name":"Berliner Straße","highway":"primary"},"geometry":{"type":"LineString","coordinates":[[12.911182,52.370654],[12.9113126,52.3706581],[12.9117778,52.3706796],[12.9123143,52.3707128]]}},{"type":"Feature","properties":{"name":"Golmer Damm","highway":"residential"},"geometry":{"type":"LineString","coordinates":[[12.960408,52.4049834],[12.9603631,52.4049338],[12.9603165,52.404892],[12.9602116,52.404812],[12.9600877,52.4047364],[12.959966,52.4046773],[12.9598076,52.404641],[12.9596373,52.4046393],[12.9594431,52.4046572],[12.9580713,52.4048496],[12.9573561,52.4049348],[12.9560866,52.4051438],[12.9531499,52.4055701],[12.95102,52.4058579],[12.9502109,52.4059827]]}},{"type":"Feature","properties":{"name":"Am Zernsee","highway":"residential"},"geometry":{"type":"LineString","coordinates":[[12.9500273,52.404656],[12.9488057,52.4046775],[12.9476018,52.404726],[12.9468175,52.4048271],[12.9464685,52.4040953],[12.946157,52.4034269],[12.9460289,52.403133],[12.9459604,52.4029956],[12.9458572,52.4028733]]}},{"type":"Feature","properties":{"name":"Phöbener Straße","highway":"secondary"},"geometry":{"type":"LineString","coordinates":[[12.9158818,52.397087],[12.9163138,52.3969809],[12.9178242,52.3966463],[12.9184461,52.3964996],[12.918884,52.396397],[12.9191798,52.3963271]]}},{"type":"Feature","properties":{"name":"Otto-Lilienthal-Straße","highway":"unclassified"},"geometry":{"type":"LineString","coordinates":[[12.9116928,52.4035949],[12.9109479,52.4033104],[12.9094888,52.4027727],[12.909243,52.4026822],[12.9086669,52.4024679],[12.9077399,52.4021234],[12.9076546,52.4020799],[12.9075887,52.4020357],[12.9075409,52.4019935],[12.9074863,52.4019366],[12.9074529,52.4018712],[12.9074312,52.4017958],[12.9074219,52.4017266],[12.9074236,52.401694],[12.9074317,52.4016188],[12.9074732,52.4012356],[12.9075233,52.4010284],[12.9076491,52.4008087],[12.9078142,52.4006052],[12.9080337,52.4004392],[12.9083453,52.4002609],[12.9090232,52.4000051],[12.9104069,52.399483]]}},{"type":"Feature","properties":{"name":"Eisenbahnstraße","highway":"secondary"},"geometry":{"type":"LineString","coordinates":[[12.924197,52.3909031],[12.9243789,52.3907208],[12.924781,52.3903179],[12.9254794,52.3896163]]}},{"type":"Feature","properties":{"name":"Eisenbahnstraße","highway":"secondary"},"geometry":{"type":"LineString","coordinates":[[12.9341083,52.376464],[12.9339771,52.3765524],[12.9339055,52.376604],[12.933611,52.376778]]}},{"type":"Feature","properties":{"name":"Mozartstraße","highway":"residential"},"geometry":{"type":"LineString","coordinates":[[12.9242399,52.3809528],[12.9241698,52.3810268],[12.9236326,52.3815943],[12.9231227,52.3821327],[12.9230676,52.3821909]]}},{"type":"Feature","properties":{"name":"Kesselgrundstraße","highway":"tertiary"},"geometry":{"type":"LineString","coordinates":[[12.9227187,52.3925695],[12.9225914,52.3925618],[12.9218357,52.3925276],[12.9201934,52.3924534],[12.9194648,52.3923873],[12.9192528,52.3923681],[12.918113,52.3922139],[12.9176826,52.3921445],[12.9168867,52.3920124],[12.9166594,52.3919676],[12.916171,52.3918712],[12.915524,52.3917436],[12.914494,52.3915404],[12.9138812,52.3914],[12.9124064,52.3910621],[12.9122299,52.3910201]]}},{"type":"Feature","properties":{"name":"Brandenburger Straße","highway":"tertiary"},"geometry":{"type":"LineString","coordinates":[[12.9183845,52.371751],[12.9177022,52.3715383],[12.9176349,52.3715176],[12.9165461,52.3711828],[12.9163004,52.3711073]]}},{"type":"Feature","properties":{"name":"Lietzes Weg","highway":"tertiary"},"geometry":{"type":"LineString","coordinates":[[12.9184325,52.3708064],[12.9184662,52.3708628],[12.918388,52.3717134],[12.9183845,52.371751]]}},{"type":"Feature","properties":{"name":"Havelobstallee","highway":"unclassified"},"geometry":{"type":"LineString","coordinates":[[12.8827545,52.3753951],[12.8826739,52.3753427],[12.8823634,52.3751519],[12.8817692,52.3748019],[12.8783411,52.3727213],[12.8740376,52.3700933],[12.873817,52.3699719]]}},{"type":"Feature","properties":{"name":"Am Gewerbepark","highway":"residential"},"geometry":{"type":"LineString","coordinates":[[12.8937596,52.3387105],[12.8940287,52.3386511],[12.8941313,52.3386372],[12.8942424,52.3386367],[12.8946487,52.3386513],[12.8956033,52.338687],[12.8962173,52.3387083],[12.8968828,52.3387348],[12.8975071,52.3387586],[12.8984223,52.3387971],[12.8994657,52.3388343],[12.901143,52.3388973],[12.9019325,52.3389286],[12.9040111,52.3389995],[12.9060982,52.3390911],[12.9068412,52.3391258],[12.9074803,52.3391565],[12.9084517,52.3392014]]}},{"type":"Feature","properties":{"name":"Adolf-Damaschke-Straße","highway":"residential"},"geometry":{"type":"LineString","coordinates":[[12.9327233,52.3835093],[12.9323894,52.3839764],[12.9321864,52.3842733],[12.9321016,52.3845094],[12.9318186,52.385252],[12.9317513,52.3854247],[12.9316224,52.3857525],[12.9314945,52.3860826],[12.9314489,52.3861974],[12.9313665,52.3863885],[12.9312983,52.3865453],[12.9312169,52.386741],[12.9311649,52.386866],[12.9311418,52.3869202],[12.9310415,52.3871556],[12.9309576,52.3873532],[12.9308733,52.387557],[12.9307722,52.3877889],[12.9307509,52.3878273],[12.9306391,52.3880291],[12.9300651,52.3890833]]}},{"type":"Feature","properties":{"name":"Dr.-Külz-Straße","highway":"secondary"},"geometry":{"type":"LineString","coordinates":[[12.911167,52.3705598],[12.9111123,52.3701783]]}},{"type":"Feature","properties":{"name":"Hoher Weg","highway":"residential"},"geometry":{"type":"LineString","coordinates":[[12.933296,52.3776942],[12.9330434,52.3777169],[12.9329598,52.3777308],[12.9328154,52.3777951]]}},{"type":"Feature","properties":{"name":"Unter den Linden","highway":"residential"},"geometry":{"type":"LineString","coordinates":[[12.938634,52.3777793],[12.9392072,52.3780177]]}},{"type":"Feature","properties":{"name":"Torstraße","highway":"residential"},"geometry":{"type":"LineString","coordinates":[[12.9392587,52.3780414],[12.9398045,52.3782831]]}},{"type":"Feature","properties":{"name":"Glindower Mühlenstraße","highway":"residential"},"geometry":{"type":"LineString","coordinates":[[12.9060429,52.3575433],[12.9059012,52.3576434],[12.9044735,52.3589677],[12.9043093,52.359132],[12.9040517,52.3593925],[12.903782,52.3596621],[12.9029,52.3606525],[12.9026426,52.3607733],[12.9021337,52.3609546],[12.9009225,52.3613586],[12.9006926,52.3614353],[12.9003239,52.3615451],[12.8989116,52.3619658],[12.8988369,52.3619909],[12.897988,52.3622798]]}},{"type":"Feature","properties":{"name":"Immenstraße","highway":"residential"},"geometry":{"type":"LineString","coordinates":[[12.9006926,52.3614353],[12.9006939,52.3614409],[12.9007879,52.3617384],[12.900831,52.3619011],[12.900905,52.3623789],[12.9010866,52.3631058],[12.9010419,52.3633536],[12.9008979,52.3636937],[12.9006103,52.3643472]]}},{"type":"Feature","properties":{"name":"Dr.-Wolf-Straße","highway":"residential"},"geometry":{"type":"LineString","coordinates":[[12.8946079,52.3720244],[12.8945669,52.3719695],[12.8945784,52.3718369],[12.8960969,52.3708539],[12.8978471,52.369705],[12.8983041,52.369405],[12.8984296,52.3693258],[12.8987271,52.3691293],[12.9011065,52.3675502],[12.9025863,52.3665681]]}},{"type":"Feature","properties":{"name":"Moosfennstraße","highway":"residential"},"geometry":{"type":"LineString","coordinates":[[12.9288939,52.368687],[12.928574,52.3690482],[12.9282963,52.3693617],[12.9272933,52.3704941]]}},{"type":"Feature","properties":{"name":"Eisenbahnstraße","highway":"residential"},"geometry":{"type":"LineString","coordinates":[[12.9248075,52.3926612],[12.9245817,52.3919032],[12.9243801,52.3910663],[12.9242958,52.3909662],[12.924197,52.3909031]]}},{"type":"Feature","properties":{"name":"Friedrichstraße","highway":"residential"},"geometry":{"type":"LineString","coordinates":[[12.9039801,52.3597375],[12.9051913,52.3600097]]}},{"type":"Feature","properties":{"name":"Mühlensteig","highway":"residential"},"geometry":{"type":"LineString","coordinates":[[12.9046265,52.3607572],[12.9088398,52.3616812],[12.9090899,52.3617048]]}},{"type":"Feature","properties":{"name":"Bliesendorfer Poststraße","highway":"residential"},"geometry":{"type":"LineString","coordinates":[[12.8579962,52.3393137],[12.8590408,52.3390512],[12.8593549,52.3389785],[12.8595459,52.3389614],[12.8597323,52.3389602],[12.8648774,52.3391874],[12.8649692,52.3391915],[12.8660597,52.3392389],[12.8670683,52.339296],[12.8672666,52.339307],[12.8675566,52.3393232],[12.8676252,52.3393276]]}},{"type":"Feature","properties":{"name":"Petzower Straße","highway":"residential"},"geometry":{"type":"LineString","coordinates":[[12.895498,52.3405655],[12.8956846,52.3405458],[12.8957817,52.3405506],[12.8958106,52.340552],[12.8959854,52.3405905],[12.8960338,52.340613],[12.8962639,52.3407197],[12.8964564,52.3407733],[12.897806,52.3408479],[12.8992596,52.3409183],[12.9002199,52.3409509]]}},{"type":"Feature","properties":{"name":"Kugelweg","highway":"residential"},"geometry":{"type":"LineString","coordinates":[[12.9267637,52.3741289],[12.9260294,52.373616],[12.9259559,52.3735647],[12.9252046,52.3730399],[12.9244494,52.3726991],[12.9239277,52.3724602],[12.923678,52.3723458],[12.923251,52.3721502],[12.9231103,52.3720858],[12.9229545,52.3720144],[12.9227234,52.3719086],[12.9221073,52.3716182],[12.9205128,52.3708032]]}},{"type":"Feature","properties":{"name":"Am Plessower See","highway":"unclassified"},"geometry":{"type":"LineString","coordinates":[[12.9050821,52.3914232],[12.9050897,52.3913423],[12.9053686,52.3908722],[12.9054261,52.3907752],[12.9054534,52.3907307],[12.9055982,52.3904952],[12.9059559,52.3899135],[12.9062734,52.3893971],[12.9064673,52.3890794],[12.9065192,52.3889943],[12.9065805,52.3888938],[12.9066465,52.3887857],[12.906774,52.3885769],[12.9070199,52.3881639],[12.9071913,52.3878789],[12.9072498,52.3877816],[12.9073161,52.3876713],[12.9073796,52.3875657],[12.9077231,52.3869944],[12.9084316,52.385375],[12.9084648,52.385299],[12.9086422,52.3848935]]}},{"type":"Feature","properties":{"name":"Lehniner Chaussee","highway":"secondary"},"geometry":{"type":"LineString","coordinates":[[12.8674676,52.3807594],[12.8671326,52.380549],[12.8667875,52.3803426],[12.8666998,52.3802902],[12.8662183,52.380039],[12.8644203,52.3791932],[12.8620437,52.378085],[12.8619782,52.3780549],[12.8611677,52.3776773],[12.8607828,52.3775157],[12.8605351,52.3774314],[12.8602803,52.3773651],[12.8597214,52.3772507],[12.8592363,52.3771706],[12.8574224,52.3769042],[12.8569036,52.3768076],[12.856234,52.376647],[12.8525799,52.3757055],[12.8522771,52.3756126],[12.8519627,52.3754944],[12.8515297,52.3752967],[12.8504374,52.3747411],[12.8492939,52.3741574],[12.848935,52.3739648],[12.8485952,52.3737472],[12.8481032,52.3733854],[12.8476154,52.3729955],[12.8466364,52.3722105],[12.8466243,52.3722008],[12.8462789,52.3719262],[12.8451473,52.3710313],[12.844806,52.370796],[12.8447825,52.3707805],[12.8430358,52.3697655],[12.8418405,52.3690848],[12.8351447,52.3652488]]}},{"type":"Feature","properties":{"name":"Kesselgrundstraße","highway":"residential"},"geometry":{"type":"LineString","coordinates":[[12.914494,52.3915404],[12.9148805,52.3908034],[12.9148837,52.3907507],[12.9148497,52.3907004],[12.914783,52.3906672],[12.9146491,52.390632],[12.9145915,52.3905949],[12.9145611,52.3905403]]}},{"type":"Feature","properties":{"name":"Schönemannstraße","highway":"residential"},"geometry":{"type":"LineString","coordinates":[[12.9189809,52.3896671],[12.9180405,52.3894578]]}},{"type":"Feature","properties":{"name":"Hoher Weg","highway":"residential"},"geometry":{"type":"LineString","coordinates":[[12.920358,52.387627],[12.9205118,52.3877094],[12.9221396,52.3880985],[12.9225239,52.3881508]]}},{"type":"Feature","properties":{"name":"Hoher Weg","highway":"residential"},"geometry":{"type":"LineString","coordinates":[[12.9199103,52.3879451],[12.9197877,52.3880314],[12.9195587,52.3882116],[12.919271,52.3884365],[12.9184678,52.3891005],[12.9180405,52.3894578]]}},{"type":"Feature","properties":{"name":"Hagenstraße","highway":"residential"},"geometry":{"type":"LineString","coordinates":[[12.9163292,52.3896147],[12.9161924,52.3896149],[12.9156002,52.3896158],[12.9150133,52.3896203]]}},{"type":"Feature","properties":{"name":"Klaistower Straße","highway":"secondary"},"geometry":{"type":"LineString","coordinates":[[12.8996356,52.3448236],[12.9005769,52.3457161],[12.9012296,52.3463609],[12.9017561,52.3468822],[12.9021552,52.3473653],[12.9024191,52.3477223],[12.9026475,52.3480508]]}},{"type":"Feature","properties":{"name":"Margaretenstraße","highway":"residential"},"geometry":{"type":"LineString","coordinates":[[12.9192726,52.3830667],[12.9180672,52.3827447],[12.9170848,52.3824822],[12.9165484,52.3823389],[12.9161311,52.3822274],[12.9160138,52.3821961],[12.9157688,52.3821306],[12.9156889,52.3821093],[12.9149715,52.3819176],[12.9138825,52.3816267],[12.9131973,52.3814436],[12.9116973,52.3810414],[12.9116,52.3810071],[12.9115207,52.3809727],[12.9114481,52.3809351],[12.9113772,52.3808912]]}},{"type":"Feature","properties":{"name":"Zum Havelstrand","highway":"residential"},"geometry":{"type":"LineString","coordinates":[[12.9122939,52.4029793],[12.9129385,52.403199],[12.9133014,52.4033332],[12.9148248,52.4038751],[12.9149031,52.4039047],[12.915211,52.4040096],[12.915507,52.4041104],[12.9163189,52.4044057],[12.9166594,52.4045323],[12.9168363,52.404643],[12.9169252,52.4047521],[12.9170254,52.4048946],[12.917413,52.4054458],[12.9176532,52.4057863],[12.9177894,52.4060066],[12.9178043,52.4060895]]}},{"type":"Feature","properties":{"name":"Rohrkolbenweg","highway":"residential"},"geometry":{"type":"LineString","coordinates":[[12.9209285,52.4040101],[12.9196662,52.4043554],[12.9185419,52.4046823],[12.9184892,52.4047294],[12.9184833,52.4047938],[12.9186827,52.4050995]]}},{"type":"Feature","properties":{"name":"Schilfweg","highway":"residential"},"geometry":{"type":"LineString","coordinates":[[12.9189514,52.4054688],[12.9202317,52.4051064],[12.9215318,52.4047387]]}},{"type":"Feature","properties":{"name":"Mielestraße","highway":"unclassified"},"geometry":{"type":"LineString","coordinates":[[12.9084551,52.4065139],[12.9085425,52.4064361],[12.9092848,52.4057758],[12.909774,52.4053458],[12.9099364,52.4051996],[12.9101729,52.4049867],[12.9102908,52.4048803],[12.9107921,52.404427],[12.9110065,52.4042314],[12.9116928,52.4035949]]}},{"type":"Feature","properties":{"name":"Graf-Zeppelin-Straße","highway":"unclassified"},"geometry":{"type":"LineString","coordinates":[[12.9086669,52.4024679],[12.9087431,52.4024029],[12.9089621,52.4023287],[12.9094813,52.4021555],[12.9098344,52.4020367],[12.9105096,52.4018145],[12.9106796,52.4017567],[12.9121054,52.4012714]]}},{"type":"Feature","properties":{"name":"Zum Großen Zernsee","highway":"residential"},"geometry":{"type":"LineString","coordinates":[[12.9154846,52.3977377],[12.9155733,52.3977577],[12.916001,52.397857],[12.916448,52.3979554],[12.9169543,52.3980697],[12.9176313,52.3982227],[12.9181224,52.3983337],[12.9185975,52.398441],[12.9188397,52.3984957]]}},{"type":"Feature","properties":{"name":"Hagenstraße","highway":"residential"},"geometry":{"type":"LineString","coordinates":[[12.9180405,52.3894578],[12.9178734,52.389585],[12.917661,52.389615],[12.9170416,52.3896058],[12.9163292,52.3896147]]}},{"type":"Feature","properties":{"name":"Am Zernsee","highway":"residential"},"geometry":{"type":"LineString","coordinates":[[12.9502109,52.4059827],[12.9501423,52.405609],[12.9500393,52.4048955],[12.9500273,52.404656]]}},{"type":"Feature","properties":{"name":"Am Wasser","highway":"tertiary"},"geometry":{"type":"LineString","coordinates":[[12.9584029,52.3824016],[12.9578781,52.3822338],[12.9574356,52.3820937],[12.9572841,52.382043]]}},{"type":"Feature","properties":{"name":"Am Grashorn","highway":"residential"},"geometry":{"type":"LineString","coordinates":[[12.9561574,52.3640365],[12.9563229,52.3637854],[12.9564542,52.3635716],[12.9564663,52.3635454],[12.9564761,52.3634611],[12.9565086,52.363366],[12.9565403,52.3633075],[12.9565766,52.3632689],[12.9566376,52.3632216],[12.9566846,52.3631893],[12.9568018,52.3631186],[12.9569537,52.3630457],[12.9570858,52.3629912],[12.9571992,52.3629575],[12.9574821,52.3629131],[12.9576116,52.3629031],[12.9577414,52.3629076],[12.9579233,52.362937],[12.9580538,52.3629686],[12.9582242,52.3630239],[12.9583855,52.3630765],[12.9584841,52.3631153],[12.9586348,52.3631794],[12.9587802,52.363247],[12.9589044,52.3633137],[12.9590322,52.3634038],[12.9591094,52.3634929],[12.9591544,52.3635553],[12.9592426,52.3637161],[12.9592572,52.363748],[12.959271,52.3637783],[12.9593172,52.3638718],[12.9593444,52.3639801],[12.9593479,52.3641183],[12.9593548,52.3642158],[12.9593625,52.3643172]]}},{"type":"Feature","properties":{"name":"Zum Birkengrund","highway":"residential"},"geometry":{"type":"LineString","coordinates":[[12.9533735,52.3878632],[12.9527913,52.3886636],[12.9525626,52.388978],[12.9521343,52.3895668]]}},{"type":"Feature","properties":{"name":"Zum Birkengrund","highway":"residential"},"geometry":{"type":"LineString","coordinates":[[12.9527913,52.3886636],[12.9547468,52.389194],[12.9550395,52.3888086],[12.9553015,52.3884636]]}},{"type":"Feature","properties":{"name":"Am Markt","highway":"residential"},"geometry":{"type":"LineString","coordinates":[[12.952888,52.3866443],[12.9529904,52.3866769]]}},{"type":"Feature","properties":{"name":"Hirschweg","highway":"residential"},"geometry":{"type":"LineString","coordinates":[[12.9565954,52.3860355],[12.9576832,52.3878806],[12.9577309,52.3880884]]}},{"type":"Feature","properties":{"name":"Schulweg","highway":"residential"},"geometry":{"type":"LineString","coordinates":[[12.9577309,52.3880884],[12.9569907,52.389001],[12.9563214,52.3887902],[12.9553015,52.3884636],[12.9533735,52.3878632],[12.9522407,52.3875108]]}},{"type":"Feature","properties":{"name":"Großer Querweg","highway":"residential"},"geometry":{"type":"LineString","coordinates":[[12.9581704,52.3858166],[12.959115,52.3873786]]}},{"type":"Feature","properties":{"name":"An der Kirche","highway":"residential"},"geometry":{"type":"LineString","coordinates":[[12.9577309,52.3880884],[12.9578926,52.3880444],[12.9589771,52.3874524],[12.959115,52.3873786],[12.9603724,52.3867281]]}},{"type":"Feature","properties":{"name":"An der Kirche","highway":"residential"},"geometry":{"type":"LineString","coordinates":[[12.9603724,52.3867281],[12.9597617,52.3856847]]}},{"type":"Feature","properties":{"name":"Kiefernsteig","highway":"residential"},"geometry":{"type":"LineString","coordinates":[[12.9515514,52.3884021],[12.9497588,52.3883767],[12.9479098,52.3884381]]}},{"type":"Feature","properties":{"name":"Fichtenweg","highway":"residential"},"geometry":{"type":"LineString","coordinates":[[12.9508925,52.3893586],[12.9494586,52.3892888],[12.9480542,52.3893277],[12.9465837,52.3893432],[12.9452147,52.3893577]]}},{"type":"Feature","properties":{"name":"Am Teich","highway":"residential"},"geometry":{"type":"LineString","coordinates":[[12.9597617,52.3856847],[12.9590707,52.3846971],[12.9589956,52.3846261],[12.9588991,52.3845739],[12.9587165,52.3845146],[12.9585286,52.3844563],[12.9583396,52.3843738]]}},{"type":"Feature","properties":{"name":"Am Wasserwerk","highway":"residential"},"geometry":{"type":"LineString","coordinates":[[12.9581704,52.3858166],[12.9574281,52.3848458],[12.9576247,52.3845578],[12.9563607,52.3842447]]}},{"type":"Feature","properties":{"name":"Havelpromenade","highway":"residential"},"geometry":{"type":"LineString","coordinates":[[12.9530355,52.3864568],[12.9534605,52.3858751],[12.9551321,52.385217],[12.9553414,52.3851204],[12.9555304,52.3850282],[12.9557027,52.3849236],[12.9560737,52.3845902],[12.9561731,52.3844839],[12.9562173,52.3844312],[12.9563443,52.3842665],[12.9563607,52.3842447],[12.9565622,52.3838813]]}},{"type":"Feature","properties":{"name":"Am Ufer","highway":"residential"},"geometry":{"type":"LineString","coordinates":[[12.9522407,52.3875108],[12.9518838,52.3874719],[12.9508581,52.3874269],[12.9495578,52.3873934],[12.9480258,52.3875351],[12.9477556,52.3875679]]}},{"type":"Feature","properties":{"name":"Am Markt","highway":"residential"},"geometry":{"type":"LineString","coordinates":[[12.9408595,52.3787951],[12.9411588,52.3789834],[12.9413816,52.37905],[12.9415493,52.3791002],[12.9421715,52.3792856]]}},{"type":"Feature","properties":{"name":"Baderstraße","highway":"residential"},"geometry":{"type":"LineString","coordinates":[[12.9421715,52.3792856],[12.9422222,52.379259],[12.9425818,52.3793612],[12.9435984,52.3796501],[12.943855,52.3797234],[12.9438791,52.3797303],[12.9442392,52.3798236]]}},{"type":"Feature","properties":{"name":"Mühlenstraße","highway":"residential"},"geometry":{"type":"LineString","coordinates":[[12.9408595,52.3787951],[12.9411854,52.3784701],[12.9416585,52.3779798]]}},{"type":"Feature","properties":{"name":"Kirchstraße","highway":"residential"},"geometry":{"type":"LineString","coordinates":[[12.9416585,52.3779798],[12.9419017,52.3779121],[12.9423227,52.3777663],[12.9426873,52.3776356],[12.9428766,52.3775703],[12.9429528,52.377544]]}},{"type":"Feature","properties":{"name":"Michaelisstraße","highway":"residential"},"geometry":{"type":"LineString","coordinates":[[12.9416585,52.3779798],[12.9422043,52.3779808],[12.9426476,52.377979],[12.9429026,52.3779458],[12.9430403,52.3779221],[12.9433437,52.3778731],[12.9436562,52.3778358]]}},{"type":"Feature","properties":{"name":"Am Markt","highway":"residential"},"geometry":{"type":"LineString","coordinates":[[12.9408595,52.3787951],[12.940673,52.3789529],[12.9406274,52.3790548],[12.9405336,52.3792645]]}},{"type":"Feature","properties":{"name":"Am Markt","highway":"residential"},"geometry":{"type":"LineString","coordinates":[[12.9405336,52.3792645],[12.941112,52.3794405]]}},{"type":"Feature","properties":{"name":"Bergstraße","highway":"residential"},"geometry":{"type":"LineString","coordinates":[[12.9426476,52.377979],[12.9428851,52.3780089],[12.9434993,52.3780674],[12.9438678,52.3780759],[12.944445,52.3780348]]}},{"type":"Feature","properties":{"name":"Pfarrgartenstraße","highway":"residential"},"geometry":{"type":"LineString","coordinates":[[12.9446557,52.3786538],[12.9439338,52.3784639],[12.9435838,52.3783638],[12.9432475,52.3782533],[12.9428851,52.3780089]]}},{"type":"Feature","properties":{"name":"Am Mühlenberg","highway":"service"},"geometry":{"type":"LineString","coordinates":[[12.9398045,52.3782831],[12.9401124,52.3780603],[12.9409712,52.3777408],[12.9410461,52.3776979]]}},{"type":"Feature","properties":{"name":"Uferstraße","highway":"residential"},"geometry":{"type":"LineString","coordinates":[[12.9394083,52.3792393],[12.939367,52.3793929],[12.9392021,52.3799004],[12.9389787,52.3805878]]}},{"type":"Feature","properties":{"name":"Kirchweg","highway":"residential"},"geometry":{"type":"LineString","coordinates":[[12.9444847,52.3781822],[12.9444905,52.3782035],[12.9445098,52.3783037],[12.9445527,52.3783707]]}},{"type":"Feature","properties":{"name":"Scheunhornweg","highway":"residential"},"geometry":{"type":"LineString","coordinates":[[12.9369024,52.3771844],[12.9369619,52.3771043],[12.9370834,52.3769438],[12.9371558,52.3768481],[12.9371702,52.3768136],[12.9372,52.3767423],[12.9372983,52.3765073],[12.9374441,52.3761588],[12.9374847,52.3760613],[12.9376556,52.3756691]]}},{"type":"Feature","properties":{"name":"Am Gutshof","highway":"residential"},"geometry":{"type":"LineString","coordinates":[[12.9376703,52.3756354],[12.9367151,52.3757472],[12.9356842,52.3758694]]}},{"type":"Feature","properties":{"name":"Bernhard-Kellermann-Straße","highway":"residential"},"geometry":{"type":"LineString","coordinates":[[12.9335386,52.3785452],[12.9341545,52.3784811],[12.9344658,52.3783874],[12.9346428,52.3783109],[12.9348292,52.3781016],[12.9350029,52.3778612],[12.9351721,52.3776272],[12.9354034,52.3773073],[12.9356599,52.3769525],[12.9357223,52.3768662]]}},{"type":"Feature","properties":{"name":"Plantagenplatz","highway":"residential"},"geometry":{"type":"LineString","coordinates":[[12.9313661,52.3769859],[12.9313666,52.3770736],[12.9313785,52.3770989],[12.9313992,52.3771269],[12.9314209,52.3771478],[12.9314477,52.3771675],[12.9315348,52.3772178],[12.9318014,52.3773437],[12.932619,52.3777025]]}},{"type":"Feature","properties":{"name":"Tannenweg","highway":"residential"},"geometry":{"type":"LineString","coordinates":[[12.9501339,52.3903016],[12.9500163,52.3903206],[12.9482365,52.3903115],[12.9451158,52.3904407]]}},{"type":"Feature","properties":{"name":"Hamburger Ring","highway":"residential"},"geometry":{"type":"LineString","coordinates":[[12.9324373,52.3745187],[12.931104,52.3742049],[12.9310525,52.3741928]]}},{"type":"Feature","properties":{"name":"Mainzer Straße","highway":"residential"},"geometry":{"type":"LineString","coordinates":[[12.9310525,52.3741928],[12.9316177,52.3732964]]}},{"type":"Feature","properties":{"name":"Am Wachtelberg","highway":"residential"},"geometry":{"type":"LineString","coordinates":[[12.9285567,52.3715368],[12.9285863,52.3715982],[12.9288267,52.3716944],[12.9291028,52.3718049],[12.9291957,52.371842],[12.9298524,52.3720955]]}},{"type":"Feature","properties":{"name":"Kölner Straße","highway":"residential"},"geometry":{"type":"LineString","coordinates":[[12.9326333,52.3741594],[12.9327308,52.3739024],[12.9327497,52.3738525],[12.9327768,52.3737088],[12.9328493,52.3735503],[12.932872,52.3735162]]}},{"type":"Feature","properties":{"name":"Grüner Weg","highway":"residential"},"geometry":{"type":"LineString","coordinates":[[12.9391632,52.3670773],[12.9377608,52.366783]]}},{"type":"Feature","properties":{"name":"Am Weinberg","highway":"residential"},"geometry":{"type":"LineString","coordinates":[[12.9289221,52.3711128],[12.9290125,52.3710252],[12.9293301,52.3709414],[12.9296186,52.3706792],[12.9296416,52.3706699],[12.9297145,52.3706404],[12.9298292,52.3706506],[12.9302675,52.3708008],[12.9305557,52.3709319],[12.9308038,52.3710937],[12.9308207,52.3711265],[12.9308189,52.3711436]]}},{"type":"Feature","properties":{"name":"Siegburger Straße","highway":"residential"},"geometry":{"type":"LineString","coordinates":[[12.9322158,52.3734075],[12.931858,52.3739486],[12.9318797,52.3739872],[12.9326333,52.3741594]]}},{"type":"Feature","properties":{"name":"Oppenheimer Ring","highway":"residential"},"geometry":{"type":"LineString","coordinates":[[12.9324373,52.3745187],[12.9326659,52.3745732],[12.9331225,52.374682],[12.9335691,52.3747939],[12.933713,52.3748277]]}},{"type":"Feature","properties":{"name":"Quittenweg","highway":"residential"},"geometry":{"type":"LineString","coordinates":[[12.9307935,52.3640382],[12.9315894,52.3633318]]}},{"type":"Feature","properties":{"name":"Knupperweg","highway":"residential"},"geometry":{"type":"LineString","coordinates":[[12.9299727,52.3636881],[12.9289291,52.3646078]]}},{"type":"Feature","properties":{"name":"Am Plötzhorn","highway":"residential"},"geometry":{"type":"LineString","coordinates":[[12.9281938,52.3643159],[12.9292537,52.3633919],[12.9308835,52.3619914],[12.9315794,52.3613846],[12.9320356,52.3609913],[12.9330123,52.3601391],[12.9331493,52.3600182],[12.9339469,52.3593296],[12.934006,52.3593055],[12.9340728,52.3592907],[12.9342396,52.3592626]]}},{"type":"Feature","properties":{"name":"An der Chaussee","highway":"residential"},"geometry":{"type":"LineString","coordinates":[[12.9322803,52.3661029],[12.9322611,52.3660624],[12.9322387,52.3660393],[12.9319764,52.3659258],[12.9319124,52.3658981],[12.9307935,52.3654142],[12.9289291,52.3646078],[12.9287443,52.3645288]]}},{"type":"Feature","properties":{"name":"Puschkinstraße","highway":"residential"},"geometry":{"type":"LineString","coordinates":[[12.924752,52.3694143],[12.9247229,52.369372],[12.9247063,52.3693478],[12.9245554,52.3691976],[12.9234134,52.3685329]]}},{"type":"Feature","properties":{"name":"Am Strengfeld","highway":"residential"},"geometry":{"type":"LineString","coordinates":[[12.9376853,52.361897],[12.9377844,52.3618505],[12.9378924,52.3618559],[12.9382423,52.3619876],[12.9384601,52.3620695],[12.9386621,52.3621455],[12.939209,52.3623832]]}},{"type":"Feature","properties":{"name":"Am Mühlenberg","highway":"service"},"geometry":{"type":"LineString","coordinates":[[12.9416585,52.3779798],[12.9418856,52.3777534],[12.9420567,52.3776137],[12.9422666,52.3774609],[12.94237,52.3773459],[12.9423841,52.377295]]}},{"type":"Feature","properties":{"name":"Mühlenstraße","highway":"service"},"geometry":{"type":"LineString","coordinates":[[12.9416585,52.3779798],[12.9410461,52.3776979]]}},{"type":"Feature","properties":{"name":"Am Mühlenberg","highway":"service"},"geometry":{"type":"LineString","coordinates":[[12.941386,52.3773908],[12.9420567,52.3776137]]}},{"type":"Feature","properties":{"name":"Am Mühlenberg","highway":"service"},"geometry":{"type":"LineString","coordinates":[[12.9416833,52.3770647],[12.9423841,52.377295]]}},{"type":"Feature","properties":{"name":"Am Mühlenberg","highway":"service"},"geometry":{"type":"LineString","coordinates":[[12.9431051,52.3774738],[12.943045,52.3773119],[12.943065,52.3771469],[12.9431101,52.3769483],[12.9432852,52.3764992],[12.9433779,52.3763415],[12.9434902,52.3761506]]}},{"type":"Feature","properties":{"name":"Fischerstraße","highway":"service"},"geometry":{"type":"LineString","coordinates":[[12.9442651,52.3797599],[12.945011,52.3798548]]}},{"type":"Feature","properties":{"name":"Schützengasse","highway":"service"},"geometry":{"type":"LineString","coordinates":[[12.9405336,52.3792645],[12.9403713,52.3794104]]}},{"type":"Feature","properties":{"name":"Brandenburger Straße","highway":"tertiary"},"geometry":{"type":"LineString","coordinates":[[12.9341083,52.376464],[12.9340456,52.3764423],[12.9338912,52.3763909],[12.9333538,52.3762499]]}},{"type":"Feature","properties":{"name":"Gartenstraße","highway":"residential"},"geometry":{"type":"LineString","coordinates":[[12.9307722,52.3877889],[12.9292104,52.3874396],[12.9284258,52.3872505],[12.9280769,52.387148],[12.9279839,52.3871203]]}},{"type":"Feature","properties":{"name":"Kesselgrundstraße","highway":"residential"},"geometry":{"type":"LineString","coordinates":[[12.9248075,52.3926612],[12.9245397,52.3926854],[12.9232845,52.3926012],[12.9228211,52.3925748],[12.9227187,52.3925695]]}},{"type":"Feature","properties":{"name":"Gluckstraße","highway":"residential"},"geometry":{"type":"LineString","coordinates":[[12.9247603,52.381139],[12.924689,52.3812148],[12.9241704,52.3817661],[12.9241643,52.3817733],[12.923645,52.3823198],[12.9235925,52.3823782]]}},{"type":"Feature","properties":{"name":"Marienstraße","highway":"residential"},"geometry":{"type":"LineString","coordinates":[[12.9185583,52.3838636],[12.9211008,52.3846361],[12.921913,52.3848829],[12.9227602,52.3851315],[12.9230229,52.3852085],[12.9235825,52.3853727],[12.923728,52.3854418]]}},{"type":"Feature","properties":{"name":"Carmenstraße","highway":"residential"},"geometry":{"type":"LineString","coordinates":[[12.9175354,52.3848601],[12.9193588,52.3854263],[12.91939,52.3854436],[12.9194827,52.385495],[12.9197463,52.386071],[12.9198188,52.3861886],[12.9199036,52.3862864],[12.9200266,52.3863734],[12.920168,52.3864466],[12.9202911,52.3864968],[12.9215186,52.3868572]]}},{"type":"Feature","properties":{"name":"Herthastraße","highway":"residential"},"geometry":{"type":"LineString","coordinates":[[12.921913,52.3848829],[12.920168,52.3864466]]}},{"type":"Feature","properties":{"name":"Bachstraße","highway":"residential"},"geometry":{"type":"LineString","coordinates":[[12.9231832,52.380598],[12.923123,52.3806635],[12.9227059,52.3811172],[12.9224472,52.3813987],[12.9219167,52.3819191]]}},{"type":"Feature","properties":{"name":"Schubertstraße","highway":"residential"},"geometry":{"type":"LineString","coordinates":[[12.9288506,52.3799074],[12.9286924,52.3798616],[12.9278233,52.379557],[12.9276111,52.3797801],[12.9270876,52.3802254],[12.9268518,52.3803521],[12.9265647,52.3805063],[12.9264438,52.3805712],[12.9259705,52.3808905],[12.9257915,52.3810113],[12.9254924,52.3812835],[12.925398,52.3813695],[12.9253274,52.3814415],[12.9251306,52.3816421],[12.9250028,52.3817724],[12.9246267,52.3821582],[12.9245488,52.3822393],[12.9241968,52.3825939]]}},{"type":"Feature","properties":{"name":"Schubertstraße","highway":"residential"},"geometry":{"type":"LineString","coordinates":[[12.9230676,52.3821909],[12.9231275,52.3822123],[12.9233609,52.3822956],[12.9235925,52.3823782],[12.9238208,52.3824597],[12.9240589,52.3825447],[12.9241968,52.3825939]]}},{"type":"Feature","properties":{"name":"Schubertstraße","highway":"residential"},"geometry":{"type":"LineString","coordinates":[[12.9264438,52.3805712],[12.9263732,52.3805462],[12.9260024,52.3804146],[12.9251274,52.3801021],[12.9248731,52.3800113]]}},{"type":"Feature","properties":{"name":"Kemnitzer Chaussee","highway":"tertiary"},"geometry":{"type":"LineString","coordinates":[[12.9200661,52.3821453],[12.9198136,52.3824385],[12.9195245,52.3827742],[12.9192726,52.3830667],[12.9185583,52.3838636],[12.9181914,52.3842211],[12.9179285,52.3844772],[12.9178763,52.384528],[12.9175354,52.3848601]]}},{"type":"Feature","properties":{"name":"Elsebruchweg","highway":"residential"},"geometry":{"type":"LineString","coordinates":[[12.9256153,52.3777758],[12.9254002,52.3777597],[12.9252565,52.3777839],[12.9250808,52.3777954],[12.9249255,52.3777982],[12.9247622,52.3777879],[12.9245268,52.3777138],[12.9239639,52.3775186],[12.9234121,52.3773666],[12.9228931,52.3771943],[12.9228481,52.3771806],[12.9224787,52.3770095],[12.92214,52.3768371],[12.9217411,52.3766347],[12.9214255,52.3764928],[12.9208843,52.3762267],[12.9206543,52.3761099],[12.9203958,52.3759127],[12.9201521,52.3757135],[12.9201259,52.3756839],[12.9201119,52.3756491],[12.9201089,52.3756153],[12.9201162,52.3755816],[12.920361,52.3750532],[12.9204893,52.3747407],[12.9205967,52.374435],[12.9207494,52.3740504],[12.9208485,52.3738323],[12.9208981,52.3737331],[12.9209511,52.3736405],[12.9210042,52.3735643],[12.9216002,52.372785],[12.9216449,52.3727268]]}},{"type":"Feature","properties":{"name":"Eichenweg","highway":"living_street"},"geometry":{"type":"LineString","coordinates":[[12.9244824,52.3783709],[12.9243612,52.3782569],[12.9242878,52.3782137],[12.923618,52.3779126],[12.9225711,52.3774419],[12.9221344,52.3773185],[12.9217507,52.3771614],[12.9221164,52.3768548]]}},{"type":"Feature","properties":{"name":"Berliner Straße","highway":"primary"},"geometry":{"type":"LineString","coordinates":[[12.94098,52.3640537],[12.9412393,52.3639553],[12.9418651,52.3637286],[12.9421735,52.363627]]}},{"type":"Feature","properties":{"name":"Erdebergweg","highway":"residential"},"geometry":{"type":"LineString","coordinates":[[12.9171721,52.3805416],[12.9169282,52.3808341],[12.9166725,52.3811183],[12.9178638,52.3814788],[12.9200661,52.3821453]]}},{"type":"Feature","properties":{"name":"Am Finkenberg","highway":"residential"},"geometry":{"type":"LineString","coordinates":[[12.915763,52.3867887],[12.9138398,52.3862705],[12.9124438,52.3858943],[12.9116424,52.3856944],[12.9110506,52.3855276],[12.9104269,52.3853745],[12.9101245,52.3852906],[12.909578,52.3851314],[12.90875,52.3849134],[12.9086422,52.3848935]]}},{"type":"Feature","properties":{"name":"Schwalbenbergweg","highway":"residential"},"geometry":{"type":"LineString","coordinates":[[12.9156889,52.3821093],[12.9133073,52.3848672],[12.91268,52.3856105],[12.9124438,52.3858943],[12.9123358,52.3860212],[12.9121602,52.3861547],[12.9111244,52.387392],[12.9107453,52.387836],[12.9107335,52.3878695],[12.9102376,52.3881871],[12.9095944,52.3885991],[12.9094412,52.3886959],[12.9093846,52.3887335],[12.9090344,52.3889586],[12.9088715,52.3890633],[12.9077294,52.3897975]]}},{"type":"Feature","properties":{"name":"Brünhildestraße","highway":"residential"},"geometry":{"type":"LineString","coordinates":[[12.9122299,52.3910201],[12.9121223,52.3911084],[12.9103374,52.3916504],[12.9064945,52.3927889]]}},{"type":"Feature","properties":{"name":"Hans-Sachs-Straße","highway":"residential"},"geometry":{"type":"LineString","coordinates":[[12.9050821,52.3914232],[12.9059589,52.3922711],[12.9060528,52.3923637],[12.9063013,52.392603],[12.9064945,52.3927889]]}},{"type":"Feature","properties":{"name":"Isoldestraße","highway":"residential"},"geometry":{"type":"LineString","coordinates":[[12.9091815,52.3901994],[12.909499,52.3905979],[12.9097465,52.3909086],[12.9098107,52.3909892],[12.9103374,52.3916504]]}},{"type":"Feature","properties":{"name":"Birkengrundweg","highway":"service"},"geometry":{"type":"LineString","coordinates":[[12.9082474,52.394208],[12.9086941,52.3940092],[12.9092534,52.3938455],[12.9094492,52.3938398],[12.9096043,52.3938529],[12.9098196,52.3938804],[12.9109268,52.3939223],[12.912181,52.3941698],[12.9124959,52.3942104],[12.9129424,52.3941358],[12.9134245,52.394048],[12.9165125,52.3933118],[12.91654,52.3932955]]}},{"type":"Feature","properties":{"name":"Siegfriedstraße","highway":"residential"},"geometry":{"type":"LineString","coordinates":[[12.9024846,52.3922011],[12.9029126,52.3927405],[12.9029726,52.3928161],[12.9036371,52.3936534],[12.9039145,52.3940062],[12.9042665,52.394451],[12.9047816,52.3950714],[12.9050475,52.3953934]]}},{"type":"Feature","properties":{"name":"Zernowweg","highway":"residential"},"geometry":{"type":"LineString","coordinates":[[12.9026927,52.3964436],[12.906742,52.3959418],[12.9087677,52.3957025]]}},{"type":"Feature","properties":{"name":"Nelkenstraße","highway":"residential"},"geometry":{"type":"LineString","coordinates":[[12.8979627,52.394027],[12.8983595,52.394509],[12.8986677,52.3948833],[12.8997606,52.3962106],[12.9003449,52.3969202]]}},{"type":"Feature","properties":{"name":"Glindower Dorfstraße","highway":"residential"},"geometry":{"type":"LineString","coordinates":[[12.9025863,52.3665681],[12.903,52.3665041],[12.9031983,52.3664744],[12.9033896,52.3664294],[12.9061757,52.365612]]}},{"type":"Feature","properties":{"name":"Glindower Gartenstraße","highway":"unclassified"},"geometry":{"type":"LineString","coordinates":[[12.8808774,52.3645818],[12.8812261,52.3642859],[12.8814715,52.3641152],[12.8816115,52.3640379],[12.8822665,52.3637063],[12.882669,52.3634966],[12.8857387,52.3645808],[12.8858486,52.3646062]]}},{"type":"Feature","properties":{"name":"Steinstraße","highway":"residential"},"geometry":{"type":"LineString","coordinates":[[12.8988369,52.3619909],[12.9008979,52.3636937]]}},{"type":"Feature","properties":{"name":"Am Schützenpark","highway":"residential"},"geometry":{"type":"LineString","coordinates":[[12.8977855,52.3639669],[12.8979518,52.3638877],[12.8984877,52.3636495],[12.8990006,52.3640844],[12.8995209,52.3645167],[12.9000332,52.3649485],[12.900552,52.3653808],[12.9009808,52.3657499],[12.9014127,52.3661216],[12.9016589,52.3663228],[12.9016802,52.3663581],[12.9016815,52.3663974],[12.9016644,52.3664885]]}},{"type":"Feature","properties":{"name":"Am Schützenpark","highway":"residential"},"geometry":{"type":"LineString","coordinates":[[12.9002652,52.3663916],[12.9002693,52.3662513],[12.9002552,52.3662005],[12.900225,52.3661526],[12.8997387,52.3657432],[12.8992215,52.3653097],[12.8987083,52.3648772],[12.8981971,52.3644416],[12.8976872,52.3640136],[12.8975885,52.3639636],[12.8969724,52.3634416],[12.8962863,52.3628651]]}},{"type":"Feature","properties":{"name":"Kreuzdornweg","highway":"residential"},"geometry":{"type":"LineString","coordinates":[[12.8997387,52.3657432],[12.900552,52.3653808]]}},{"type":"Feature","properties":{"name":"Holunderweg","highway":"residential"},"geometry":{"type":"LineString","coordinates":[[12.8992215,52.3653097],[12.9000332,52.3649485]]}},{"type":"Feature","properties":{"name":"Schlehenweg","highway":"residential"},"geometry":{"type":"LineString","coordinates":[[12.8987083,52.3648772],[12.8995209,52.3645167]]}},{"type":"Feature","properties":{"name":"Weißdornweg","highway":"residential"},"geometry":{"type":"LineString","coordinates":[[12.8981971,52.3644416],[12.8990006,52.3640844]]}},{"type":"Feature","properties":{"name":"Alte Straße","highway":"residential"},"geometry":{"type":"LineString","coordinates":[[12.9077344,52.3654779],[12.9081471,52.3660627],[12.9082314,52.3662332],[12.9083282,52.366429],[12.9084512,52.3670151],[12.9084465,52.3670932],[12.9084902,52.3671489],[12.9100592,52.3684674],[12.9103614,52.36865],[12.9106543,52.3688173],[12.9108252,52.36883]]}},{"type":"Feature","properties":{"name":"Wiesensteig","highway":"unclassified"},"geometry":{"type":"LineString","coordinates":[[12.9046118,52.3698878],[12.9046959,52.3698447],[12.905101,52.3696363],[12.9053585,52.3695315],[12.9054701,52.3695053],[12.905841,52.3693129],[12.9061112,52.369105],[12.9065698,52.3688066],[12.9067576,52.3686444],[12.9073182,52.3680794],[12.9076873,52.3677536],[12.9084902,52.3671489]]}},{"type":"Feature","properties":{"name":"Jahnufer","highway":"residential"},"geometry":{"type":"LineString","coordinates":[[12.9127201,52.364305],[12.9125964,52.3644651],[12.9127204,52.3648504],[12.9128048,52.3651826],[12.9128274,52.3652574],[12.9129181,52.365557],[12.9129259,52.3655827],[12.9129703,52.3657295]]}},{"type":"Feature","properties":{"name":"Kietz","highway":"living_street"},"geometry":{"type":"LineString","coordinates":[[12.9129703,52.3657295],[12.9128055,52.3657769],[12.9124652,52.3658749],[12.9123966,52.3658734],[12.9123353,52.3658547],[12.9122604,52.3657336],[12.9121357,52.3656279],[12.9117189,52.3655309],[12.9115822,52.3655024],[12.9115125,52.3654794],[12.9114534,52.365445],[12.9112615,52.365284],[12.911095,52.3652425]]}},{"type":"Feature","properties":{"name":"Schwarzer Weg","highway":"residential"},"geometry":{"type":"LineString","coordinates":[[12.9089817,52.3625706],[12.9101587,52.362552],[12.9126966,52.3626039],[12.9130254,52.3626291]]}},{"type":"Feature","properties":{"name":"Glindower Seestraße","highway":"residential"},"geometry":{"type":"LineString","coordinates":[[12.9157123,52.3564597],[12.9164739,52.3573391],[12.9168852,52.3577886],[12.9174606,52.3584201],[12.9173907,52.3586679],[12.9178358,52.3591982]]}},{"type":"Feature","properties":{"name":"Deiche","highway":"unclassified"},"geometry":{"type":"LineString","coordinates":[[12.9060501,52.3574212],[12.9061847,52.3573578],[12.9064863,52.3571082],[12.9068472,52.3571497],[12.9070195,52.3571109],[12.9072985,52.3567325],[12.9074255,52.3566393],[12.907601,52.3566022],[12.9083954,52.3564327]]}},{"type":"Feature","properties":{"name":"Zum Lindentor","highway":"unclassified"},"geometry":{"type":"LineString","coordinates":[[12.9152986,52.3417269],[12.9173312,52.3417937],[12.9218174,52.3414746],[12.9242376,52.3412888],[12.9278514,52.3410152]]}},{"type":"Feature","properties":{"name":"Elsastraße","highway":"residential"},"geometry":{"type":"LineString","coordinates":[[12.9246512,52.3951152],[12.9246907,52.3952086],[12.9246796,52.3953052],[12.9246551,52.3954045],[12.9245904,52.3955312],[12.9245514,52.3955893],[12.9242719,52.3960051],[12.9241796,52.39615]]}},{"type":"Feature","properties":{"name":"Heinrich-Heine-Straße","highway":"residential"},"geometry":{"type":"LineString","coordinates":[[12.9005715,52.3535268],[12.9007234,52.3528122]]}},{"type":"Feature","properties":{"name":"Kammeroder Weg","highway":"unclassified"},"geometry":{"type":"LineString","coordinates":[[12.833122,52.3641822],[12.8331992,52.3641377]]}},{"type":"Feature","properties":{"name":"Am Zernsee","highway":"residential"},"geometry":{"type":"LineString","coordinates":[[12.9246512,52.3951152],[12.9248734,52.3950923],[12.9257924,52.394685],[12.9261509,52.3945226],[12.9266558,52.3941208],[12.9270998,52.3936896]]}},{"type":"Feature","properties":{"name":"Am Zernsee","highway":"residential"},"geometry":{"type":"LineString","coordinates":[[12.9294264,52.3946992],[12.9266558,52.3941208]]}},{"type":"Feature","properties":{"name":"Am Zernsee","highway":"residential"},"geometry":{"type":"LineString","coordinates":[[12.9252868,52.3933321],[12.9253161,52.3933851],[12.9254377,52.3934045],[12.9257372,52.3934523],[12.9258438,52.3934688],[12.9260978,52.3935082],[12.9261905,52.3935226],[12.9270998,52.3936896]]}},{"type":"Feature","properties":{"name":"Adolf-Damaschke-Straße","highway":"service"},"geometry":{"type":"LineString","coordinates":[[12.926659,52.3923634],[12.9267199,52.3925127],[12.9266971,52.3925492],[12.9266592,52.3925739],[12.9263431,52.3926277]]}},{"type":"Feature","properties":{"name":"Brandenburger Straße","highway":"residential"},"geometry":{"type":"LineString","coordinates":[[12.9242695,52.3757832],[12.9234617,52.3765751],[12.9228481,52.3771806]]}},{"type":"Feature","properties":{"name":"Rotkehlchenweg","highway":"residential"},"geometry":{"type":"LineString","coordinates":[[12.921988,52.3802057],[12.921275,52.3799837],[12.920645,52.3797876]]}},{"type":"Feature","properties":{"name":"Spatzenweg","highway":"residential"},"geometry":{"type":"LineString","coordinates":[[12.9203,52.3797362],[12.9201637,52.3797545],[12.9200166,52.3797818]]}},{"type":"Feature","properties":{"name":"Rotkehlchenweg","highway":"residential"},"geometry":{"type":"LineString","coordinates":[[12.9203707,52.3796502],[12.9202478,52.3794121]]}},{"type":"Feature","properties":{"name":"Am Waldrand","highway":"living_street"},"geometry":{"type":"LineString","coordinates":[[12.921373,52.3780576],[12.9215241,52.3781115],[12.9216054,52.3781802],[12.921655,52.37824],[12.921664,52.3782896],[12.921655,52.3783677],[12.9216054,52.378451],[12.921545,52.3785314],[12.9214582,52.3786194],[12.9212568,52.3787602],[12.9211109,52.3788316],[12.9209442,52.378908],[12.9207687,52.378971],[12.9205289,52.3790386],[12.9201081,52.3791251],[12.9198058,52.3791602],[12.9190878,52.3792891],[12.9188763,52.3793425],[12.9186791,52.3793902],[12.918505,52.3794795],[12.9184019,52.3795786],[12.9183532,52.3796719],[12.918341,52.3797659],[12.9183689,52.379871],[12.9186168,52.3801564],[12.9188426,52.3804183],[12.9190392,52.3806428],[12.9192327,52.3808657],[12.9192411,52.3808753],[12.9194351,52.3810986]]}},{"type":"Feature","properties":{"name":"Starenweg","highway":"living_street"},"geometry":{"type":"LineString","coordinates":[[12.9200142,52.3802758],[12.9199493,52.3803711],[12.9190392,52.3806428],[12.9186608,52.3807704],[12.9185179,52.3808554]]}},{"type":"Feature","properties":{"name":"Amselweg","highway":"living_street"},"geometry":{"type":"LineString","coordinates":[[12.9189461,52.3812572],[12.9191573,52.3811887],[12.9194351,52.3810986],[12.919833,52.3809696],[12.9202523,52.3808337],[12.920444,52.3808231],[12.920633,52.3808559],[12.9207248,52.3808745],[12.9211906,52.3810098]]}},{"type":"Feature","properties":{"name":"Eichenweg","highway":"residential"},"geometry":{"type":"LineString","coordinates":[[12.9225711,52.3774419],[12.9228443,52.37725]]}},{"type":"Feature","properties":{"name":"Amselweg","highway":"residential"},"geometry":{"type":"LineString","coordinates":[[12.9577309,52.3880884],[12.958674,52.3883603],[12.9600375,52.3887672]]}},{"type":"Feature","properties":{"name":"Am Magna Park","highway":"residential"},"geometry":{"type":"LineString","coordinates":[[12.8434347,52.3904473],[12.8439224,52.3911245]]}},{"type":"Feature","properties":{"name":"Am Magna Park","highway":"residential"},"geometry":{"type":"LineString","coordinates":[[12.8444251,52.3918085],[12.844475,52.3918755],[12.8447034,52.3921824],[12.8456054,52.3933943],[12.845635,52.3934442],[12.8456425,52.3934568],[12.8456665,52.3935217],[12.8456772,52.3935879],[12.8456744,52.3936544],[12.8456581,52.3937201],[12.8456371,52.3937689],[12.8456286,52.3937842],[12.8454002,52.3941492]]}},{"type":"Feature","properties":{"name":"Am Magna Park","highway":"residential"},"geometry":{"type":"LineString","coordinates":[[12.8441528,52.3917463],[12.8434099,52.3920304],[12.8427569,52.3922802],[12.8427024,52.392301],[12.8425398,52.3923728],[12.8424997,52.3923995],[12.8424685,52.3924267],[12.8424561,52.3924413],[12.8424372,52.3924724],[12.8424258,52.3925124],[12.8424278,52.3925531],[12.8424428,52.3925929],[12.8425773,52.3927852],[12.8430812,52.3934173],[12.8431415,52.393493],[12.8432063,52.3935528],[12.8432833,52.393607],[12.8433711,52.3936545],[12.8434669,52.3936941],[12.8435711,52.3937243],[12.844296,52.3938927],[12.8447974,52.3940092],[12.8453555,52.3941388],[12.8454002,52.3941492]]}},{"type":"Feature","properties":{"name":"Dr.-Külz-Straße","highway":"secondary"},"geometry":{"type":"LineString","coordinates":[[12.9097189,52.3646608],[12.9097441,52.3645137],[12.9097463,52.3644603],[12.9097528,52.3643056],[12.9097306,52.3641117],[12.9096773,52.3639852],[12.9094216,52.3635462],[12.9089817,52.3625706],[12.9089527,52.3622793],[12.9090899,52.3617048],[12.9091339,52.3614749],[12.9091948,52.361157],[12.9092442,52.3608986],[12.9092732,52.3607447],[12.909455,52.3597818],[12.9095171,52.3594529],[12.9095214,52.3592713],[12.9094793,52.3590732],[12.9091618,52.3585284],[12.9090548,52.3583305],[12.9090317,52.358262]]}},{"type":"Feature","properties":{"name":"Schelmsteig","highway":"residential"},"geometry":{"type":"LineString","coordinates":[[12.8577078,52.3399358],[12.8606219,52.3401861],[12.8623406,52.3403261],[12.8665321,52.3406797],[12.8672641,52.3408098]]}},{"type":"Feature","properties":{"name":"Lange Straße","highway":"residential"},"geometry":{"type":"LineString","coordinates":[[12.8672641,52.3408098],[12.8673043,52.340721],[12.8674697,52.3401139],[12.8675141,52.3398099],[12.8676252,52.3393276]]}},{"type":"Feature","properties":{"name":"Glindower Straße","highway":"residential"},"geometry":{"type":"LineString","coordinates":[[12.8571492,52.3394945],[12.8577078,52.3399358],[12.8581254,52.3402618],[12.8592665,52.3411333]]}},{"type":"Feature","properties":{"name":"Bliesendorfer Dorfstraße","highway":"residential"},"geometry":{"type":"LineString","coordinates":[[12.8579962,52.3393137],[12.8571492,52.3394945],[12.8565019,52.3394979],[12.8559057,52.3394742],[12.8551956,52.3394421],[12.8542372,52.3394336],[12.8540543,52.339432],[12.8535437,52.339426],[12.8533429,52.3394236],[12.8532489,52.3394186],[12.8524804,52.3393773],[12.8524388,52.3393751],[12.8517053,52.3392923],[12.8512996,52.3392264],[12.8509925,52.3391406],[12.8507834,52.3390212],[12.8505944,52.3388566],[12.8503756,52.3385135],[12.8501897,52.3383082]]}},{"type":"Feature","properties":{"name":"Busendorfer Straße","highway":"residential"},"geometry":{"type":"LineString","coordinates":[[12.8496717,52.3373023],[12.8495611,52.3370963],[12.8495067,52.3369394],[12.8494954,52.3367315],[12.8495433,52.3365062],[12.8497022,52.3361303],[12.8498561,52.3357971],[12.8507374,52.3343273],[12.850828,52.334158],[12.8514448,52.3331316]]}},{"type":"Feature","properties":{"name":"Emstaler Straße","highway":"residential"},"geometry":{"type":"LineString","coordinates":[[12.8461508,52.3363293],[12.8469862,52.336811],[12.8471057,52.3368713],[12.8471601,52.3368985]]}},{"type":"Feature","properties":{"name":"Bliesendorfer Dorfstraße","highway":"residential"},"geometry":{"type":"LineString","coordinates":[[12.8492216,52.3376178],[12.8495267,52.3374061]]}},{"type":"Feature","properties":{"name":"Plötziner Weg","highway":"residential"},"geometry":{"type":"LineString","coordinates":[[12.8505944,52.3388566],[12.8502821,52.338957],[12.8502072,52.3390411],[12.849968,52.3394719],[12.8499205,52.3395343],[12.8494647,52.3399534],[12.8488295,52.3405985],[12.8479242,52.3415161],[12.8474733,52.3419633],[12.846968,52.3423415]]}},{"type":"Feature","properties":{"name":"Plötziner Straße","highway":"residential"},"geometry":{"type":"LineString","coordinates":[[12.8501942,52.3402733],[12.8499205,52.3395343]]}},{"type":"Feature","properties":{"name":"Emstaler Straße","highway":"residential"},"geometry":{"type":"LineString","coordinates":[[12.8461508,52.3363293],[12.8436754,52.3349179],[12.8422043,52.3339622],[12.8410509,52.333313],[12.8405586,52.3330359],[12.8404249,52.3329607],[12.8403848,52.3329381]]}},{"type":"Feature","properties":{"name":"Busendorfer Straße","highway":"residential"},"geometry":{"type":"LineString","coordinates":[[12.8508208,52.3371268],[12.8496717,52.3373023]]}},{"type":"Feature","properties":{"name":"Busendorfer Straße","highway":"unclassified"},"geometry":{"type":"LineString","coordinates":[[12.8511899,52.3379502],[12.8508122,52.3379449],[12.850084,52.338019]]}},{"type":"Feature","properties":{"name":"Poststraße","highway":"tertiary"},"geometry":{"type":"LineString","coordinates":[[12.8732107,52.3396108],[12.8747164,52.3396873],[12.8757833,52.3397407],[12.8764315,52.3397731],[12.8765391,52.3397785],[12.8786382,52.3398835],[12.8788835,52.3398958],[12.88035,52.3399699],[12.8813384,52.3400189],[12.8822432,52.3400742]]}},{"type":"Feature","properties":{"name":"Glindower Gartenstraße","highway":"residential"},"geometry":{"type":"LineString","coordinates":[[12.8960969,52.3708539],[12.8961298,52.3708978],[12.896709,52.3712679],[12.8967818,52.3713321],[12.8968486,52.3713982]]}},{"type":"Feature","properties":{"name":"Glindower Gartenstraße","highway":"residential"},"geometry":{"type":"LineString","coordinates":[[12.8960688,52.370815],[12.8952621,52.3702996],[12.8939487,52.3694501],[12.8918421,52.3681121]]}},{"type":"Feature","properties":{"name":"Hoffmannstraße","highway":"residential"},"geometry":{"type":"LineString","coordinates":[[12.8984296,52.3693258],[12.9000563,52.3703814],[12.9001222,52.3704502]]}},{"type":"Feature","properties":{"name":"Mittelweg","highway":"residential"},"geometry":{"type":"LineString","coordinates":[[12.9024756,52.3665765],[12.9023172,52.3666095],[12.9008393,52.3667905],[12.9001993,52.3668543],[12.8994647,52.3669182],[12.8988749,52.3669603],[12.8983726,52.3669866],[12.8970887,52.3670714],[12.8957654,52.3671726],[12.8950874,52.3672669],[12.8939835,52.3674175],[12.892933,52.3675761],[12.8918421,52.3681121]]}},{"type":"Feature","properties":{"name":"Mittelweg","highway":"residential"},"geometry":{"type":"LineString","coordinates":[[12.8918421,52.3681121],[12.8905383,52.3686662],[12.8897744,52.3689911],[12.8891839,52.3692504],[12.8888177,52.3694441],[12.8885105,52.3695964],[12.8870412,52.3704245],[12.8866923,52.3706124],[12.8859967,52.3709642],[12.8856964,52.3711051]]}},{"type":"Feature","properties":{"name":"An der Eiche","highway":"unclassified"},"geometry":{"type":"LineString","coordinates":[[12.8987481,52.3415019],[12.9001427,52.3415678]]}},{"type":"Feature","properties":{"name":"Lange Straße","highway":"service"},"geometry":{"type":"LineString","coordinates":[[12.8672641,52.3408098],[12.8671899,52.341005],[12.8671664,52.3412107],[12.8671228,52.3414926],[12.8669891,52.3421204],[12.8663923,52.3445081],[12.8663916,52.3445109],[12.8661261,52.3456493],[12.8660341,52.3459834],[12.8659519,52.3463848],[12.8659135,52.3465766],[12.8658708,52.3469561],[12.8658629,52.3471227],[12.865863,52.3480075],[12.8658873,52.3505788]]}},{"type":"Feature","properties":{"name":"Lange Straße","highway":"service"},"geometry":{"type":"LineString","coordinates":[[12.8658873,52.3505788],[12.8658613,52.351194],[12.8658695,52.3517964],[12.8659665,52.3527675],[12.8659837,52.3529132],[12.8660345,52.353503],[12.8660881,52.3539686],[12.8661332,52.3541801],[12.8662613,52.3545261],[12.8663308,52.354803],[12.8665238,52.3566616],[12.8665668,52.357243],[12.866571,52.3572749],[12.8665826,52.3573633],[12.8665911,52.3574277],[12.866711,52.3584114],[12.8667971,52.359041],[12.8668802,52.3596876],[12.8670221,52.3605819],[12.8672121,52.361734]]}},{"type":"Feature","properties":{"name":"Glindower Weg","highway":"unclassified"},"geometry":{"type":"LineString","coordinates":[[12.8807262,52.3609784],[12.8805476,52.3609872],[12.8791119,52.3610577],[12.8775053,52.3611415],[12.8722418,52.3614614],[12.8672121,52.361734]]}},{"type":"Feature","properties":{"name":"Jahnufer","highway":"residential"},"geometry":{"type":"LineString","coordinates":[[12.9181345,52.3589038],[12.9180425,52.3590519],[12.9178358,52.3591982],[12.9172005,52.3597516],[12.9164666,52.3604776],[12.9164722,52.3605635],[12.9164707,52.3605992],[12.9160192,52.3611934],[12.9159591,52.3612942]]}},{"type":"Feature","properties":{"name":"Weidenweg","highway":"residential"},"geometry":{"type":"LineString","coordinates":[[12.9141127,52.3567789],[12.9147152,52.3573772],[12.9148605,52.3576398],[12.9149121,52.3578962],[12.9149453,52.358181],[12.9148944,52.3583654],[12.9146133,52.3586186],[12.9143952,52.3588074],[12.9141112,52.3590828],[12.9140328,52.3591822],[12.9138377,52.3594985],[12.9136806,52.3598701],[12.91359,52.3601686],[12.9135744,52.3602619],[12.9135737,52.3603529],[12.9135898,52.3604301],[12.9136315,52.36093],[12.9136619,52.3612365],[12.9136855,52.3619672]]}},{"type":"Feature","properties":{"name":"Jahnufer","highway":"residential"},"geometry":{"type":"LineString","coordinates":[[12.9181345,52.3589038],[12.9181478,52.3587442],[12.9182549,52.3585698],[12.918359,52.3584712],[12.9185347,52.3583212],[12.9188685,52.3580258],[12.9189206,52.3579931],[12.9192245,52.3578022],[12.9194512,52.3577045],[12.9194573,52.3577019],[12.9195164,52.3576764],[12.9197824,52.3576083],[12.9200228,52.3575558],[12.920203,52.3575401],[12.9204262,52.3575768],[12.9206322,52.3576292],[12.9208296,52.3576659],[12.9210098,52.3576397],[12.9211815,52.3575716],[12.9212419,52.3575324],[12.9213188,52.3574825],[12.9214304,52.3573462],[12.9218051,52.3568551],[12.9219407,52.3566773],[12.922297,52.3562104]]}},{"type":"Feature","properties":{"name":"Goethestraße","highway":"residential"},"geometry":{"type":"LineString","coordinates":[[12.8828841,52.3483413],[12.8806078,52.3481435],[12.8787801,52.3479847],[12.8773742,52.3478694],[12.8729446,52.3474901]]}},{"type":"Feature","properties":{"name":"Lange Straße","highway":"unclassified"},"geometry":{"type":"LineString","coordinates":[[12.8673151,52.3627194],[12.8674817,52.3637219],[12.867559,52.3641866],[12.8675812,52.3652206],[12.8677653,52.3663259],[12.8678275,52.3667804],[12.8680379,52.3679209],[12.8680711,52.3681243],[12.8683487,52.3704116],[12.8684859,52.3715229],[12.868518,52.3717384],[12.8685291,52.3717968],[12.868914,52.3734594],[12.8691439,52.3745482],[12.8692563,52.3750451],[12.8693031,52.3752699],[12.8693328,52.3754421],[12.8693449,52.3755441],[12.8693812,52.375922],[12.8693959,52.375979],[12.8694186,52.3760349],[12.869449,52.3760895],[12.869487,52.3761422],[12.8703221,52.3770825],[12.8719563,52.3788738],[12.8721289,52.3790955],[12.8722254,52.3792252],[12.8722866,52.3792934]]}},{"type":"Feature","properties":{"name":"Bliesendorfer Weg","highway":"unclassified"},"geometry":{"type":"LineString","coordinates":[[12.829861,52.3619073],[12.82978,52.3620201],[12.8296995,52.3621416],[12.8294942,52.3624746],[12.8294764,52.362513],[12.8294698,52.362549],[12.8294235,52.3631252],[12.8293778,52.3634231]]}},{"type":"Feature","properties":{"name":"Bliesendorfer Weg","highway":"residential"},"geometry":{"type":"LineString","coordinates":[[12.8289048,52.3636558],[12.8289737,52.3635196],[12.829039,52.3633904],[12.8293778,52.3634231]]}},{"type":"Feature","properties":{"name":"Kammeroder Weg","highway":"unclassified"},"geometry":{"type":"LineString","coordinates":[[12.8392327,52.3608491],[12.8392076,52.3608216],[12.8392008,52.360593],[12.8391947,52.3599269],[12.8392098,52.355825]]}},{"type":"Feature","properties":{"name":"Plessower Hauptstraße","highway":"residential"},"geometry":{"type":"LineString","coordinates":[[12.8692154,52.3815341],[12.8698216,52.3817269],[12.8700601,52.3818002],[12.8701733,52.3818349],[12.8720277,52.3824225],[12.8721409,52.3824576],[12.8722572,52.3824888],[12.8723806,52.382517],[12.8725065,52.3825408],[12.8733531,52.3826827]]}},{"type":"Feature","properties":{"name":"Zum Weinberg","highway":"residential"},"geometry":{"type":"LineString","coordinates":[[12.8779126,52.3876441],[12.8780807,52.3875129],[12.8782372,52.3875007],[12.8784176,52.3874928],[12.8790359,52.3874835],[12.8791383,52.3874783],[12.8792372,52.3874688],[12.8793959,52.3874443],[12.8801252,52.3873075],[12.8812845,52.3869892],[12.8814772,52.3869547],[12.8815801,52.3869459],[12.881721,52.3869403],[12.8819346,52.3869198],[12.8823639,52.3868675],[12.8825188,52.3868492],[12.8826718,52.3868259],[12.8828226,52.3867976],[12.8829709,52.3867644],[12.883116,52.3867263],[12.8832576,52.3866835],[12.8839357,52.3864366],[12.8844242,52.3862542]]}},{"type":"Feature","properties":{"name":"Plessower Ausbau","highway":"service"},"geometry":{"type":"LineString","coordinates":[[12.871746,52.3882451],[12.8719407,52.38823],[12.87211,52.3882239],[12.8728552,52.3882181],[12.8730379,52.3882108],[12.8733116,52.3881906],[12.8736611,52.3881539],[12.874042,52.3881046],[12.8747136,52.3879996],[12.8754967,52.3878551],[12.875774,52.3878065],[12.8763337,52.3877171],[12.8766651,52.387656],[12.8771918,52.3875601],[12.8773388,52.3875271],[12.8774836,52.3874906],[12.877741,52.3874187]]}},{"type":"Feature","properties":{"name":"Grenzstraße","highway":"residential"},"geometry":{"type":"LineString","coordinates":[[12.8893822,52.3735112],[12.8892797,52.3734442],[12.8888263,52.3731479],[12.8861475,52.3713975],[12.8856964,52.3711051]]}},{"type":"Feature","properties":{"name":"Am Seeblick","highway":"residential"},"geometry":{"type":"LineString","coordinates":[[12.8906616,52.3731614],[12.891296,52.3735466],[12.8921873,52.3741706],[12.8925793,52.3744229]]}},{"type":"Feature","properties":{"name":"Schelmsteig","highway":"residential"},"geometry":{"type":"LineString","coordinates":[[12.9016655,52.3482728],[12.9021289,52.3484137],[12.902256,52.3484397],[12.9024231,52.3484316]]}},{"type":"Feature","properties":{"name":"Friedrich-Ebert-Straße","highway":"residential"},"geometry":{"type":"LineString","coordinates":[[12.9002653,52.3506174],[12.9011708,52.3506935],[12.9028043,52.3508307],[12.9041105,52.3509405],[12.9041928,52.3509436],[12.9042738,52.3509395],[12.904606,52.3508838],[12.9046922,52.3508631],[12.9047792,52.3508355]]}},{"type":"Feature","properties":{"name":"Zum Springesee","highway":"service"},"geometry":{"type":"LineString","coordinates":[[12.9055333,52.3517908],[12.9054172,52.351865],[12.9057742,52.3523691],[12.9055931,52.3532984],[12.9053426,52.3545834],[12.9052724,52.3550137]]}},{"type":"Feature","properties":{"name":"Hermannstraße","highway":"service"},"geometry":{"type":"LineString","coordinates":[[12.8921547,52.3540412],[12.8925044,52.3522642],[12.8925067,52.3520709],[12.8924978,52.3519717],[12.8925224,52.3517886],[12.8925597,52.351723],[12.892581,52.3516713],[12.8925852,52.3516228],[12.892577,52.3515531],[12.8925708,52.3514971],[12.8925821,52.3514548],[12.892725,52.3509374],[12.8927687,52.3508187],[12.8928345,52.3506907],[12.8929435,52.3501556],[12.892993,52.3499308],[12.8930283,52.3497188],[12.8930547,52.3494739],[12.8930985,52.3492375],[12.8931831,52.3489252],[12.8932285,52.34867],[12.8932617,52.348412],[12.8932603,52.3482693],[12.8932844,52.3481731],[12.8934374,52.3477262],[12.8934697,52.3476053],[12.8935506,52.3470858],[12.8936856,52.346475],[12.8937342,52.3462548],[12.893849,52.3456475]]}},{"type":"Feature","properties":{"name":"Glindower Marienstraße","highway":"service"},"geometry":{"type":"LineString","coordinates":[[12.8959118,52.354836],[12.895977,52.3544694],[12.8959918,52.3543864],[12.8962691,52.3530272],[12.896343,52.3527663],[12.8964007,52.3526502],[12.8964011,52.3524655],[12.8963763,52.3522277],[12.8964172,52.3520986],[12.8964793,52.3519223],[12.8965532,52.3517438],[12.8966791,52.3515506],[12.8967272,52.3512839],[12.8967927,52.3509604],[12.8968597,52.350674],[12.8968421,52.3504999],[12.8968418,52.350393],[12.8968565,52.3502417],[12.8969893,52.3495732],[12.8970723,52.3491453],[12.8971823,52.3485534],[12.8973138,52.3479006],[12.8974148,52.3474409],[12.897489,52.3470786],[12.8975836,52.3466793],[12.8977618,52.3457052]]}},{"type":"Feature","properties":{"name":"Luise-Jahn-Straße","highway":"residential"},"geometry":{"type":"LineString","coordinates":[[12.9102839,52.364633],[12.9101249,52.3644423],[12.9099944,52.3642839],[12.9099092,52.3641941]]}},{"type":"Feature","properties":{"name":"Wachtelwinkel","highway":"residential"},"geometry":{"type":"LineString","coordinates":[[12.9311115,52.3711562],[12.9313835,52.3710252],[12.9314717,52.371007],[12.9318857,52.3709218],[12.9319183,52.3709151],[12.9321758,52.3708627],[12.9322605,52.3708304],[12.9323245,52.370806],[12.9323818,52.3707841],[12.9325706,52.3706584],[12.9328581,52.3704493],[12.932974,52.3703649]]}},{"type":"Feature","properties":{"name":"Bliesendorfer Straße","highway":"residential"},"geometry":{"type":"LineString","coordinates":[[12.897988,52.3622798],[12.8996056,52.363579],[12.9006103,52.3643472]]}},{"type":"Feature","properties":{"name":"Wachtelwinkel","highway":"residential"},"geometry":{"type":"LineString","coordinates":[[12.9333227,52.3727517],[12.9348301,52.3731205]]}},{"type":"Feature","properties":{"name":"Wachtelwinkel","highway":"residential"},"geometry":{"type":"LineString","coordinates":[[12.9311115,52.3711562],[12.9310673,52.3714007],[12.9308152,52.3717016],[12.9307893,52.3717325],[12.9307693,52.3718425]]}},{"type":"Feature","properties":{"name":"Am Wachtelberg","highway":"residential"},"geometry":{"type":"LineString","coordinates":[[12.9298524,52.3720955],[12.9299796,52.3719692],[12.9301014,52.3718483],[12.9301357,52.3718143]]}},{"type":"Feature","properties":{"name":"Schönemannstraße","highway":"residential"},"geometry":{"type":"LineString","coordinates":[[12.9176826,52.3921445],[12.9174047,52.3924048],[12.9168831,52.3929421],[12.91654,52.3932955]]}},{"type":"Feature","properties":{"name":"Berliner Straße","highway":"primary"},"geometry":{"type":"LineString","coordinates":[[12.9440725,52.3628652],[12.944599,52.3626495]]}},{"type":"Feature","properties":{"name":"Berliner Straße","highway":"primary"},"geometry":{"type":"LineString","coordinates":[[12.944599,52.3626495],[12.947466,52.3614643]]}},{"type":"Feature","properties":{"name":"Kemnitzer Straße","highway":"tertiary"},"geometry":{"type":"LineString","coordinates":[[12.9332105,52.3770249],[12.9330953,52.3769932],[12.9327647,52.3769918],[12.9323267,52.37699],[12.9316098,52.3769869],[12.9313661,52.3769859]]}},{"type":"Feature","properties":{"name":"Zum Inselparadies","highway":"residential"},"geometry":{"type":"LineString","coordinates":[[12.9384322,52.3451044],[12.9381078,52.345183],[12.9380661,52.3452011]]}},{"type":"Feature","properties":{"name":"Am Mühlenberg","highway":"service"},"geometry":{"type":"LineString","coordinates":[[12.9416986,52.37614],[12.9417584,52.3761265],[12.9420806,52.3760396],[12.9421465,52.3760242],[12.9424976,52.3760265],[12.9426015,52.3760419],[12.9428449,52.3761044],[12.9430018,52.3761378],[12.9430467,52.3761474],[12.9432979,52.376147],[12.9434902,52.3761506]]}},{"type":"Feature","properties":{"name":"Panoramaweg","highway":"service"},"geometry":{"type":"LineString","coordinates":[[12.9426086,52.3831883],[12.942867,52.3827075],[12.943157,52.3821751],[12.9432354,52.3820249]]}},{"type":"Feature","properties":{"name":"Am Grashorn","highway":"service"},"geometry":{"type":"LineString","coordinates":[[12.9567841,52.364903],[12.9564627,52.3648268],[12.9562043,52.3647561],[12.9561337,52.364723],[12.9559913,52.364655],[12.9559091,52.364629],[12.9558726,52.3646174]]}},{"type":"Feature","properties":{"name":"Am Wasser","highway":"service"},"geometry":{"type":"LineString","coordinates":[[12.9552907,52.3656104],[12.9561231,52.365781]]}},{"type":"Feature","properties":{"name":"Alte Dorfstraße","highway":"secondary"},"geometry":{"type":"LineString","coordinates":[[12.8343341,52.3647903],[12.8341208,52.3646687],[12.8338025,52.3644873]]}},{"type":"Feature","properties":{"name":"Rosenweg","highway":"residential"},"geometry":{"type":"LineString","coordinates":[[12.8630857,52.3828648],[12.8633928,52.3831186],[12.8647385,52.3841546]]}},{"type":"Feature","properties":{"name":"Kleiner Bruchweg","highway":"unclassified"},"geometry":{"type":"LineString","coordinates":[[12.8505659,52.3877032],[12.8505215,52.3876369],[12.8505038,52.3876139],[12.8504618,52.3875232],[12.8504261,52.3874527],[12.8504011,52.3874131],[12.8503683,52.3873703],[12.8503207,52.3873274],[12.8502488,52.3872708],[12.8497906,52.3869846],[12.8488769,52.3864138],[12.8488029,52.386328],[12.8487193,52.3859418],[12.8477434,52.3839358],[12.8464494,52.3813677],[12.8452594,52.3790326],[12.8451459,52.37881],[12.8450255,52.3785864],[12.8438587,52.376247]]}},{"type":"Feature","properties":{"name":"Ernst-Thälmann-Straße","highway":"residential"},"geometry":{"type":"LineString","coordinates":[[12.8616247,52.3855584],[12.8612129,52.3852641],[12.8596925,52.3841767]]}},{"type":"Feature","properties":{"name":"Neue Dorfstraße","highway":"residential"},"geometry":{"type":"LineString","coordinates":[[12.8506391,52.3889131],[12.8509755,52.3888068]]}},{"type":"Feature","properties":{"name":"Neue Dorfstraße","highway":"residential"},"geometry":{"type":"LineString","coordinates":[[12.8505603,52.3878331],[12.8505198,52.3878775],[12.8504732,52.3879313],[12.8504444,52.3879839],[12.8504243,52.3880371],[12.8504124,52.3880919],[12.8504162,52.3881447],[12.8504286,52.3882035],[12.8505278,52.3884392],[12.8506265,52.3887313],[12.8506391,52.3889131]]}},{"type":"Feature","properties":{"name":"Am Anger","highway":"residential"},"geometry":{"type":"LineString","coordinates":[[12.9565954,52.3860355],[12.9560615,52.3853706],[12.9557027,52.3849236]]}},{"type":"Feature","properties":{"name":"Bliesendorfer Straße","highway":"unclassified"},"geometry":{"type":"LineString","coordinates":[[12.8939085,52.360809],[12.8944181,52.3610114],[12.895034,52.3612573],[12.8964265,52.3618133],[12.8976267,52.3622635],[12.8977739,52.3623512]]}},{"type":"Feature","properties":{"name":"Glindower Mühlenstraße","highway":"unclassified"},"geometry":{"type":"LineString","coordinates":[[12.8977739,52.3623512],[12.8966223,52.3627561],[12.8962863,52.3628651]]}},{"type":"Feature","properties":{"name":"Dr.-Külz-Straße","highway":"secondary"},"geometry":{"type":"LineString","coordinates":[[12.9090317,52.358262],[12.9090657,52.3580708],[12.9090804,52.3579885]]}},{"type":"Feature","properties":{"name":"Am Rüsterhorn","highway":"residential"},"geometry":{"type":"LineString","coordinates":[[12.9366329,52.3441953],[12.9369545,52.3441924],[12.937129,52.3442503],[12.9373006,52.3443292],[12.9374043,52.3443786],[12.937782,52.3446308],[12.9382438,52.3449587],[12.9384322,52.3451044]]}},{"type":"Feature","properties":{"name":"Friedhofswinkel","highway":"service"},"geometry":{"type":"LineString","coordinates":[[12.8293778,52.3634231],[12.829991,52.3635123],[12.8305189,52.3636044],[12.8309038,52.3637641],[12.8309273,52.3637738],[12.8308838,52.3639456]]}},{"type":"Feature","properties":{"name":"Lehniner Chaussee","highway":"service"},"geometry":{"type":"LineString","coordinates":[[12.8618912,52.3781289],[12.8617685,52.3782012],[12.8608318,52.3785833],[12.8588853,52.3793421]]}},{"type":"Feature","properties":{"name":"Potsdamer Straße","highway":"secondary"},"geometry":{"type":"LineString","coordinates":[[12.9357091,52.3761282],[12.9357119,52.3761574],[12.935716,52.3762006],[12.9357397,52.3764477],[12.9357541,52.3765968],[12.9357676,52.3767376],[12.9357508,52.3767854],[12.9357223,52.3768662]]}},{"type":"Feature","properties":{"name":"Eisenbahnstraße","highway":"secondary"},"geometry":{"type":"LineString","coordinates":[[12.9331859,52.3823622],[12.9332703,52.382128],[12.9333237,52.3819799],[12.9334406,52.3816442],[12.9335486,52.3813338],[12.9335565,52.3813109],[12.9335883,52.3812189],[12.9336663,52.3809948],[12.9337636,52.380715]]}},{"type":"Feature","properties":{"name":"Adolf-Damaschke-Straße","highway":"residential"},"geometry":{"type":"LineString","coordinates":[[12.9288026,52.3919897],[12.9287664,52.3920427],[12.928711,52.3920885],[12.928599,52.3921442],[12.9284316,52.3921794],[12.9281037,52.3922072],[12.9273275,52.3922655]]}},{"type":"Feature","properties":{"name":"Am Schwielowsee","highway":"tertiary"},"geometry":{"type":"LineString","coordinates":[[12.9579395,52.3534251],[12.9577893,52.3533665],[12.9576095,52.3533131],[12.9561169,52.3529773],[12.9555402,52.3528356],[12.9534668,52.3521996],[12.9526447,52.3519346],[12.9520828,52.3517314],[12.951309,52.3514205],[12.9511259,52.3513418],[12.951026,52.3512989]]}},{"type":"Feature","properties":{"name":"Gertraudenstraße","highway":"residential"},"geometry":{"type":"LineString","coordinates":[[12.906221,52.3865949],[12.9062711,52.3866093],[12.9077231,52.3869944],[12.9090446,52.3873624],[12.9107453,52.387836],[12.9136515,52.3886422]]}},{"type":"Feature","properties":{"name":"Stadtrandsiedlung","highway":"residential"},"geometry":{"type":"LineString","coordinates":[[12.8952224,52.3957911],[12.8919984,52.3943989]]}},{"type":"Feature","properties":{"name":"Plessower Hauptstraße","highway":"residential"},"geometry":{"type":"LineString","coordinates":[[12.8786542,52.3886911],[12.8785502,52.388522],[12.8779126,52.3876441],[12.877741,52.3874187],[12.8775325,52.3871561],[12.8772997,52.3868629],[12.877031,52.3865557],[12.8765962,52.3860584],[12.8765225,52.3859742],[12.8762726,52.3856884],[12.8761801,52.3855727],[12.8761116,52.385467],[12.8760025,52.3852904],[12.8757335,52.3847897],[12.8755154,52.3844059],[12.8754553,52.3843087],[12.8753999,52.3842362],[12.8753463,52.3841778],[12.8752972,52.3841293],[12.8743715,52.3832577],[12.8741161,52.3830173],[12.8740562,52.3829561],[12.8740043,52.3828921],[12.873961,52.3828266],[12.8739262,52.3827592]]}},{"type":"Feature","properties":{"name":"Morgenstücke","highway":"service"},"geometry":{"type":"LineString","coordinates":[[12.8748184,52.3819636],[12.8749719,52.3819178],[12.8753861,52.3817914],[12.8757573,52.3816741],[12.8763799,52.3814626],[12.8766111,52.3813787],[12.8767588,52.3813291],[12.8771998,52.3812041],[12.8776277,52.3810604],[12.8784869,52.3807862],[12.8791368,52.380569],[12.8803001,52.3801972],[12.880423,52.3801568],[12.8808927,52.3799768],[12.8812613,52.3798125],[12.8815847,52.3796562],[12.8819573,52.3794695],[12.8828924,52.3790148],[12.8837996,52.3785831],[12.8850245,52.3779741],[12.8859132,52.3775184],[12.8859892,52.3774691],[12.8860193,52.3774405],[12.8860363,52.3774146]]}},{"type":"Feature","properties":{"name":"Fercher Straße","highway":"tertiary"},"geometry":{"type":"LineString","coordinates":[[12.9471933,52.3487138],[12.9468745,52.3483341],[12.9467273,52.3481408],[12.9466451,52.3480447],[12.9465697,52.3479537],[12.9465372,52.3479152],[12.9463734,52.3477145],[12.9457008,52.3469475],[12.9454111,52.3465996],[12.9453122,52.3464875],[12.9448664,52.3459829],[12.9447414,52.3458848],[12.9445721,52.3458107],[12.9442466,52.3457041]]}},{"type":"Feature","properties":{"name":"Am Schwielowsee","highway":"tertiary"},"geometry":{"type":"LineString","coordinates":[[12.9601172,52.3565404],[12.9601411,52.3564045],[12.96011,52.3562174],[12.960067,52.3561004],[12.959796,52.3557138]]}},{"type":"Feature","properties":{"name":"Langer Grund","highway":"residential"},"geometry":{"type":"LineString","coordinates":[[12.9091506,52.3486788],[12.909324,52.3477593],[12.9096446,52.3464113],[12.9097393,52.3459565],[12.9097357,52.345862],[12.909699,52.3456896],[12.9096538,52.345438],[12.9096538,52.3452654],[12.9100793,52.3417402],[12.9101232,52.3415031]]}},{"type":"Feature","properties":{"name":"Fercher Straße","highway":"residential"},"geometry":{"type":"LineString","coordinates":[[12.9475616,52.3614263],[12.9475271,52.3613641]]}},{"type":"Feature","properties":{"name":"Am Riegelberg","highway":"service"},"geometry":{"type":"LineString","coordinates":[[12.9462477,52.3550621],[12.9477659,52.3550068],[12.9487553,52.3549431]]}},{"type":"Feature","properties":{"name":"Werderscher Damm","highway":"tertiary"},"geometry":{"type":"LineString","coordinates":[[12.9709882,52.3862086],[12.9703899,52.3860383],[12.9703218,52.3860183],[12.9698316,52.385874],[12.9656862,52.3846065],[12.965396,52.3845183],[12.9649187,52.3843739],[12.9614882,52.3833355],[12.958703,52.382492],[12.9584029,52.3824016]]}},{"type":"Feature","properties":{"name":"Seering","highway":"service"},"geometry":{"type":"LineString","coordinates":[[12.9471339,52.3487325],[12.9470453,52.3487377],[12.9458991,52.3488066],[12.9453907,52.3488134],[12.9452565,52.3487812],[12.944834,52.3485678],[12.9446196,52.3485665]]}},{"type":"Feature","properties":{"name":"Fercher Straße","highway":"service"},"geometry":{"type":"LineString","coordinates":[[12.9452565,52.3487812],[12.9455716,52.348508],[12.9467119,52.3483776],[12.9468201,52.3483487],[12.9468375,52.348344],[12.9468745,52.3483341]]}},{"type":"Feature","properties":{"name":"Berliner Straße","highway":"residential"},"geometry":{"type":"LineString","coordinates":[[12.9215397,52.3701551],[12.9214848,52.3701158],[12.9204959,52.369211]]}},{"type":"Feature","properties":{"name":"Puschkinstraße","highway":"residential"},"geometry":{"type":"LineString","coordinates":[[12.9212836,52.3664654],[12.9212895,52.3664893],[12.9212826,52.3665132],[12.9212637,52.3665344],[12.9212347,52.3665509],[12.9211971,52.3665612],[12.921156,52.3665633],[12.9211161,52.366557],[12.9210818,52.366543],[12.921057,52.3665229],[12.9210445,52.3664989],[12.9210457,52.3664738],[12.9210604,52.3664502],[12.921087,52.366431],[12.9211225,52.3664182],[12.9211616,52.3664133],[12.9212012,52.3664163],[12.9212372,52.3664269],[12.9212655,52.3664439],[12.9212836,52.3664654]]}},{"type":"Feature","properties":{"name":"Wachtelwinkel","highway":"residential"},"geometry":{"type":"LineString","coordinates":[[12.9301357,52.3718143],[12.9307693,52.3718425],[12.9318629,52.3722826],[12.9319646,52.3723317],[12.9320608,52.37237]]}},{"type":"Feature","properties":{"name":"Brandenburger Chaussee","highway":"primary"},"geometry":{"type":"LineString","coordinates":[[12.8505659,52.3877032],[12.8506758,52.3876608],[12.850799,52.3876132],[12.8522807,52.3870413],[12.8541178,52.3863321],[12.8563859,52.3854552],[12.8596925,52.3841767],[12.8600228,52.384049],[12.8601036,52.3840178],[12.8605839,52.3838321],[12.8609936,52.3836737],[12.8630857,52.3828648],[12.8635783,52.3826743]]}},{"type":"Feature","properties":{"name":"Berliner Straße","highway":"primary"},"geometry":{"type":"LineString","coordinates":[[12.9184325,52.3708064],[12.9187085,52.3707805],[12.9188247,52.3707605]]}},{"type":"Feature","properties":{"name":"Berliner Straße","highway":"primary"},"geometry":{"type":"LineString","coordinates":[[12.9161501,52.3709497],[12.9162968,52.3709402],[12.9164068,52.3709332],[12.9175914,52.3708568]]}},{"type":"Feature","properties":{"name":"Adolf-Damaschke-Straße","highway":"residential"},"geometry":{"type":"LineString","coordinates":[[12.9273275,52.3922655],[12.9271362,52.3922935],[12.92701,52.392312],[12.9268491,52.3923356],[12.926659,52.3923634]]}},{"type":"Feature","properties":{"name":"Berliner Straße","highway":"primary"},"geometry":{"type":"LineString","coordinates":[[12.9200556,52.3705018],[12.9203819,52.3704245]]}},{"type":"Feature","properties":{"name":"Moosfennstraße","highway":"residential"},"geometry":{"type":"LineString","coordinates":[[12.9267637,52.3741289],[12.9267559,52.3741749],[12.9267444,52.3742432]]}},{"type":"Feature","properties":{"name":"Brandenburger Straße","highway":"tertiary"},"geometry":{"type":"LineString","coordinates":[[12.9267444,52.3742432],[12.9260545,52.3740499],[12.9253304,52.3738326],[12.9231861,52.3731892],[12.9216449,52.3727268],[12.9204832,52.3723928],[12.920153,52.3722922],[12.9195777,52.372116]]}},{"type":"Feature","properties":{"name":"Am Wachtelberg","highway":"residential"},"geometry":{"type":"LineString","coordinates":[[12.9298524,52.3720955],[12.9300267,52.3721787],[12.9301477,52.3723094],[12.9301465,52.3725001]]}},{"type":"Feature","properties":{"name":"Kölner Straße","highway":"residential"},"geometry":{"type":"LineString","coordinates":[[12.9333227,52.3727517],[12.9336659,52.3723097],[12.9345359,52.3716339]]}},{"type":"Feature","properties":{"name":"Berliner Straße","highway":"primary"},"geometry":{"type":"LineString","coordinates":[[12.9296219,52.367657],[12.9299441,52.3671641],[12.9301335,52.3668743],[12.9302612,52.3667387],[12.9303686,52.3666701],[12.9304762,52.3666014],[12.9306585,52.3665192],[12.9306846,52.3665074],[12.9307111,52.3664954],[12.9310746,52.3663871],[12.9311801,52.3663557],[12.931235,52.3663393],[12.9313177,52.3663105],[12.9318606,52.3661765],[12.9322803,52.3661029],[12.9335246,52.3659722],[12.9336857,52.3659546],[12.9351171,52.3658054],[12.9353733,52.3657735],[12.9356163,52.3657212],[12.9365363,52.3654804],[12.9373232,52.3652673]]}},{"type":"Feature","properties":{"name":"Brandenburger Straße","highway":"tertiary"},"geometry":{"type":"LineString","coordinates":[[12.9298295,52.3752894],[12.9287028,52.3749084],[12.9283313,52.3747828],[12.9280721,52.3746952],[12.9275667,52.3745192],[12.9273236,52.3744346],[12.9267444,52.3742432]]}},{"type":"Feature","properties":{"name":"Kemnitzer Chaussee","highway":"residential"},"geometry":{"type":"LineString","coordinates":[[12.9110621,52.3896386],[12.9109884,52.3896606],[12.9091815,52.3901994],[12.9050821,52.3914232]]}},{"type":"Feature","properties":{"name":"Auf dem Strengfeld","highway":"residential"},"geometry":{"type":"LineString","coordinates":[[12.9315894,52.3633318],[12.9318679,52.36345]]}},{"type":"Feature","properties":{"name":"Am Zernsee","highway":"residential"},"geometry":{"type":"LineString","coordinates":[[12.9448033,52.4011672],[12.9447373,52.4011671],[12.9446076,52.4011803],[12.944502,52.4011656],[12.9444084,52.4011275],[12.9443388,52.401066],[12.9442475,52.4009195],[12.9435156,52.3997557],[12.9432507,52.39934],[12.9432345,52.3992181],[12.9432443,52.3990724],[12.9432289,52.3989934],[12.9424578,52.3978071],[12.9423235,52.3971811]]}},{"type":"Feature","properties":{"name":"Am Zernsee","highway":"service"},"geometry":{"type":"LineString","coordinates":[[12.9408507,52.3961468],[12.9399687,52.3951181],[12.9395597,52.3947709],[12.9394215,52.3944544],[12.9392767,52.3941982],[12.938932,52.3936764],[12.9388691,52.3935505],[12.9388842,52.3933536],[12.9390543,52.3931742]]}},{"type":"Feature","properties":{"name":"Adolf-Kärger-Straße","highway":"residential"},"geometry":{"type":"LineString","coordinates":[[12.9354734,52.3742718],[12.9356634,52.374306],[12.9358415,52.3743017],[12.9365444,52.3742493],[12.9367637,52.3742329],[12.9369559,52.3742186],[12.9374631,52.3741871],[12.9378973,52.3741579],[12.9380159,52.3741651]]}},{"type":"Feature","properties":{"name":"Am Markt","highway":"service"},"geometry":{"type":"LineString","coordinates":[[12.953161,52.3864961],[12.9535098,52.386608],[12.9535472,52.3866254],[12.9535857,52.3866599],[12.953591,52.3866959],[12.9535727,52.386749],[12.9535365,52.3867858],[12.9534878,52.3868079],[12.9534283,52.3868164]]}},{"type":"Feature","properties":{"name":"Amselweg","highway":"residential"},"geometry":{"type":"LineString","coordinates":[[12.9534283,52.3868164],[12.9577309,52.3880884]]}},{"type":"Feature","properties":{"name":"Am Markt","highway":"residential"},"geometry":{"type":"LineString","coordinates":[[12.952888,52.3866443],[12.9530355,52.3864568]]}},{"type":"Feature","properties":{"name":"Derwitzer Dorfstraße","highway":"residential"},"geometry":{"type":"LineString","coordinates":[[12.8252954,52.4034039],[12.8252537,52.4033939],[12.8252115,52.4033719],[12.8251834,52.4033426],[12.8251725,52.4033094],[12.8251757,52.4032951],[12.82518,52.4032758],[12.8252051,52.4032455],[12.8252451,52.4032219],[12.8252954,52.4032076],[12.8253583,52.403205],[12.8253945,52.4032095],[12.8254345,52.4032217],[12.8254677,52.4032399],[12.8254919,52.4032628],[12.825495,52.4032693],[12.8255065,52.4032938],[12.8255046,52.4033261],[12.8254863,52.4033563],[12.8254534,52.4033816],[12.8254093,52.4033994],[12.8253582,52.4034079],[12.8252954,52.4034039]]}},{"type":"Feature","properties":{"name":"Fercher Straße","highway":"residential"},"geometry":{"type":"LineString","coordinates":[[12.9487553,52.3549431],[12.9489321,52.3542562],[12.9489381,52.3542206],[12.9490285,52.3536856],[12.9490631,52.3534812],[12.9490737,52.3534175],[12.9490278,52.3532498],[12.9490159,52.3532064],[12.9488681,52.3527278],[12.9487512,52.3523183],[12.9486943,52.3521445],[12.9486232,52.3519967],[12.9485256,52.3518577],[12.9480418,52.3513486],[12.9472209,52.3504806],[12.946988,52.3497895],[12.9469806,52.3496167],[12.9469866,52.349444],[12.9470705,52.3488482],[12.9470799,52.3487812],[12.9471148,52.3487598],[12.9471339,52.3487325]]}},{"type":"Feature","properties":{"name":"Eisenbahnweg","highway":"residential"},"geometry":{"type":"LineString","coordinates":[[12.9097641,52.3987417],[12.9174044,52.3957964],[12.9190764,52.3951527]]}},{"type":"Feature","properties":{"name":"Luisenstraße","highway":"residential"},"geometry":{"type":"LineString","coordinates":[[12.9248734,52.3950923],[12.9264336,52.3954925],[12.9268173,52.3955933]]}},{"type":"Feature","properties":{"name":"Unter den Linden","highway":"residential"},"geometry":{"type":"LineString","coordinates":[[12.9378156,52.3774306],[12.9378702,52.3773544],[12.9379671,52.3772239],[12.9381082,52.377015]]}},{"type":"Feature","properties":{"name":"Am Stadtpark","highway":"residential"},"geometry":{"type":"LineString","coordinates":[[12.9131108,52.3747991],[12.914318,52.3755107],[12.914424,52.3755732],[12.9148437,52.375704],[12.9150086,52.3757401],[12.9151564,52.3757517],[12.9153901,52.3757548],[12.9153938,52.3756175],[12.9154204,52.375493],[12.9154685,52.3754111],[12.9156665,52.3750883],[12.9157637,52.3748807],[12.9159476,52.3745202],[12.9165255,52.3735501]]}},{"type":"Feature","properties":{"name":"Altenkirch-Weg","highway":"residential"},"geometry":{"type":"LineString","coordinates":[[12.9304489,52.3808893],[12.9303219,52.380933],[12.930179,52.3809539],[12.9298521,52.3809437],[12.9294139,52.3808586],[12.9290303,52.3807653],[12.9287299,52.3807375],[12.9284273,52.3807211],[12.9281903,52.3807082]]}},{"type":"Feature","properties":{"name":"Eschenweg","highway":"residential"},"geometry":{"type":"LineString","coordinates":[[12.9327243,52.3638134],[12.9319153,52.3645216]]}},{"type":"Feature","properties":{"name":"Aprikosenweg","highway":"residential"},"geometry":{"type":"LineString","coordinates":[[12.9366358,52.3646135],[12.9358697,52.364286],[12.9348119,52.3638338]]}},{"type":"Feature","properties":{"name":"Bernhard-Kellermann-Straße","highway":"residential"},"geometry":{"type":"LineString","coordinates":[[12.9346428,52.3783109],[12.9348684,52.3783785],[12.9351024,52.3784427],[12.9352653,52.378489],[12.9354764,52.3785516],[12.935646,52.3785902],[12.9358775,52.378643],[12.9360477,52.3786858],[12.9361993,52.3787239]]}},{"type":"Feature","properties":{"name":"Turnplatz","highway":"residential"},"geometry":{"type":"LineString","coordinates":[[12.9102578,52.3671585],[12.910081,52.3671584],[12.9097966,52.3671284],[12.9095242,52.3669869],[12.9094267,52.366916],[12.9084512,52.3670151]]}},{"type":"Feature","properties":{"name":"Uferpromenade","highway":"service"},"geometry":{"type":"LineString","coordinates":[[12.9439396,52.3811657],[12.9444324,52.3810399],[12.9446262,52.3809749],[12.9447734,52.3809038],[12.944855,52.3808522],[12.9448915,52.3807801],[12.9449352,52.3803522],[12.9449342,52.3801151],[12.945011,52.3798548],[12.9450859,52.3795763],[12.9451559,52.3793619],[12.9452331,52.3791599],[12.9452856,52.3790496],[12.9453556,52.3789446],[12.9455147,52.3788086]]}},{"type":"Feature","properties":{"name":"Am Ufer","highway":"residential"},"geometry":{"type":"LineString","coordinates":[[12.9447579,52.3917863],[12.9458403,52.3918719]]}},{"type":"Feature","properties":{"name":"Seesteig","highway":"residential"},"geometry":{"type":"LineString","coordinates":[[12.9447558,52.3917401],[12.9438091,52.391656]]}},{"type":"Feature","properties":{"name":"Weißdornweg","highway":"residential"},"geometry":{"type":"LineString","coordinates":[[12.9450752,52.3906859],[12.9466723,52.3907697]]}},{"type":"Feature","properties":{"name":"Birkenweg","highway":"residential"},"geometry":{"type":"LineString","coordinates":[[12.9449315,52.3911631],[12.9460948,52.3912591]]}},{"type":"Feature","properties":{"name":"Havelplatz","highway":"residential"},"geometry":{"type":"LineString","coordinates":[[12.9450927,52.39055],[12.9439627,52.390581]]}},{"type":"Feature","properties":{"name":"Waidmannspromenade","highway":"residential"},"geometry":{"type":"LineString","coordinates":[[12.9477556,52.3875679],[12.9476956,52.3869652]]}},{"type":"Feature","properties":{"name":"Havelpromenade","highway":"service"},"geometry":{"type":"LineString","coordinates":[[12.9514405,52.3863715],[12.9516648,52.3866077],[12.9517876,52.3866812],[12.9527465,52.3866102],[12.952888,52.3866443]]}},{"type":"Feature","properties":{"name":"Phöbener Straße","highway":"secondary"},"geometry":{"type":"LineString","coordinates":[[12.9227187,52.3925695],[12.9231851,52.3918932],[12.9233116,52.3917694],[12.924197,52.3909031]]}},{"type":"Feature","properties":{"name":"Hugo-Junkers-Straße","highway":"unclassified"},"geometry":{"type":"LineString","coordinates":[[12.914486,52.4004246],[12.9134524,52.4001221],[12.9131548,52.400029],[12.9130273,52.3999322],[12.9125298,52.3993921],[12.9120808,52.3989208]]}},{"type":"Feature","properties":{"name":"Am Strengfeld","highway":"residential"},"geometry":{"type":"LineString","coordinates":[[12.9305558,52.3607602],[12.9308217,52.360345],[12.9308774,52.3601317],[12.9309243,52.3600457],[12.9309811,52.3599848],[12.9310396,52.359922],[12.9312655,52.3594729],[12.9316266,52.3592077],[12.9319744,52.3589424],[12.9323841,52.3586759],[12.9328241,52.358437],[12.9329815,52.3583872],[12.9331492,52.3583659],[12.9333321,52.3583764],[12.9334831,52.3584396],[12.9336265,52.3585323],[12.9340504,52.3589679],[12.9342396,52.3592626]]}},{"type":"Feature","properties":{"name":"Marktstraße","highway":"residential"},"geometry":{"type":"LineString","coordinates":[[12.9356363,52.3634415],[12.9357071,52.3635102],[12.9364141,52.3638174],[12.9371717,52.3641465]]}},{"type":"Feature","properties":{"name":"Gartenweg","highway":"service"},"geometry":{"type":"LineString","coordinates":[[12.959144,52.3647685],[12.9590298,52.3649777],[12.9587509,52.3654625],[12.9581612,52.3663718],[12.9580289,52.3666348],[12.9577316,52.3672575],[12.9577064,52.3674235],[12.957678,52.3676112],[12.9576307,52.3680182]]}},{"type":"Feature","properties":{"name":"Mirabellenweg","highway":"living_street"},"geometry":{"type":"LineString","coordinates":[[12.9357141,52.3649773],[12.9355938,52.3648768],[12.9351365,52.3646797],[12.934829,52.3645473],[12.9345184,52.3644134],[12.9342048,52.3642783],[12.9340016,52.3641887],[12.9339498,52.3641658],[12.9338737,52.3641074]]}},{"type":"Feature","properties":{"name":"Pfirsichweg","highway":"residential"},"geometry":{"type":"LineString","coordinates":[[12.9406909,52.3637431],[12.940567,52.3636862],[12.9400783,52.3634797],[12.940027,52.363458],[12.9398152,52.3633686],[12.9386391,52.3628717]]}},{"type":"Feature","properties":{"name":"Pfirsichweg","highway":"residential"},"geometry":{"type":"LineString","coordinates":[[12.9386391,52.3628717],[12.9373385,52.3623022]]}},{"type":"Feature","properties":{"name":"Apfelweg","highway":"residential"},"geometry":{"type":"LineString","coordinates":[[12.9379892,52.3634292],[12.9368015,52.362924]]}},{"type":"Feature","properties":{"name":"Sanddornweg","highway":"residential"},"geometry":{"type":"LineString","coordinates":[[12.9377556,52.3636329],[12.9376549,52.3635891],[12.9368046,52.3632297],[12.9366028,52.3631507]]}},{"type":"Feature","properties":{"name":"Obstzüchterstraße","highway":"residential"},"geometry":{"type":"LineString","coordinates":[[12.939209,52.3623832],[12.9389094,52.36264],[12.9386391,52.3628717],[12.9379892,52.3634292],[12.9377556,52.3636329],[12.9375184,52.3638397]]}},{"type":"Feature","properties":{"name":"Auf dem Strengfeld","highway":"residential"},"geometry":{"type":"LineString","coordinates":[[12.9376853,52.361897],[12.9373385,52.3623022],[12.9371082,52.3625724],[12.9370447,52.3626469],[12.9368015,52.362924],[12.9366028,52.3631507],[12.9364159,52.363368]]}},{"type":"Feature","properties":{"name":"Birnenweg","highway":"residential"},"geometry":{"type":"LineString","coordinates":[[12.9326318,52.3648328],[12.9333503,52.3642128],[12.9334458,52.36413],[12.9334941,52.3640428]]}},{"type":"Feature","properties":{"name":"Fichtengrund","highway":"service"},"geometry":{"type":"LineString","coordinates":[[12.9204832,52.3723928],[12.9204452,52.3724436],[12.9201887,52.3727998],[12.9199151,52.3731519]]}},{"type":"Feature","properties":{"name":"Mielestraße","highway":"unclassified"},"geometry":{"type":"LineString","coordinates":[[12.9116928,52.4035949],[12.9118472,52.4034368],[12.9120638,52.403215],[12.9122205,52.4030545],[12.9122939,52.4029793],[12.9127016,52.4025443],[12.9134466,52.4017153]]}},{"type":"Feature","properties":{"name":"Scheunhornweg","highway":"residential"},"geometry":{"type":"LineString","coordinates":[[12.9382367,52.3741537],[12.9382804,52.3740944],[12.9383468,52.3739268],[12.9383305,52.3737228],[12.9383102,52.373487],[12.9383225,52.3734065]]}},{"type":"Feature","properties":{"name":"Schweizer Straße","highway":"residential"},"geometry":{"type":"LineString","coordinates":[[12.9501339,52.3903016],[12.9502979,52.390242],[12.9508925,52.3893586],[12.9515514,52.3884021],[12.9522407,52.3875108]]}},{"type":"Feature","properties":{"name":"Plötziner Straße","highway":"service"},"geometry":{"type":"LineString","coordinates":[[12.8808774,52.3645818],[12.882661,52.3647672],[12.8840873,52.364788],[12.8844857,52.3647688],[12.8854496,52.3646538],[12.8858486,52.3646062]]}},{"type":"Feature","properties":{"name":"Havelobstallee","highway":"unclassified"},"geometry":{"type":"LineString","coordinates":[[12.873817,52.3699719],[12.8736807,52.3698068],[12.8736751,52.3696325],[12.8739013,52.3693637],[12.8752903,52.3684124],[12.8771532,52.3671258],[12.8807291,52.364675],[12.8808774,52.3645818]]}},{"type":"Feature","properties":{"name":"Karl-Liebknecht-Straße","highway":"unclassified"},"geometry":{"type":"LineString","coordinates":[[12.8807262,52.3609784],[12.8810567,52.3586394],[12.8813528,52.3566878],[12.8816792,52.3544717]]}},{"type":"Feature","properties":{"name":"Plötziner Straße","highway":"residential"},"geometry":{"type":"LineString","coordinates":[[12.8913152,52.3653896],[12.8920349,52.3654786],[12.8961682,52.3659077],[12.8974233,52.3660219],[12.8976678,52.36605],[12.8991451,52.3661913],[12.8992144,52.3662031],[12.8994592,52.366245],[12.9002652,52.3663916]]}},{"type":"Feature","properties":{"name":"Lindenstraße","highway":"residential"},"geometry":{"type":"LineString","coordinates":[[12.9418375,52.3796614],[12.9423015,52.3798027]]}},{"type":"Feature","properties":{"name":"Am Markt","highway":"residential"},"geometry":{"type":"LineString","coordinates":[[12.9421715,52.3792856],[12.9419416,52.3795443]]}},{"type":"Feature","properties":{"name":"Kreuzstraße","highway":"unclassified"},"geometry":{"type":"LineString","coordinates":[[12.8840861,52.3622754],[12.8840128,52.362195],[12.8808931,52.3611128],[12.8807262,52.3609784]]}},{"type":"Feature","properties":{"name":"Kemnitzer Chaussee","highway":"residential"},"geometry":{"type":"LineString","coordinates":[[12.9050821,52.3914232],[12.9048173,52.3915026],[12.9047024,52.391537],[12.9039627,52.3917585],[12.9032967,52.3919579],[12.9024846,52.3922011],[12.8998334,52.3929635]]}},{"type":"Feature","properties":{"name":"Waidmannspromenade","highway":"residential"},"geometry":{"type":"LineString","coordinates":[[12.9477556,52.3875679],[12.9479098,52.3884381],[12.9480542,52.3893277],[12.9482365,52.3903115],[12.9482945,52.3905953]]}},{"type":"Feature","properties":{"name":"Hoher Weg","highway":"residential"},"geometry":{"type":"LineString","coordinates":[[12.920358,52.387627],[12.920339,52.3876405],[12.9200757,52.3878276],[12.9199103,52.3879451]]}},{"type":"Feature","properties":{"name":"Am Ufer","highway":"residential"},"geometry":{"type":"LineString","coordinates":[[12.9477556,52.3875679],[12.9471579,52.3876294],[12.9465451,52.38776],[12.9461589,52.3879224],[12.9458156,52.3881215],[12.9455066,52.3884096],[12.9453349,52.3886768],[12.9452319,52.3890277],[12.9452165,52.3893223],[12.9452147,52.3893577],[12.9451624,52.3899601],[12.9451158,52.3904407],[12.9450927,52.39055],[12.9450752,52.3906859],[12.9449315,52.3911631],[12.9447558,52.3917401],[12.9447579,52.3917863]]}},{"type":"Feature","properties":{"name":"Kemnitzer Chaussee","highway":"tertiary"},"geometry":{"type":"LineString","coordinates":[[12.9175354,52.3848601],[12.9173608,52.3850294],[12.9173219,52.3850671],[12.9170212,52.3853585],[12.9166667,52.3857005],[12.916305,52.3861361],[12.915763,52.3867887]]}},{"type":"Feature","properties":{"name":"Kemnitzer Chaussee","highway":"residential"},"geometry":{"type":"LineString","coordinates":[[12.8950753,52.3959042],[12.894903,52.3960438],[12.8947445,52.3961871],[12.8927255,52.3980356],[12.8926264,52.398131]]}},{"type":"Feature","properties":{"name":"Eisenbahnstraße","highway":"secondary"},"geometry":{"type":"LineString","coordinates":[[12.9289259,52.3862383],[12.9304269,52.3849703],[12.9306113,52.3848078],[12.9309538,52.384506],[12.9318262,52.383702],[12.9322395,52.3833366],[12.9323726,52.3832247],[12.9325654,52.3830626],[12.9326332,52.3830056],[12.9328106,52.3828565]]}},{"type":"Feature","properties":{"name":"Hoher Weg","highway":"residential"},"geometry":{"type":"LineString","coordinates":[[12.9215186,52.3868572],[12.9210322,52.3871765],[12.9207614,52.3873564],[12.920358,52.387627]]}},{"type":"Feature","properties":{"name":"Kemnitzer Chaussee","highway":"tertiary"},"geometry":{"type":"LineString","coordinates":[[12.915763,52.3867887],[12.9155417,52.3870503],[12.9154914,52.3871098],[12.9152956,52.3873412],[12.9148816,52.3878305],[12.914845,52.3878626],[12.9147816,52.3879117],[12.9146936,52.3879728],[12.9143331,52.3882042],[12.9136515,52.3886422]]}},{"type":"Feature","properties":{"name":"Am Plessower See","highway":"unclassified"},"geometry":{"type":"LineString","coordinates":[[12.9086422,52.3848935],[12.9088907,52.384314]]}},{"type":"Feature","properties":{"name":"Sentastraße","highway":"residential"},"geometry":{"type":"LineString","coordinates":[[12.9062734,52.3893971],[12.9077294,52.3897975],[12.9091815,52.3901994]]}},{"type":"Feature","properties":{"name":"Am Plessower See","highway":"unclassified"},"geometry":{"type":"LineString","coordinates":[[12.9113772,52.3808912],[12.911277,52.3808517],[12.9111353,52.3808099],[12.9109669,52.3807463],[12.9108108,52.3806701],[12.9106729,52.3805844],[12.9105415,52.3804791],[12.9103508,52.3802962],[12.9101964,52.3801016],[12.9100968,52.379935],[12.91004,52.3798106],[12.9099889,52.3796554],[12.9099749,52.379622],[12.9098996,52.3794423],[12.9097667,52.379197],[12.9095914,52.3789429],[12.9094808,52.3787336],[12.9094256,52.3786049],[12.9093317,52.3782939],[12.9092985,52.3780824],[12.9092906,52.3778272],[12.9093152,52.3775869],[12.9092922,52.3773842],[12.9093208,52.3769312],[12.9093695,52.3765832],[12.90949,52.3762778],[12.909707,52.3758041],[12.9100468,52.3752519],[12.9100873,52.3751851],[12.9102607,52.3748992],[12.9104481,52.37459],[12.9108539,52.3739162],[12.9108626,52.3737238],[12.9107946,52.3735835],[12.9106019,52.3734799],[12.9104005,52.3733813],[12.9098687,52.3731211],[12.9094578,52.3728843],[12.9093356,52.3727582],[12.9091421,52.3722829],[12.9089731,52.3719212],[12.9089673,52.3719088],[12.9089373,52.3718291],[12.9089268,52.3717575],[12.9089283,52.371695],[12.9089438,52.3716247],[12.9090477,52.3713054],[12.9091128,52.3711053],[12.9091238,52.3710233],[12.9091297,52.3709798],[12.9091514,52.3708184]]}},{"type":"Feature","properties":{"name":"Asternstraße","highway":"residential"},"geometry":{"type":"LineString","coordinates":[[12.9040925,52.3980989],[12.9037763,52.398123],[12.9033892,52.3980543],[12.9013829,52.3977117],[12.9009411,52.3976443],[12.9002367,52.3975281],[12.8995294,52.3974069],[12.8979682,52.3971317]]}},{"type":"Feature","properties":{"name":"Hoher Weg","highway":"residential"},"geometry":{"type":"LineString","coordinates":[[12.923728,52.3854418],[12.9236416,52.3854898],[12.9233224,52.3856955],[12.9230932,52.3858406],[12.9225764,52.386168],[12.9224425,52.3862528],[12.9223303,52.3863244],[12.9218083,52.3866729],[12.9215186,52.3868572]]}},{"type":"Feature","properties":{"name":"Brandenburger Straße","highway":"residential"},"geometry":{"type":"LineString","coordinates":[[12.9344704,52.3760379],[12.9341831,52.3763856],[12.9341627,52.3764088],[12.9341083,52.376464]]}},{"type":"Feature","properties":{"name":"Himbeerweg","highway":"residential"},"geometry":{"type":"LineString","coordinates":[[12.9329868,52.3649818],[12.933534,52.364491],[12.9338265,52.3646145],[12.9341371,52.364749],[12.9344431,52.3648815],[12.9347456,52.3650126],[12.9349037,52.365081],[12.9349727,52.3651512]]}},{"type":"Feature","properties":{"name":"Hagebuttenstraße","highway":"residential"},"geometry":{"type":"LineString","coordinates":[[12.9315894,52.3633318],[12.9318023,52.3631514]]}},{"type":"Feature","properties":{"name":"Knupperweg","highway":"residential"},"geometry":{"type":"LineString","coordinates":[[12.9299727,52.3636881],[12.9315527,52.3622813],[12.9324995,52.3614677],[12.9337979,52.3603404],[12.9345545,52.3596836]]}},{"type":"Feature","properties":{"name":"Karl-Foerster-Straße","highway":"residential"},"geometry":{"type":"LineString","coordinates":[[12.9042665,52.394451],[12.9065744,52.3937437],[12.9066179,52.3937119],[12.9066416,52.3936668],[12.906636,52.3936209],[12.9063523,52.3932768]]}},{"type":"Feature","properties":{"name":"Karl-Hagemeister-Straße","highway":"residential"},"geometry":{"type":"LineString","coordinates":[[12.9039145,52.3940062],[12.9063523,52.3932768]]}},{"type":"Feature","properties":{"name":"Am Stadtpark","highway":"residential"},"geometry":{"type":"LineString","coordinates":[[12.9165255,52.3735501],[12.9176668,52.3715988],[12.9177022,52.3715383]]}},{"type":"Feature","properties":{"name":"Am Berliner Ring","highway":"residential"},"geometry":{"type":"LineString","coordinates":[[12.8239776,52.3998075],[12.8245947,52.3996437],[12.8250809,52.3993299],[12.8254617,52.3992077],[12.8259443,52.3991939],[12.8266252,52.3990066],[12.827126,52.3988688],[12.8271678,52.3988572],[12.827375,52.3988666],[12.8274849,52.3988717],[12.8279521,52.3987414]]}},{"type":"Feature","properties":{"name":"An der Autobahn","highway":"service"},"geometry":{"type":"LineString","coordinates":[[12.8375268,52.3927262],[12.8379675,52.393143],[12.8371569,52.393462],[12.8369028,52.3935981],[12.8366956,52.3936839]]}},{"type":"Feature","properties":{"name":"An der B1","highway":"primary"},"geometry":{"type":"LineString","coordinates":[[12.8678172,52.3810276],[12.8682776,52.380849],[12.8686924,52.380688]]}},{"type":"Feature","properties":{"name":"Am Magna Park","highway":"residential"},"geometry":{"type":"LineString","coordinates":[[12.8469615,52.3910286],[12.8467886,52.3910107],[12.846695,52.3910048],[12.8465689,52.3910036],[12.8464513,52.3910079],[12.8463089,52.3910212],[12.846169,52.3910422],[12.8460327,52.3910709],[12.8459013,52.391107],[12.8457796,52.3911489],[12.8454576,52.3912646],[12.8451051,52.3913912],[12.8446179,52.3915876],[12.8445187,52.391631]]}},{"type":"Feature","properties":{"name":"Am Nordhang","highway":"residential"},"geometry":{"type":"LineString","coordinates":[[12.8293601,52.3958892],[12.8293132,52.3958223],[12.8292957,52.3957986],[12.8288548,52.3951739],[12.828693,52.3948874],[12.8285337,52.3946052],[12.8280076,52.393806],[12.8280017,52.3937867],[12.8280044,52.3937724],[12.8280138,52.393758],[12.8280386,52.3937426],[12.8285691,52.3936117],[12.8286005,52.3936082],[12.8286258,52.3936109],[12.8286524,52.3936183],[12.8286706,52.3936299],[12.8293532,52.3946337],[12.828693,52.3948874]]}},{"type":"Feature","properties":{"name":"Springeweg","highway":"residential"},"geometry":{"type":"LineString","coordinates":[[12.9008092,52.3480336],[12.9008089,52.3478938],[12.9010105,52.3469664],[12.9011126,52.3464791],[12.9012296,52.3463609]]}},{"type":"Feature","properties":{"name":"An der Ziegelei","highway":"residential"},"geometry":{"type":"LineString","coordinates":[[12.9205355,52.3554155],[12.9204878,52.3553679],[12.919509,52.3544056],[12.9194316,52.3541395]]}},{"type":"Feature","properties":{"name":"An den Hainbuchen","highway":"residential"},"geometry":{"type":"LineString","coordinates":[[12.9134466,52.4017153],[12.914586,52.4020762],[12.9148248,52.402155],[12.9160008,52.402543],[12.9175761,52.4030449],[12.9187277,52.40341],[12.9189268,52.4034866],[12.919089,52.4035927],[12.9196662,52.4043554],[12.9202317,52.4051064],[12.9206911,52.4057281]]}},{"type":"Feature","properties":{"name":"Hans-Grade-Straße","highway":"unclassified"},"geometry":{"type":"LineString","coordinates":[[12.9134466,52.4017153],[12.9122711,52.4013443],[12.9121054,52.4012714],[12.9120027,52.4011893],[12.9114191,52.4005653],[12.9113698,52.4005126],[12.9107986,52.3999018],[12.9106644,52.3997583],[12.9104069,52.399483]]}},{"type":"Feature","properties":{"name":"Maulbeerweg","highway":"residential"},"geometry":{"type":"LineString","coordinates":[[12.8240018,52.3987523],[12.8246019,52.3986035],[12.8265433,52.3979817],[12.8266072,52.3979524],[12.8266474,52.3979221],[12.8266771,52.3978891],[12.8267064,52.3977994],[12.8267285,52.3977593],[12.8267667,52.3977237],[12.8268356,52.3976947],[12.8269456,52.3976578],[12.8273698,52.3975154],[12.8283307,52.3971948]]}},{"type":"Feature","properties":{"name":"Langer Grund","highway":"residential"},"geometry":{"type":"LineString","coordinates":[[12.9070491,52.3516601],[12.9066489,52.3516309],[12.9066129,52.3516244],[12.9065808,52.3516124],[12.9065548,52.3515958],[12.9065367,52.3515757],[12.9065277,52.3515534],[12.9065284,52.3515305],[12.906793,52.3501743],[12.9069401,52.34942],[12.9069365,52.3493992],[12.9069236,52.3493798],[12.9069029,52.349363],[12.9068759,52.3493501],[12.9068443,52.3493418],[12.9060565,52.3492256],[12.9060282,52.3492236],[12.9060004,52.3492272],[12.9059757,52.3492359],[12.9059568,52.3492489],[12.9059466,52.3492649],[12.9057844,52.3500292],[12.9057833,52.3500452],[12.905789,52.3500608],[12.9058012,52.3500749],[12.9058191,52.3500866],[12.9058413,52.3500951],[12.9058663,52.3500997],[12.906793,52.3501743]]}},{"type":"Feature","properties":{"name":"Kietz","highway":"service"},"geometry":{"type":"LineString","coordinates":[[12.911398,52.3650728],[12.9118281,52.3651372],[12.912258,52.3652384],[12.9128048,52.3651826]]}},{"type":"Feature","properties":{"name":"Kietz","highway":"service"},"geometry":{"type":"LineString","coordinates":[[12.912258,52.3652384],[12.9122701,52.3655195],[12.9121357,52.3656279]]}},{"type":"Feature","properties":{"name":"Kietz","highway":"service"},"geometry":{"type":"LineString","coordinates":[[12.9115149,52.36448],[12.9115039,52.3645675],[12.9114671,52.3648198],[12.9114741,52.3648422],[12.9114978,52.3648653],[12.9115348,52.3648798],[12.911577,52.3648866],[12.9121424,52.3649215],[12.9127204,52.3648504]]}},{"type":"Feature","properties":{"name":"Kietz","highway":"service"},"geometry":{"type":"LineString","coordinates":[[12.911577,52.3648866],[12.9115662,52.3649726],[12.911398,52.3650728]]}},{"type":"Feature","properties":{"name":"Am Rüsterhorn","highway":"residential"},"geometry":{"type":"LineString","coordinates":[[12.9366329,52.3441953],[12.9361735,52.3443853],[12.9356868,52.3446427],[12.9355358,52.3448917],[12.9354911,52.3456048],[12.9350706,52.3462203],[12.9346395,52.347037],[12.9345702,52.3471908],[12.9339823,52.3481796],[12.9335962,52.3487335],[12.9333485,52.3489892],[12.9331537,52.3492215],[12.932999,52.3497541],[12.9328825,52.3499976],[12.9326516,52.3502427],[12.9319001,52.3506765],[12.9318508,52.3507285],[12.9314323,52.3510145],[12.9310561,52.351269],[12.9308215,52.3514015],[12.9306657,52.351436]]}},{"type":"Feature","properties":{"name":"Zum Inselparadies","highway":"residential"},"geometry":{"type":"LineString","coordinates":[[12.9384322,52.3451044],[12.938625,52.3450758],[12.9389291,52.3449767],[12.9391799,52.3448827],[12.9393946,52.3447707],[12.939604,52.344689],[12.9398596,52.3446341],[12.9399244,52.3446128],[12.9401842,52.3445038],[12.9402318,52.3444789]]}},{"type":"Feature","properties":{"name":"Zum Inselparadies","highway":"residential"},"geometry":{"type":"LineString","coordinates":[[12.9380661,52.3452011],[12.9378487,52.3452629],[12.9374093,52.3454628],[12.9371727,52.3455704],[12.9370841,52.3456827],[12.9371078,52.3457803],[12.9372957,52.3459408],[12.9374971,52.3461506],[12.937739,52.3463677],[12.9378489,52.3464765],[12.9381207,52.3467198],[12.9384594,52.3469562],[12.9393636,52.3473365],[12.9394754,52.3474353],[12.9395925,52.3475694],[12.9396832,52.3476937],[12.939877,52.3479572],[12.9396682,52.3480406],[12.9395981,52.3480686]]}},{"type":"Feature","properties":{"name":"Weißweinweg","highway":"service"},"geometry":{"type":"LineString","coordinates":[[12.9330337,52.3680204],[12.9331396,52.3679576],[12.9331474,52.3679532],[12.9332704,52.3678841],[12.9338617,52.3674896],[12.9350039,52.3667021],[12.9356335,52.3661371]]}},{"type":"Feature","properties":{"name":"Fercher Straße","highway":"residential"},"geometry":{"type":"LineString","coordinates":[[12.9509411,52.3524852],[12.9506455,52.3520745],[12.9504783,52.3518853],[12.9488681,52.3527278]]}},{"type":"Feature","properties":{"name":"Fercher Straße","highway":"residential"},"geometry":{"type":"LineString","coordinates":[[12.9477331,52.3473485],[12.9476305,52.3473541],[12.9463734,52.3477145]]}},{"type":"Feature","properties":{"name":"Grelle","highway":"residential"},"geometry":{"type":"LineString","coordinates":[[12.9372121,52.34354],[12.9369066,52.3434443],[12.9363388,52.3432376],[12.9360307,52.3431844],[12.935702,52.34312],[12.9352585,52.3428455]]}},{"type":"Feature","properties":{"name":"Zum Lindentor","highway":"unclassified"},"geometry":{"type":"LineString","coordinates":[[12.9278514,52.3410152],[12.9282365,52.3409948]]}},{"type":"Feature","properties":{"name":"Zum Lindentor","highway":"unclassified"},"geometry":{"type":"LineString","coordinates":[[12.9282365,52.3409948],[12.928721,52.3409913],[12.9288926,52.3409913],[12.931356,52.3413846],[12.9331404,52.3418979],[12.9339911,52.342016]]}},{"type":"Feature","properties":{"name":"Zum Lindentor","highway":"residential"},"geometry":{"type":"LineString","coordinates":[[12.9400814,52.342752],[12.9396025,52.342924],[12.9392127,52.3430196],[12.9388395,52.3430719],[12.938618,52.343099],[12.9384066,52.3431438],[12.9380335,52.3432726]]}},{"type":"Feature","properties":{"name":"Zum Lindentor","highway":"residential"},"geometry":{"type":"LineString","coordinates":[[12.9380335,52.3432726],[12.937462,52.3436202]]}},{"type":"Feature","properties":{"name":"Am Schwielowsee","highway":"residential"},"geometry":{"type":"LineString","coordinates":[[12.9504783,52.3518853],[12.950618,52.3517248],[12.9509853,52.3513494],[12.951026,52.3512989]]}},{"type":"Feature","properties":{"name":"Am Mühlenberg","highway":"service"},"geometry":{"type":"LineString","coordinates":[[12.9420567,52.3776137],[12.9421118,52.3776174],[12.9422375,52.3776791],[12.9423227,52.3777663]]}},{"type":"Feature","properties":{"name":"Am Plessower Eck","highway":"service"},"geometry":{"type":"LineString","coordinates":[[12.8666998,52.3802902],[12.8675721,52.3799459],[12.8680174,52.3799883]]}},{"type":"Feature","properties":{"name":"Alpenstraße","highway":"residential"},"geometry":{"type":"LineString","coordinates":[[12.9141127,52.3567789],[12.9143003,52.3567173],[12.9144535,52.3566868],[12.9145965,52.3566661],[12.9151869,52.3565993],[12.9154727,52.3565411],[12.9157123,52.3564597],[12.9158201,52.3563985],[12.9159132,52.3563238],[12.9163343,52.3559495],[12.9163891,52.3558857],[12.9163963,52.3558411],[12.9168926,52.3556769],[12.9169929,52.355649],[12.9170986,52.355631],[12.9173356,52.3556068],[12.9175745,52.3555896],[12.9177136,52.3556018],[12.9179511,52.3556363],[12.9181726,52.3556884],[12.9184208,52.3557567],[12.9185518,52.3557927],[12.9189043,52.3558113],[12.9192785,52.3557913],[12.9195719,52.3557255],[12.9200877,52.3555659],[12.9203822,52.355482],[12.9205355,52.3554155],[12.9207742,52.3553106],[12.9210423,52.3552453],[12.9212302,52.3551927],[12.9214094,52.3551531],[12.9222125,52.3549743],[12.9229957,52.3550633],[12.923132,52.3550656]]}},{"type":"Feature","properties":{"name":"Zum Strandbad","highway":"residential"},"geometry":{"type":"LineString","coordinates":[[12.9136855,52.3619672],[12.915734,52.3616721]]}},{"type":"Feature","properties":{"name":"Potsdamer Straße","highway":"living_street"},"geometry":{"type":"LineString","coordinates":[[12.9409362,52.36463],[12.9432482,52.3652781]]}},{"type":"Feature","properties":{"name":"Potsdamer Straße","highway":"living_street"},"geometry":{"type":"LineString","coordinates":[[12.9402465,52.3655883],[12.9414165,52.36587],[12.9420362,52.3658398],[12.9424851,52.365944]]}},{"type":"Feature","properties":{"name":"Potsdamer Straße","highway":"service"},"geometry":{"type":"LineString","coordinates":[[12.9406248,52.3650611],[12.9415558,52.3653268],[12.9416283,52.3653342],[12.9416843,52.3653293],[12.9417355,52.3652916],[12.9418549,52.3651434],[12.9419129,52.3651168],[12.9420051,52.3651254],[12.9430148,52.365392]]}},{"type":"Feature","properties":{"name":"Glindower Weg","highway":"unclassified"},"geometry":{"type":"LineString","coordinates":[[12.8363155,52.3639941],[12.8373428,52.3639421],[12.8420066,52.3637058],[12.8422933,52.3636864],[12.8449987,52.3633963],[12.8483321,52.3630538],[12.8498923,52.3629038],[12.854827,52.3624437],[12.8581715,52.3621582],[12.8583919,52.3621475],[12.8598255,52.3620705],[12.8603064,52.3620447],[12.8623627,52.3619856],[12.8642279,52.3619183],[12.8657616,52.3618179],[12.8672121,52.361734]]}},{"type":"Feature","properties":{"name":"Am Wasser","highway":"residential"},"geometry":{"type":"LineString","coordinates":[[12.9149453,52.358181],[12.9150483,52.3582405],[12.9153683,52.3586194],[12.9157305,52.3590329],[12.9162498,52.3595801]]}},{"type":"Feature","properties":{"name":"Plessower Hauptstraße","highway":"service"},"geometry":{"type":"LineString","coordinates":[[12.8752972,52.3841293],[12.8766241,52.383694]]}},{"type":"Feature","properties":{"name":"Berliner Chaussee","highway":"primary"},"geometry":{"type":"LineString","coordinates":[[12.9596719,52.3569343],[12.9595213,52.3568888],[12.9593336,52.3568615],[12.959168,52.3568449],[12.9590097,52.3568399],[12.9588582,52.3568383],[12.9587294,52.3568454],[12.9584548,52.3568677],[12.9580869,52.3569191]]}},{"type":"Feature","properties":{"name":"Berliner Chaussee","highway":"primary"},"geometry":{"type":"LineString","coordinates":[[12.9583198,52.3568443],[12.958406,52.3568207],[12.9588417,52.3567717],[12.9590631,52.3567664],[12.9592809,52.3567796],[12.9595509,52.3568303],[12.9597153,52.3568524]]}},{"type":"Feature","properties":{"name":"Fercher Straße","highway":"tertiary"},"geometry":{"type":"LineString","coordinates":[[12.9406589,52.3400462],[12.9403542,52.3387136],[12.9402574,52.3385453],[12.940099,52.3383129],[12.9398966,52.3381049],[12.9391732,52.3375145],[12.9381007,52.3365507],[12.9375351,52.336131],[12.9370506,52.3357832],[12.9363552,52.3353782],[12.9349744,52.3346617],[12.9335279,52.3339291],[12.9330039,52.3337085],[12.9328843,52.3336581],[12.9325661,52.3335456],[12.9315236,52.3332161],[12.9312599,52.333138],[12.9307942,52.3329571],[12.9302999,52.3327323],[12.9297507,52.3324648],[12.9294819,52.3323128],[12.9292686,52.3321686],[12.9291082,52.3320313]]}},{"type":"Feature","properties":{"name":"Fercher Straße","highway":"tertiary"},"geometry":{"type":"LineString","coordinates":[[12.9436751,52.3450155],[12.9435575,52.344988],[12.9434958,52.344972],[12.9432739,52.3449712],[12.9430101,52.3449571],[12.9426981,52.3449191],[12.9421821,52.3448438],[12.9415432,52.3447632],[12.9411742,52.3447069],[12.9410899,52.3446894],[12.9407653,52.3445968],[12.940623,52.3445528],[12.9405758,52.3445342]]}},{"type":"Feature","properties":{"name":"Berliner Chaussee","highway":"primary"},"geometry":{"type":"LineString","coordinates":[[12.9475616,52.3614263],[12.9477665,52.3613487],[12.9478206,52.3613277],[12.9493173,52.3607436],[12.9494201,52.3607037],[12.9494511,52.3606914],[12.9497709,52.3605657],[12.9500543,52.3604011],[12.9503645,52.3601949],[12.9506252,52.3599582],[12.9507821,52.3597889],[12.9507855,52.3597853],[12.9508064,52.3597642],[12.9511006,52.3594663],[12.9513046,52.3592581],[12.9514192,52.3591874],[12.9515282,52.3591201],[12.9516229,52.3590616],[12.9517691,52.3589984],[12.9518314,52.3589715],[12.9521338,52.3588667],[12.9524322,52.3587913],[12.9551529,52.3582451],[12.9555346,52.3581556],[12.9559144,52.3580452],[12.9563916,52.3578316],[12.9568564,52.3575714],[12.9572774,52.3573155],[12.9577115,52.3570574],[12.9578968,52.3569754],[12.9580869,52.3569191]]}},{"type":"Feature","properties":{"name":"Am Strengfeld","highway":"residential"},"geometry":{"type":"LineString","coordinates":[[12.9420373,52.363569],[12.9410377,52.3631435],[12.9406122,52.3629895]]}},{"type":"Feature","properties":{"name":"Rotkehlchenweg","highway":"residential"},"geometry":{"type":"LineString","coordinates":[[12.920645,52.3797876],[12.9206026,52.3798214],[12.9205425,52.3798429],[12.9204735,52.3798491],[12.9204058,52.379839],[12.9203493,52.3798141],[12.9203122,52.3797781],[12.9203,52.3797362],[12.9203193,52.3796883],[12.9203707,52.3796502],[12.9204441,52.3796294],[12.9205251,52.3796301],[12.9205975,52.3796522],[12.9206471,52.3796913],[12.9206641,52.3797396],[12.920645,52.3797876]]}},{"type":"Feature","properties":{"name":"An der B1","highway":"primary"},"geometry":{"type":"LineString","coordinates":[[12.8827545,52.3753951],[12.883558,52.3751711]]}},{"type":"Feature","properties":{"name":"Glindower Chausseestraße","highway":"primary"},"geometry":{"type":"LineString","coordinates":[[12.8879753,52.3739099],[12.8882081,52.3738441],[12.8882613,52.3738291],[12.8883409,52.3738065],[12.8885571,52.3737451],[12.8887107,52.3737015],[12.8890538,52.3736043],[12.8893822,52.3735112],[12.890589,52.3731813],[12.8906616,52.3731614],[12.8909631,52.3730745],[12.8918776,52.372811],[12.8936318,52.3723056],[12.8946079,52.3720244],[12.8960279,52.3716289],[12.8962875,52.3715566],[12.8965421,52.3714857],[12.8966032,52.3714687],[12.8968486,52.3713982],[12.8971095,52.3713233],[12.8974832,52.3712165],[12.897527,52.3712038],[12.8976069,52.3711807],[12.8977465,52.3711404],[12.8997073,52.3705734],[12.9001222,52.3704502],[12.902315,52.3698361],[12.9025276,52.3697857],[12.9028031,52.3697478],[12.903039,52.3697333],[12.903223,52.3697303],[12.903413,52.369737],[12.9040217,52.3698113],[12.9046118,52.3698878],[12.9053064,52.3700064],[12.9058124,52.3701247],[12.9061719,52.3702278],[12.9075555,52.3706391],[12.9077835,52.3707038],[12.9080158,52.3707534],[12.9082939,52.3707948],[12.9086182,52.3708188],[12.9088666,52.3708248],[12.9091514,52.3708184]]}},{"type":"Feature","properties":{"name":"Alte Straße","highway":"residential"},"geometry":{"type":"LineString","coordinates":[[12.9077344,52.3654779],[12.9077003,52.3654284],[12.907545,52.365203]]}},{"type":"Feature","properties":{"name":"Friedensplatz","highway":"service"},"geometry":{"type":"LineString","coordinates":[[12.911095,52.3652425],[12.9101512,52.3653796],[12.9098957,52.3654143]]}},{"type":"Feature","properties":{"name":"Glindower Dorfstraße","highway":"residential"},"geometry":{"type":"LineString","coordinates":[[12.9061757,52.365612],[12.907545,52.365203],[12.9092794,52.3647225],[12.9097189,52.3646608]]}},{"type":"Feature","properties":{"name":"Bliesendorfer Dorfstraße","highway":"residential"},"geometry":{"type":"LineString","coordinates":[[12.8471601,52.3368985],[12.8473648,52.3369839],[12.8482471,52.3372747],[12.8492216,52.3376178]]}},{"type":"Feature","properties":{"name":"Am Schwielowsee","highway":"tertiary"},"geometry":{"type":"LineString","coordinates":[[12.951026,52.3512989],[12.9505768,52.3511036],[12.9503898,52.3509956],[12.9503263,52.3509452],[12.9495328,52.3503163]]}},{"type":"Feature","properties":{"name":"Zum Lindentor","highway":"residential"},"geometry":{"type":"LineString","coordinates":[[12.9361696,52.3423766],[12.9363721,52.3424842],[12.9365869,52.3425653],[12.9367843,52.3426005],[12.9369306,52.3426316],[12.9370265,52.3426662],[12.9380335,52.3432726]]}},{"type":"Feature","properties":{"name":"Am Schwielowsee","highway":"tertiary"},"geometry":{"type":"LineString","coordinates":[[12.9493364,52.3501366],[12.9492601,52.3500741],[12.9491146,52.3499676],[12.9489374,52.3498452],[12.9481239,52.3492911],[12.947593,52.3490133],[12.9473984,52.3488907],[12.9471933,52.3487138]]}},{"type":"Feature","properties":{"name":"Am Havelbogen","highway":"residential"},"geometry":{"type":"LineString","coordinates":[[12.9327233,52.3835093],[12.9339595,52.3836946],[12.9338223,52.3841243],[12.9323894,52.3839764]]}},{"type":"Feature","properties":{"name":"Inselblick","highway":"residential"},"geometry":{"type":"LineString","coordinates":[[12.9329669,52.3831422],[12.9338368,52.383243],[12.9339627,52.3828762],[12.9331237,52.3827686]]}},{"type":"Feature","properties":{"name":"Schelmsteig","highway":"service"},"geometry":{"type":"LineString","coordinates":[[12.9016655,52.3482728],[12.9008092,52.3480336]]}},{"type":"Feature","properties":{"name":"Rosa-Luxemburg-Straße","highway":"residential"},"geometry":{"type":"LineString","coordinates":[[12.9042738,52.3509395],[12.9039202,52.3526266]]}},{"type":"Feature","properties":{"name":"Rosa-Luxemburg-Straße","highway":"residential"},"geometry":{"type":"LineString","coordinates":[[12.904617,52.3527926],[12.9041179,52.3526673],[12.9040063,52.3526423],[12.9039202,52.3526266],[12.9026051,52.3525247],[12.9025612,52.3525164],[12.9025199,52.3525041],[12.9024875,52.3524907],[12.9024582,52.3524748],[12.9024167,52.3524815],[12.9023833,52.3524956],[12.9023474,52.3525168],[12.9023187,52.3525417],[12.9022952,52.3525758],[12.9022853,52.3526123],[12.902232,52.3528712],[12.9022242,52.352886],[12.9022105,52.3528991],[12.9021917,52.3529096],[12.9021691,52.3529168],[12.9021443,52.3529202],[12.9021189,52.3529197],[12.9007234,52.3528122],[12.8999089,52.3527495],[12.8998761,52.3527421],[12.8998485,52.3527289],[12.8998276,52.3527097],[12.8998181,52.3526873]]}},{"type":"Feature","properties":{"name":"Friedrich-Ebert-Straße","highway":"residential"},"geometry":{"type":"LineString","coordinates":[[12.9024582,52.3524748],[12.9028043,52.3508307],[12.902937,52.3501078],[12.9029498,52.3500705],[12.9029738,52.3500353],[12.9030073,52.350004],[12.9030495,52.349977],[12.9039072,52.3497322]]}},{"type":"Feature","properties":{"name":"Ostweg","highway":"residential"},"geometry":{"type":"LineString","coordinates":[[12.9089194,52.3496536],[12.9119703,52.3487383],[12.9123594,52.3486453],[12.9128,52.3486386]]}},{"type":"Feature","properties":{"name":"Langer Grund","highway":"residential"},"geometry":{"type":"LineString","coordinates":[[12.9091506,52.3486788],[12.9089194,52.3496536],[12.908865,52.3498607],[12.9087852,52.350021],[12.9086527,52.3501413],[12.9084708,52.3502806],[12.9073289,52.3510961],[12.9072484,52.3511657],[12.9071821,52.3512335],[12.9071371,52.3513015],[12.907104,52.3513886]]}},{"type":"Feature","properties":{"name":"Unter den Linden","highway":"secondary"},"geometry":{"type":"LineString","coordinates":[[12.9357223,52.3768662],[12.9354629,52.376809],[12.9351537,52.3767232],[12.9347092,52.3766004]]}},{"type":"Feature","properties":{"name":"Unter den Linden","highway":"residential"},"geometry":{"type":"LineString","coordinates":[[12.9357223,52.3768662],[12.9362086,52.3769973],[12.9369024,52.3771844]]}},{"type":"Feature","properties":{"name":"Derwitzer Winkel","highway":"unclassified"},"geometry":{"type":"LineString","coordinates":[[12.8294153,52.4050111],[12.8297386,52.4049468],[12.829863,52.4049161],[12.8300815,52.4048469],[12.8301768,52.4048075],[12.8302938,52.4047591],[12.8305231,52.4046425],[12.8307218,52.4045175],[12.8310971,52.4042586],[12.8314228,52.4040291],[12.8315958,52.4039176],[12.8317575,52.4038224],[12.8318985,52.4037476],[12.8320309,52.4036892],[12.832114,52.4036614],[12.8321915,52.4036439],[12.8347181,52.4032209],[12.8348142,52.4032079],[12.8351376,52.4031767],[12.8354094,52.4031504],[12.8357211,52.4031203]]}},{"type":"Feature","properties":{"name":"Derwitzer Dorfstraße","highway":"residential"},"geometry":{"type":"LineString","coordinates":[[12.8251757,52.4032951],[12.8251313,52.4032924],[12.8249432,52.4032809],[12.8246998,52.403285],[12.824539,52.4032968],[12.824395,52.4033073],[12.8242655,52.403323],[12.8241644,52.4033462],[12.8241002,52.4033741],[12.8240617,52.4033951],[12.824025,52.4034274],[12.8239751,52.4034916],[12.8239158,52.4035493],[12.8238381,52.4036011],[12.8237504,52.4036466],[12.8236058,52.4037037],[12.8234451,52.4037517],[12.823247,52.4037972],[12.8230254,52.4038338],[12.8227391,52.4038665],[12.8221369,52.40392],[12.8218798,52.4039522],[12.8208999,52.404127]]}},{"type":"Feature","properties":{"name":"Derwitzer Dorfstraße","highway":"residential"},"geometry":{"type":"LineString","coordinates":[[12.825495,52.4032693],[12.8272447,52.4031058],[12.8276416,52.4030687]]}},{"type":"Feature","properties":{"name":"Derwitzer Winkel","highway":"unclassified"},"geometry":{"type":"LineString","coordinates":[[12.8357211,52.4031203],[12.836526,52.4030487],[12.8369121,52.4030281],[12.837,52.4030252],[12.8373011,52.4030154],[12.8376825,52.4030122],[12.8380853,52.4030154],[12.8410741,52.4030379],[12.841771,52.4030646],[12.8427822,52.4031163]]}},{"type":"Feature","properties":{"name":"Adolf-Damaschke-Straße","highway":"service"},"geometry":{"type":"LineString","coordinates":[[12.925522,52.3927737],[12.9253213,52.3928097],[12.925158,52.3928034],[12.9251175,52.3927954],[12.9250425,52.3927806],[12.9249363,52.3927358],[12.9248075,52.3926612]]}},{"type":"Feature","properties":{"name":"Eisenbahnstraße","highway":"secondary"},"geometry":{"type":"LineString","coordinates":[[12.933611,52.376778],[12.9333823,52.3769054]]}},{"type":"Feature","properties":{"name":"Eisenbahnstraße","highway":"secondary"},"geometry":{"type":"LineString","coordinates":[[12.933296,52.3776942],[12.9331724,52.377272]]}},{"type":"Feature","properties":{"name":"Eisenbahnstraße","highway":"secondary"},"geometry":{"type":"LineString","coordinates":[[12.9331724,52.377272],[12.933168,52.3771978],[12.9331706,52.3771401],[12.9331815,52.3770755],[12.9332105,52.3770249]]}},{"type":"Feature","properties":{"name":"Hoher Weg","highway":"residential"},"geometry":{"type":"LineString","coordinates":[[12.9328154,52.3777951],[12.9327632,52.3778384],[12.9325609,52.3780839],[12.9320248,52.3787345],[12.9318597,52.3789686],[12.9315259,52.379442],[12.9314603,52.3795343],[12.9310831,52.3800651],[12.9305705,52.3807617],[12.9304735,52.3808635],[12.9304489,52.3808893],[12.9300836,52.3812339],[12.9294285,52.3817969],[12.9287313,52.3824035],[12.9278608,52.3828745],[12.9266461,52.3835316],[12.9261598,52.3837947],[12.9259499,52.3839225],[12.9256582,52.3842327],[12.9255224,52.3843493],[12.9253632,52.3844553],[12.9252369,52.3845342],[12.9243387,52.3850954],[12.92389,52.3853692],[12.9238122,52.3854118],[12.923728,52.3854418]]}},{"type":"Feature","properties":{"name":"Kemnitzer Straße","highway":"tertiary"},"geometry":{"type":"LineString","coordinates":[[12.9256153,52.3777758],[12.9254832,52.3778991],[12.9252598,52.3780355],[12.9249128,52.3781852],[12.9244824,52.3783709],[12.9241826,52.3785018],[12.9233718,52.3788558],[12.9232422,52.3789509],[12.9230538,52.3791259],[12.9226939,52.3794934],[12.9225657,52.3796244],[12.9225049,52.3796865],[12.9224216,52.3797716],[12.9223493,52.3798455],[12.9222083,52.3799895],[12.9221163,52.3800834],[12.921988,52.3802057]]}},{"type":"Feature","properties":{"name":"Plantagenplatz","highway":"residential"},"geometry":{"type":"LineString","coordinates":[[12.932619,52.3777025],[12.9328154,52.3777951]]}},{"type":"Feature","properties":{"name":"Zum Lindentor","highway":"residential"},"geometry":{"type":"LineString","coordinates":[[12.9360068,52.3422477],[12.9361696,52.3423766]]}},{"type":"Feature","properties":{"name":"Zum Lindentor","highway":"residential"},"geometry":{"type":"LineString","coordinates":[[12.9355251,52.342152],[12.9358239,52.3422005],[12.9360068,52.3422477]]}},{"type":"Feature","properties":{"name":"Luisenstraße","highway":"residential"},"geometry":{"type":"LineString","coordinates":[[12.9246512,52.3951152],[12.9244632,52.3950024],[12.9242078,52.3949226],[12.9231366,52.3946832],[12.9230183,52.394649]]}},{"type":"Feature","properties":{"name":"Seesteig","highway":"service"},"geometry":{"type":"LineString","coordinates":[[12.9447579,52.3917863],[12.9446982,52.3918098],[12.9446433,52.3919029],[12.9444599,52.3922009],[12.9444473,52.392204],[12.9442467,52.3922534],[12.9432279,52.392152]]}},{"type":"Feature","properties":{"name":"Seesteig","highway":"service"},"geometry":{"type":"LineString","coordinates":[[12.9432279,52.392152],[12.9430123,52.3921404],[12.9429916,52.3921393]]}},{"type":"Feature","properties":{"name":"Zum Weinberg","highway":"residential"},"geometry":{"type":"LineString","coordinates":[[12.8844242,52.3862542],[12.8846903,52.3861606],[12.8849511,52.3860795],[12.8851848,52.3860174],[12.8854272,52.3859598],[12.8861835,52.3858016],[12.8864893,52.3857424],[12.8865233,52.3857285],[12.8865523,52.3857099],[12.8865753,52.3856884],[12.8865915,52.3856644],[12.8865992,52.3856357],[12.8865936,52.3856044],[12.8863828,52.3851792],[12.88632,52.3850378],[12.8863003,52.3849985],[12.8862809,52.3849743],[12.8862602,52.3849533],[12.886231,52.3849403],[12.8861969,52.3849319],[12.8861605,52.3849307],[12.886115,52.3849339],[12.8860606,52.3849406],[12.8858864,52.3849928],[12.8858317,52.3850021],[12.8857734,52.3850046],[12.8855225,52.3849939],[12.8850117,52.3849719]]}},{"type":"Feature","properties":{"name":"Jägerstraße","highway":"unclassified"},"geometry":{"type":"LineString","coordinates":[[12.8996356,52.3448236],[12.8996785,52.3448027],[12.8997052,52.3447897],[12.8997816,52.3447526],[12.899841,52.3442446],[12.9000991,52.341955],[12.9001427,52.3415678],[12.9002199,52.3409509]]}},{"type":"Feature","properties":{"name":"Libellenweg","highway":"residential"},"geometry":{"type":"LineString","coordinates":[[12.9234378,52.4032756],[12.9222121,52.4036414]]}},{"type":"Feature","properties":{"name":"Binsenweg","highway":"residential"},"geometry":{"type":"LineString","coordinates":[[12.9218912,52.4032872],[12.9209187,52.4035847],[12.9208425,52.403608],[12.9207723,52.4036454],[12.9207364,52.4036902],[12.9207329,52.4037407],[12.9207597,52.4037888],[12.9209285,52.4040101],[12.9212583,52.4043832],[12.9215318,52.4047387],[12.9218388,52.4051155],[12.9219791,52.4052877],[12.9219853,52.4053476]]}},{"type":"Feature","properties":{"name":"Zum Havelhorn","highway":"residential"},"geometry":{"type":"LineString","coordinates":[[12.914486,52.4004246],[12.9150924,52.4005922],[12.9161661,52.4009027],[12.917115,52.4011771],[12.9187039,52.4016455],[12.9204353,52.4021347],[12.9209142,52.4022746],[12.921118,52.4023728],[12.9214077,52.4027001],[12.9216101,52.4029328],[12.9218912,52.4032872],[12.9222121,52.4036414],[12.9225109,52.4040074],[12.9230374,52.4046376],[12.923091,52.4047186]]}},{"type":"Feature","properties":{"name":"Zur Biberburg","highway":"residential"},"geometry":{"type":"LineString","coordinates":[[12.9231305,52.4029108],[12.9243729,52.4025334],[12.9245258,52.4025211]]}},{"type":"Feature","properties":{"name":"Libellenweg","highway":"residential"},"geometry":{"type":"LineString","coordinates":[[12.9216101,52.4029328],[12.922636,52.4026149],[12.9227197,52.4026003],[12.9228008,52.4026059],[12.9228766,52.4026312],[12.9229363,52.4026806],[12.9231305,52.4029108],[12.9234378,52.4032756],[12.92368,52.4035636],[12.9237684,52.4036693]]}},{"type":"Feature","properties":{"name":"Binsenweg","highway":"residential"},"geometry":{"type":"LineString","coordinates":[[12.9225109,52.4040074],[12.9212583,52.4043832]]}},{"type":"Feature","properties":{"name":"Bochower Weg","highway":"unclassified"},"geometry":{"type":"LineString","coordinates":[[12.8184657,52.369487],[12.8214251,52.3684223],[12.8216368,52.3683431],[12.821827,52.3682672],[12.8221674,52.3680952],[12.8225822,52.3678508],[12.8227407,52.3677434],[12.8228883,52.3676307],[12.823028,52.3675074],[12.8232023,52.3673886],[12.8237758,52.3670305],[12.8240787,52.3668764],[12.824405,52.3667166],[12.8245872,52.3666331],[12.8250519,52.3664281],[12.8252648,52.3663374],[12.8254782,52.3662557],[12.8257815,52.3661531],[12.8261854,52.3660349],[12.8275896,52.3656108],[12.8284455,52.3652974],[12.8288095,52.3651657],[12.8289106,52.3651252],[12.8290064,52.3650802],[12.8290976,52.3650303],[12.8291823,52.3649763]]}},{"type":"Feature","properties":{"name":"Galliner Damm","highway":"residential"},"geometry":{"type":"LineString","coordinates":[[12.9500273,52.404656],[12.9498528,52.4028163],[12.9496359,52.4011322],[12.9495501,52.4005736],[12.9493624,52.3992015],[12.9489603,52.3959625],[12.9488609,52.3950162],[12.9488189,52.3948774],[12.948746,52.3947426],[12.9485428,52.3944541],[12.9484611,52.3942249],[12.9484217,52.3941549],[12.9483607,52.3940833],[12.9482534,52.3940031],[12.9481447,52.3939274],[12.9479817,52.3938367],[12.9476018,52.3936439],[12.9472063,52.39347],[12.9467667,52.3933649],[12.9462587,52.3932692],[12.9457793,52.3932179],[12.9422354,52.3932733],[12.9416744,52.3932892],[12.9411593,52.3932803],[12.9404807,52.3932548],[12.9399689,52.3932397],[12.93951,52.3932215],[12.9392901,52.3932145],[12.9391728,52.3932027],[12.9390543,52.3931742]]}},{"type":"Feature","properties":{"name":"An der Föhse","highway":"residential"},"geometry":{"type":"LineString","coordinates":[[12.9333237,52.3819799],[12.9344831,52.3820742],[12.9343439,52.3824801],[12.9337674,52.3824399],[12.9331859,52.3823622]]}},{"type":"Feature","properties":{"name":"Havelpromenade","highway":"residential"},"geometry":{"type":"LineString","coordinates":[[12.9566186,52.3837656],[12.9570253,52.3827317],[12.9571323,52.3824505],[12.957135,52.382395],[12.9571402,52.3822907],[12.9571928,52.3821394]]}},{"type":"Feature","properties":{"name":"Havelpromenade","highway":"residential"},"geometry":{"type":"LineString","coordinates":[[12.9565622,52.3838813],[12.9566186,52.3837656]]}},{"type":"Feature","properties":{"name":"An der Chaussee","highway":"service"},"geometry":{"type":"LineString","coordinates":[[12.9273361,52.3640629],[12.9271083,52.3641233],[12.9261756,52.3648996],[12.925894,52.3649484],[12.9255172,52.3649185],[12.9251682,52.3647821],[12.9246883,52.364551],[12.9247818,52.3639919]]}},{"type":"Feature","properties":{"name":"Am Wasser","highway":"tertiary"},"geometry":{"type":"LineString","coordinates":[[12.9566376,52.3810173],[12.956423,52.3803386],[12.9562431,52.3798669],[12.9561652,52.3797016],[12.9560723,52.3795378],[12.9559667,52.3793307],[12.9556361,52.3788693],[12.9553396,52.3784688],[12.9550252,52.378021],[12.954926,52.3778596],[12.9548574,52.3776908],[12.9547944,52.3774556],[12.9547616,52.3772129],[12.9547587,52.3769429],[12.954797,52.3766766],[12.9549024,52.3764035],[12.9550884,52.3761721],[12.9553887,52.3759021],[12.9557036,52.3756514],[12.9559761,52.3754927],[12.95627,52.3753603],[12.9566822,52.3752164],[12.9571106,52.3750261],[12.9573793,52.3748704],[12.9575696,52.3747134],[12.9577792,52.374434],[12.9581426,52.3737388],[12.9582185,52.3735032],[12.9582627,52.373268],[12.9582506,52.3730185],[12.9581541,52.3727843],[12.9580066,52.3725109],[12.9578233,52.3722353],[12.9565758,52.3703868],[12.9562493,52.3698837]]}},{"type":"Feature","properties":{"name":"Gluckstraße","highway":"residential"},"geometry":{"type":"LineString","coordinates":[[12.925398,52.3813695],[12.9252453,52.3813143],[12.9247603,52.381139],[12.9243004,52.3809744],[12.9242399,52.3809528],[12.9236222,52.3807313],[12.9235434,52.380703],[12.9233562,52.3806484],[12.9231832,52.380598],[12.9223675,52.380361],[12.9220899,52.3802803],[12.9219522,52.3802412]]}},{"type":"Feature","properties":{"name":"Luise-Jahn-Straße","highway":"residential"},"geometry":{"type":"LineString","coordinates":[[12.9102839,52.364633],[12.9105566,52.3646004],[12.9106662,52.3645993],[12.9115149,52.36448],[12.9115823,52.3644702],[12.9117459,52.3644463],[12.9120189,52.3644358],[12.9120695,52.3644384],[12.9125964,52.3644651]]}},{"type":"Feature","properties":{"name":"Kietz","highway":"service"},"geometry":{"type":"LineString","coordinates":[[12.911398,52.3650728],[12.9113031,52.3650799],[12.911229,52.3650998],[12.9111761,52.3651314],[12.9111336,52.3651719],[12.911095,52.3652425]]}},{"type":"Feature","properties":{"name":"Alpenstraße","highway":"residential"},"geometry":{"type":"LineString","coordinates":[[12.9141127,52.3567789],[12.9135945,52.3569951],[12.9133194,52.357125],[12.9131611,52.3572123],[12.9130839,52.3572549],[12.9126501,52.3574941],[12.9123616,52.3576532],[12.9120424,52.3577351],[12.9107775,52.3579188],[12.9106079,52.3579455],[12.9103585,52.3579629],[12.9101282,52.3579654],[12.9098967,52.3579407],[12.9094238,52.3578904],[12.9092874,52.3578845]]}},{"type":"Feature","properties":{"name":"Elisabethstraße","highway":"residential"},"geometry":{"type":"LineString","coordinates":[[12.9005769,52.3457161],[12.9006297,52.3457174],[12.9014124,52.3457365]]}},{"type":"Feature","properties":{"name":"Auf dem Strengfeld","highway":"residential"},"geometry":{"type":"LineString","coordinates":[[12.9318679,52.36345],[12.9322597,52.3636162],[12.9327243,52.3638134]]}},{"type":"Feature","properties":{"name":"Berliner Straße","highway":"primary"},"geometry":{"type":"LineString","coordinates":[[12.9398789,52.3644517],[12.940532,52.3642191],[12.940831,52.3641087],[12.94098,52.3640537]]}},{"type":"Feature","properties":{"name":"Brünhildestraße","highway":"residential"},"geometry":{"type":"LineString","coordinates":[[12.9064945,52.3927889],[12.9036371,52.3936534],[12.9026589,52.3939498],[12.9010453,52.3944387]]}},{"type":"Feature","properties":{"name":"Hagebuttenstraße","highway":"residential"},"geometry":{"type":"LineString","coordinates":[[12.9318023,52.3631514],[12.9323913,52.3626356],[12.9329384,52.3621679],[12.9329879,52.3621155],[12.9329753,52.3620583],[12.9328527,52.3618925],[12.9324995,52.3614677],[12.9321389,52.3610396],[12.9320356,52.3609913]]}},{"type":"Feature","properties":{"name":"Hans-Sachs-Straße","highway":"residential"},"geometry":{"type":"LineString","coordinates":[[12.9064945,52.3927889],[12.9068419,52.3931297],[12.907433,52.3935776],[12.9079158,52.3939251],[12.9081456,52.3941025],[12.9082474,52.394208],[12.9082675,52.394246],[12.9082862,52.3942812],[12.9087677,52.3957025],[12.9091126,52.3968922]]}},{"type":"Feature","properties":{"name":"Kemnitzer Chaussee","highway":"residential"},"geometry":{"type":"LineString","coordinates":[[12.8998334,52.3929635],[12.8996333,52.3930599],[12.8992873,52.3932602],[12.8989151,52.3934757],[12.8979627,52.394027]]}},{"type":"Feature","properties":{"name":"Kesselgrundstraße","highway":"tertiary"},"geometry":{"type":"LineString","coordinates":[[12.9122299,52.3910201],[12.9120629,52.3909103],[12.9119227,52.3907358],[12.9117549,52.3905269],[12.9117025,52.3904616],[12.9115634,52.3902869],[12.9114563,52.390153],[12.9114487,52.3901435],[12.9113514,52.3900219],[12.9110621,52.3896386]]}},{"type":"Feature","properties":{"name":"Mielestraße","highway":"unclassified"},"geometry":{"type":"LineString","coordinates":[[12.9134466,52.4017153],[12.914486,52.4004246]]}},{"type":"Feature","properties":{"name":"Moosfennstraße","highway":"residential"},"geometry":{"type":"LineString","coordinates":[[12.9272933,52.3704941],[12.9269532,52.3709006],[12.9268484,52.3716095],[12.9268051,52.3727774],[12.9267876,52.3739735],[12.9267637,52.3741289]]}},{"type":"Feature","properties":{"name":"Otto-Lilienthal-Straße","highway":"unclassified"},"geometry":{"type":"LineString","coordinates":[[12.9104069,52.399483],[12.9113629,52.3991284],[12.9114243,52.3991106],[12.9120808,52.3989208]]}},{"type":"Feature","properties":{"name":"Rosenstraße","highway":"residential"},"geometry":{"type":"LineString","coordinates":[[12.8998334,52.3929635],[12.9005751,52.3938664],[12.9010453,52.3944387],[12.9020483,52.3956441],[12.9026605,52.396405],[12.9026927,52.3964436],[12.9029269,52.3967245]]}},{"type":"Feature","properties":{"name":"Zum Weinberg","highway":"residential"},"geometry":{"type":"LineString","coordinates":[[12.877741,52.3874187],[12.8778607,52.3874408],[12.8780807,52.3875129]]}},{"type":"Feature","properties":{"name":"Plessower Hauptstraße","highway":"service"},"geometry":{"type":"LineString","coordinates":[[12.8735658,52.3818314],[12.8732941,52.3819009],[12.8732391,52.3819191],[12.8720277,52.3824225]]}},{"type":"Feature","properties":{"name":"Neue Dorfstraße","highway":"unclassified"},"geometry":{"type":"LineString","coordinates":[[12.8692154,52.3815341],[12.8691806,52.381572],[12.8691617,52.3816022],[12.8691519,52.3816384],[12.8691598,52.3817592],[12.8691554,52.3817885],[12.86915,52.3818075],[12.8691393,52.3818279],[12.8691242,52.3818454],[12.8690978,52.3818658],[12.8690542,52.3818913],[12.8662587,52.3833835],[12.8660674,52.3834749],[12.8656867,52.3836489],[12.8647385,52.3841546]]}},{"type":"Feature","properties":{"name":"Neue Dorfstraße","highway":"residential"},"geometry":{"type":"LineString","coordinates":[[12.8506265,52.3887313],[12.8509755,52.3888068]]}},{"type":"Feature","properties":{"name":"Neue Dorfstraße","highway":"service"},"geometry":{"type":"LineString","coordinates":[[12.8506391,52.3889131],[12.8506333,52.3890163],[12.850678,52.3891109],[12.8508605,52.3895877]]}},{"type":"Feature","properties":{"name":"Neue Dorfstraße","highway":"residential"},"geometry":{"type":"LineString","coordinates":[[12.8541105,52.388037],[12.8543425,52.38797],[12.8544525,52.3879372],[12.8549091,52.387775],[12.855029,52.3877321],[12.8553182,52.3876327],[12.8561986,52.3873355],[12.8588913,52.3864549],[12.8603981,52.3859621],[12.8614912,52.3856047],[12.8616247,52.3855584],[12.861641,52.3855522],[12.861852,52.3854721],[12.8623277,52.3852863],[12.8628076,52.3850935],[12.8629987,52.3850178],[12.8635903,52.3847679],[12.86417,52.384506],[12.8643195,52.3844424],[12.8644655,52.3843862],[12.8645838,52.3843388],[12.8647251,52.3842662],[12.8647531,52.3842434],[12.8647658,52.3842223]]}},{"type":"Feature","properties":{"name":"Neue Dorfstraße","highway":"service"},"geometry":{"type":"LineString","coordinates":[[12.8506391,52.3889131],[12.8481419,52.3893072],[12.8475464,52.3893808]]}},{"type":"Feature","properties":{"name":"Derwitzer Dorfstraße","highway":"unclassified"},"geometry":{"type":"LineString","coordinates":[[12.8262679,52.4050276],[12.8261462,52.4049495],[12.826033,52.4048712],[12.8259268,52.4047888],[12.8258273,52.4047048],[12.8257546,52.4046358],[12.8256933,52.4045637],[12.8256285,52.4044776],[12.8255564,52.4043474],[12.8254434,52.4041266],[12.8253608,52.4039122],[12.8252798,52.4036636],[12.8252617,52.4035875],[12.8252595,52.4035416],[12.8252674,52.4034922],[12.8252954,52.4034039]]}},{"type":"Feature","properties":{"name":"Hamburger Ring","highway":"residential"},"geometry":{"type":"LineString","coordinates":[[12.9316177,52.3732964],[12.9318145,52.3733189],[12.9322158,52.3734075],[12.9323088,52.3734261],[12.9328493,52.3735503]]}},{"type":"Feature","properties":{"name":"Hamburger Ring","highway":"residential"},"geometry":{"type":"LineString","coordinates":[[12.9310525,52.3741928],[12.9304104,52.3740399],[12.9293,52.3737654],[12.9298465,52.3729708],[12.9299207,52.372907]]}},{"type":"Feature","properties":{"name":"Glindower Weg","highway":"residential"},"geometry":{"type":"LineString","coordinates":[[12.8331992,52.3641377],[12.8363155,52.3639941]]}},{"type":"Feature","properties":{"name":"Hagenstraße","highway":"residential"},"geometry":{"type":"LineString","coordinates":[[12.9150133,52.3896203],[12.9139527,52.389628],[12.9118752,52.3894732],[12.9117256,52.3894298]]}},{"type":"Feature","properties":{"name":"Adolf-Damaschke-Straße","highway":"residential"},"geometry":{"type":"LineString","coordinates":[[12.9295876,52.3905979],[12.9295351,52.3907154],[12.9293442,52.3910532],[12.9292031,52.391303],[12.9290824,52.3915101],[12.9290191,52.3916187],[12.9288952,52.39184],[12.9288026,52.3919897]]}},{"type":"Feature","properties":{"name":"Kemnitzer Chaussee","highway":"tertiary"},"geometry":{"type":"LineString","coordinates":[[12.9136515,52.3886422],[12.9134392,52.3887704],[12.9132941,52.3888359],[12.9122577,52.389225],[12.9119991,52.3893245],[12.9118195,52.3893937],[12.9117256,52.3894298]]}},{"type":"Feature","properties":{"name":"Kemnitzer Chaussee","highway":"tertiary"},"geometry":{"type":"LineString","coordinates":[[12.9117256,52.3894298],[12.9115498,52.3894882],[12.9110621,52.3896386]]}},{"type":"Feature","properties":{"name":"Derwitzer Chaussee","highway":"primary"},"geometry":{"type":"LineString","coordinates":[[12.8329086,52.3945149],[12.8328241,52.3945476],[12.8301516,52.3955826],[12.8296942,52.3957598],[12.8293601,52.3958892],[12.8273785,52.3966566],[12.8255741,52.3973554],[12.8253475,52.3974348],[12.8251529,52.3974933],[12.825056,52.3975195],[12.8249944,52.3975338],[12.8247889,52.3975753],[12.8246314,52.3976011],[12.8228913,52.3978199],[12.8225979,52.3978568],[12.8224735,52.3978725]]}},{"type":"Feature","properties":{"name":"Schweizer Straße","highway":"residential"},"geometry":{"type":"LineString","coordinates":[[12.9522407,52.3875108],[12.952888,52.3866443]]}},{"type":"Feature","properties":{"name":"Derwitzer Winkel","highway":"unclassified"},"geometry":{"type":"LineString","coordinates":[[12.854152,52.4095224],[12.854005,52.4094028],[12.8533471,52.4086104],[12.8506509,52.405491],[12.8504295,52.405283],[12.8500445,52.404958],[12.8480695,52.4035895],[12.8475176,52.4033827]]}},{"type":"Feature","properties":{"name":"Alte Dorfstraße","highway":"secondary"},"geometry":{"type":"LineString","coordinates":[[12.833122,52.3641822],[12.8330056,52.3641487],[12.8328839,52.364123],[12.8327566,52.3641053],[12.8326269,52.3640963],[12.8324087,52.3640902],[12.8321911,52.3640798],[12.8319546,52.3640631],[12.8317195,52.3640413],[12.8313841,52.3640036],[12.8308838,52.3639456],[12.8306469,52.3639182],[12.8304382,52.3638996],[12.8302719,52.3638882],[12.8301065,52.3638731],[12.8299481,52.3638543],[12.8297912,52.3638315],[12.8295192,52.3637868]]}},{"type":"Feature","properties":{"name":"Kammeroder Weg","highway":"unclassified"},"geometry":{"type":"LineString","coordinates":[[12.8331992,52.3641377],[12.8332107,52.3641135],[12.8332187,52.3640888],[12.8332437,52.3640609],[12.834901,52.3631809]]}},{"type":"Feature","properties":{"name":"Alte Dorfstraße","highway":"secondary"},"geometry":{"type":"LineString","coordinates":[[12.8274967,52.3634029],[12.8270185,52.363322],[12.8268432,52.3632924],[12.8261899,52.3631819],[12.8260993,52.3631664],[12.825762,52.3631084],[12.8253991,52.363046],[12.8253499,52.3630376],[12.8246537,52.3629179],[12.8244917,52.362892],[12.8243215,52.3628683],[12.8241518,52.3628473],[12.8239897,52.3628286],[12.8225806,52.3626811],[12.8217336,52.3626012],[12.8215062,52.3625798],[12.8211094,52.3625424],[12.8210349,52.3625328],[12.8209635,52.3625225],[12.8208152,52.3624948],[12.8206697,52.3624623],[12.8205292,52.3624246],[12.8203929,52.3623815],[12.8203896,52.3623807]]}},{"type":"Feature","properties":{"name":"An den Havelauen","highway":"residential"},"geometry":{"type":"LineString","coordinates":[[12.9109835,52.407485],[12.9110758,52.4073976],[12.9113671,52.4071218],[12.9116782,52.4068453],[12.9122066,52.4063642],[12.9130381,52.4056311],[12.9134619,52.4052335],[12.9141652,52.4045239],[12.9148248,52.4038751],[12.9154254,52.4032132],[12.9160008,52.402543],[12.9165766,52.4018582],[12.917115,52.4011771],[12.9173666,52.4008423]]}},{"type":"Feature","properties":{"name":"Am Strengfeld","highway":"residential"},"geometry":{"type":"LineString","coordinates":[[12.9342396,52.3592626],[12.9345545,52.3596836]]}},{"type":"Feature","properties":{"name":"Berliner Straße","highway":"primary"},"geometry":{"type":"LineString","coordinates":[[12.924752,52.3694143],[12.924945,52.3693688],[12.9249993,52.3693559],[12.9252258,52.369302],[12.925295,52.3692856],[12.9254684,52.3692443],[12.9255273,52.3692303],[12.9256036,52.3692124],[12.9266783,52.3689596],[12.9269976,52.3688842],[12.9272499,52.3688247],[12.9274283,52.3687825],[12.9283194,52.3685607],[12.9283648,52.3685494],[12.9285899,52.3684933],[12.9286173,52.3684865],[12.9288105,52.3684125]]}},{"type":"Feature","properties":{"name":"Grelle","highway":"residential"},"geometry":{"type":"LineString","coordinates":[[12.937462,52.3436202],[12.9372121,52.34354],[12.9370084,52.3435523],[12.9367307,52.3436572],[12.9362802,52.3438362],[12.9356445,52.3438053],[12.9355921,52.3439041],[12.9355427,52.344195]]}},{"type":"Feature","properties":{"name":"Puschkinstraße","highway":"residential"},"geometry":{"type":"LineString","coordinates":[[12.9234134,52.3685329],[12.9229609,52.3682574],[12.9224915,52.3679716]]}},{"type":"Feature","properties":{"name":"Kemnitzer Straße","highway":"residential"},"geometry":{"type":"LineString","coordinates":[[12.9274866,52.3782332],[12.9278282,52.3778526],[12.9283946,52.3773106],[12.9285931,52.3771485],[12.9286977,52.3770633],[12.9287317,52.3769784]]}},{"type":"Feature","properties":{"name":"Kemnitzer Straße","highway":"residential"},"geometry":{"type":"LineString","coordinates":[[12.9257795,52.3785222],[12.9257453,52.3784907],[12.9256944,52.3784109],[12.9256374,52.3782807],[12.9255822,52.3780821],[12.9255247,52.3779606],[12.9254832,52.3778991]]}},{"type":"Feature","properties":{"name":"Kemnitzer Straße","highway":"residential"},"geometry":{"type":"LineString","coordinates":[[12.9268041,52.3778411],[12.926537,52.3774248]]}},{"type":"Feature","properties":{"name":"Adolf-Damaschke-Straße","highway":"living_street"},"geometry":{"type":"LineString","coordinates":[[12.9272389,52.3908556],[12.9269275,52.3914034],[12.9278305,52.3916028],[12.9286652,52.3917887],[12.9288952,52.39184]]}},{"type":"Feature","properties":{"name":"Hoher Weg","highway":"service"},"geometry":{"type":"LineString","coordinates":[[12.9233226,52.3878999],[12.9217383,52.3875597],[12.9216221,52.3875348],[12.9207614,52.3873564]]}},{"type":"Feature","properties":{"name":"Marienweg","highway":"service"},"geometry":{"type":"LineString","coordinates":[[12.9245779,52.3867605],[12.9227003,52.386402],[12.9224425,52.3862528]]}},{"type":"Feature","properties":{"name":"Altenkirch-Weg","highway":"residential"},"geometry":{"type":"LineString","coordinates":[[12.9288506,52.3799074],[12.928738,52.3800351],[12.9281962,52.3805967],[12.9281935,52.38069],[12.9281903,52.3807082],[12.9281664,52.3808452],[12.927717,52.3813825]]}},{"type":"Feature","properties":{"name":"Plessower Hauptstraße","highway":"residential"},"geometry":{"type":"LineString","coordinates":[[12.873664,52.3821202],[12.8735658,52.3818314],[12.8731958,52.3807425],[12.8731854,52.3806425],[12.8727492,52.3799876]]}},{"type":"Feature","properties":{"name":"Am Wasser","highway":"tertiary"},"geometry":{"type":"LineString","coordinates":[[12.9593625,52.3643172],[12.9597417,52.3642846],[12.9601652,52.3642383],[12.9603897,52.3641923],[12.9605611,52.3641301],[12.9607153,52.3640578],[12.9608674,52.3639766],[12.9609675,52.3639186],[12.9611456,52.3637815],[12.9612162,52.3637243],[12.961343,52.3636215],[12.9614385,52.3635589],[12.9615865,52.3635026],[12.9616317,52.3634932],[12.9617802,52.3634624],[12.9619653,52.3634669]]}},{"type":"Feature","properties":{"name":"Im Wiesengrund","highway":"residential"},"geometry":{"type":"LineString","coordinates":[[12.9126681,52.4039864],[12.9141652,52.4045239]]}},{"type":"Feature","properties":{"name":"Zanderweg","highway":"residential"},"geometry":{"type":"LineString","coordinates":[[12.9156423,52.405073],[12.9142605,52.4045596],[12.9141652,52.4045239]]}},{"type":"Feature","properties":{"name":"Fercher Straße","highway":"tertiary"},"geometry":{"type":"LineString","coordinates":[[12.9404046,52.3423958],[12.9404446,52.3420939],[12.940605,52.3414649],[12.9406969,52.3410889],[12.9407224,52.3407081],[12.9406888,52.3401776],[12.9406589,52.3400462]]}},{"type":"Feature","properties":{"name":"Langer Grund","highway":"residential"},"geometry":{"type":"LineString","coordinates":[[12.9101232,52.3415031],[12.9102846,52.3414128]]}},{"type":"Feature","properties":{"name":"Bliesendorfer Straße","highway":"residential"},"geometry":{"type":"LineString","coordinates":[[12.9006103,52.3643472],[12.9014938,52.3650169],[12.9025325,52.3658606],[12.9028346,52.3662229],[12.9028639,52.3662632],[12.9029825,52.3664266],[12.903,52.3665041]]}},{"type":"Feature","properties":{"name":"Unger-Park","highway":"service"},"geometry":{"type":"LineString","coordinates":[[12.914586,52.4020762],[12.9146348,52.4020076],[12.9147872,52.4018069],[12.9154394,52.4010195],[12.9159472,52.4011811],[12.9162961,52.4012921],[12.9156743,52.4020649],[12.9147872,52.4018069]]}},{"type":"Feature","properties":{"name":"Derwitzer Chaussee","highway":"primary"},"geometry":{"type":"LineString","coordinates":[[12.8329086,52.3945149],[12.8330461,52.3944615],[12.8334515,52.3943046]]}},{"type":"Feature","properties":{"name":"Am Magna Park","highway":"residential"},"geometry":{"type":"LineString","coordinates":[[12.8439224,52.3911245],[12.8442508,52.3915806]]}},{"type":"Feature","properties":{"name":"An der B1","highway":"primary"},"geometry":{"type":"LineString","coordinates":[[12.8686924,52.380688],[12.8722866,52.3792934]]}},{"type":"Feature","properties":{"name":"An der B1","highway":"primary"},"geometry":{"type":"LineString","coordinates":[[12.8674766,52.3811586],[12.8678172,52.3810276]]}},{"type":"Feature","properties":{"name":"An der B1","highway":"primary"},"geometry":{"type":"LineString","coordinates":[[12.883558,52.3751711],[12.8837313,52.3751216],[12.8853324,52.3746652],[12.8855296,52.3746081],[12.8861488,52.3744336],[12.8870487,52.3741745],[12.8879753,52.3739099]]}},{"type":"Feature","properties":{"name":"Glindower Chausseestraße","highway":"primary"},"geometry":{"type":"LineString","coordinates":[[12.9103292,52.3706991],[12.9106477,52.3706694],[12.91096,52.3706547],[12.911182,52.370654]]}},{"type":"Feature","properties":{"name":"Berliner Straße","highway":"primary"},"geometry":{"type":"LineString","coordinates":[[12.9123143,52.3707128],[12.9127084,52.3707371],[12.9133668,52.3707777],[12.9134096,52.3707806],[12.9138062,52.3708073],[12.9143912,52.3708475],[12.9147728,52.3708737],[12.9156072,52.3709198],[12.9156607,52.3709227],[12.9160405,52.3709437]]}},{"type":"Feature","properties":{"name":"Dr.-Külz-Straße","highway":"secondary"},"geometry":{"type":"LineString","coordinates":[[12.9108252,52.36883],[12.9109761,52.369564],[12.910999,52.3696752],[12.9111123,52.3701783]]}},{"type":"Feature","properties":{"name":"Berliner Straße","highway":"primary"},"geometry":{"type":"LineString","coordinates":[[12.9175914,52.3708568],[12.9184325,52.3708064]]}},{"type":"Feature","properties":{"name":"Berliner Straße","highway":"primary"},"geometry":{"type":"LineString","coordinates":[[12.9188247,52.3707605],[12.9195263,52.3706153]]}},{"type":"Feature","properties":{"name":"Berliner Straße","highway":"primary"},"geometry":{"type":"LineString","coordinates":[[12.9195263,52.3706153],[12.9198993,52.3705354],[12.9200556,52.3705018]]}},{"type":"Feature","properties":{"name":"Berliner Straße","highway":"primary"},"geometry":{"type":"LineString","coordinates":[[12.9203819,52.3704245],[12.9209448,52.3702944]]}},{"type":"Feature","properties":{"name":"Berliner Straße","highway":"primary"},"geometry":{"type":"LineString","coordinates":[[12.9209448,52.3702944],[12.9214693,52.3701716],[12.9215397,52.3701551],[12.9229845,52.3698316],[12.9246267,52.3694439]]}},{"type":"Feature","properties":{"name":"Berliner Straße","highway":"primary"},"geometry":{"type":"LineString","coordinates":[[12.9422157,52.3636651],[12.9421345,52.3637085],[12.9419188,52.3638033],[12.941442,52.3639868],[12.9414235,52.3639949],[12.9413888,52.36401],[12.9413526,52.3640258],[12.9413253,52.3640377],[12.9410712,52.3641487]]}},{"type":"Feature","properties":{"name":"Berliner Straße","highway":"primary"},"geometry":{"type":"LineString","coordinates":[[12.9373232,52.3652673],[12.9379273,52.3650207]]}},{"type":"Feature","properties":{"name":"Berliner Straße","highway":"primary"},"geometry":{"type":"LineString","coordinates":[[12.9410712,52.3641487],[12.9406835,52.3642918],[12.9398722,52.3645713],[12.9395677,52.3646578],[12.9394999,52.3646771],[12.9392692,52.3647426]]}},{"type":"Feature","properties":{"name":"Berliner Straße","highway":"primary"},"geometry":{"type":"LineString","coordinates":[[12.9382011,52.3650472],[12.9377814,52.3651524],[12.9373232,52.3652673]]}},{"type":"Feature","properties":{"name":"Berliner Straße","highway":"primary"},"geometry":{"type":"LineString","coordinates":[[12.9379273,52.3650207],[12.9383821,52.3648748]]}},{"type":"Feature","properties":{"name":"Berliner Straße","highway":"primary"},"geometry":{"type":"LineString","coordinates":[[12.9424366,52.363545],[12.9424875,52.3635232],[12.9427754,52.3633991],[12.9440725,52.3628652]]}},{"type":"Feature","properties":{"name":"Auf dem Strengfeld","highway":"residential"},"geometry":{"type":"LineString","coordinates":[[12.939199,52.3646466],[12.9392692,52.3647426]]}},{"type":"Feature","properties":{"name":"Potsdamer Straße","highway":"secondary"},"geometry":{"type":"LineString","coordinates":[[12.9410259,52.3645058],[12.9409362,52.36463],[12.9407904,52.3648318],[12.9406248,52.3650611],[12.9402465,52.3655883],[12.9401629,52.3657075],[12.9400916,52.3658093],[12.9398761,52.3661166],[12.9397755,52.3662601],[12.9397646,52.3662746],[12.9396875,52.3663775],[12.9395349,52.3665812],[12.9393278,52.3668576],[12.9391939,52.3670363],[12.9391632,52.3670773],[12.9389841,52.3672465],[12.9387505,52.3674672],[12.9386234,52.3675873],[12.9380824,52.3680889],[12.9379283,52.3683616],[12.9378001,52.3685886],[12.937724,52.3687233],[12.9375981,52.3691518],[12.9374698,52.3698851],[12.9374348,52.3701256],[12.9373509,52.3703015],[12.937267,52.3704773],[12.9368309,52.3711097],[12.9367222,52.3713141],[12.9366397,52.3714694],[12.9362961,52.3723011],[12.9362803,52.3723393],[12.9361528,52.3726481],[12.9360598,52.372873],[12.9359986,52.3730211],[12.9358747,52.3733208],[12.9358393,52.373404],[12.9357812,52.3735405],[12.9354734,52.3742718],[12.9353976,52.3744901],[12.935384,52.3745637],[12.9353813,52.3746049],[12.9353869,52.3746456],[12.9354018,52.374703],[12.9354276,52.3747918],[12.9355167,52.3751117],[12.9355666,52.3752913],[12.9355903,52.3753766],[12.9356213,52.3754811],[12.9356371,52.3755567],[12.9356599,52.3756648],[12.9356734,52.3757985],[12.9356842,52.3758694]]}},{"type":"Feature","properties":{"name":"Fontanestraße","highway":"residential"},"geometry":{"type":"LineString","coordinates":[[12.90236,52.3466599],[12.9017932,52.3468685],[12.9017561,52.3468822]]}},{"type":"Feature","properties":{"name":"Am Gewerbepark","highway":"residential"},"geometry":{"type":"LineString","coordinates":[[12.9084517,52.3392014],[12.9087443,52.3392142],[12.908926,52.3392338],[12.9091226,52.3392718],[12.9092941,52.3393206],[12.9094618,52.3393879],[12.9095984,52.3394597],[12.9097009,52.3395244],[12.9097783,52.339591],[12.9098672,52.3396794],[12.9099381,52.3397791],[12.9100005,52.3398959],[12.9100396,52.3400383],[12.9100604,52.340287],[12.9100892,52.3408054],[12.9101208,52.3411362],[12.9101371,52.3412349],[12.9101657,52.3413088],[12.9102242,52.3413691],[12.9102846,52.3414128]]}},{"type":"Feature","properties":{"name":"Inselblick","highway":"residential"},"geometry":{"type":"LineString","coordinates":[[12.9331237,52.3827686],[12.9330717,52.3827962],[12.9330196,52.3829477],[12.9330032,52.382968],[12.9329763,52.382987]]}},{"type":"Feature","properties":{"name":"Glindower Chausseestraße","highway":"primary"},"geometry":{"type":"LineString","coordinates":[[12.9091514,52.3708184],[12.9094224,52.3707922],[12.9100648,52.37073],[12.9103292,52.3706991]]}},{"type":"Feature","properties":{"name":"Heuweg","highway":"service"},"geometry":{"type":"LineString","coordinates":[[12.9110088,52.3610425],[12.9108446,52.3610403],[12.9092732,52.3607447]]}},{"type":"Feature","properties":{"name":"Weidenweg","highway":"residential"},"geometry":{"type":"LineString","coordinates":[[12.9137509,52.362457],[12.9136894,52.3620179],[12.9136855,52.3619672]]}},{"type":"Feature","properties":{"name":"Alpenstraße","highway":"service"},"geometry":{"type":"LineString","coordinates":[[12.9302025,52.3526066],[12.930127,52.3526203]]}},{"type":"Feature","properties":{"name":"Am Rüsterhorn","highway":"service"},"geometry":{"type":"LineString","coordinates":[[12.930995,52.3523073],[12.9307588,52.3523103],[12.9306645,52.3523242],[12.9306054,52.3523518],[12.9302025,52.3526066]]}},{"type":"Feature","properties":{"name":"Heinrich-Heine-Straße","highway":"residential"},"geometry":{"type":"LineString","coordinates":[[12.9007234,52.3528122],[12.9011708,52.3506935],[12.9016655,52.3482728]]}},{"type":"Feature","properties":{"name":"Bliesendorfer Dorfstraße","highway":"residential"},"geometry":{"type":"LineString","coordinates":[[12.846977,52.3369612],[12.8470693,52.3369491],[12.8471601,52.3368985]]}},{"type":"Feature","properties":{"name":"Bliesendorfer Dorfstraße","highway":"residential"},"geometry":{"type":"LineString","coordinates":[[12.8456357,52.3367917],[12.8462558,52.3368476],[12.8466101,52.3369229],[12.8467912,52.3369469],[12.846977,52.3369612]]}},{"type":"Feature","properties":{"name":"Elsastraße","highway":"residential"},"geometry":{"type":"LineString","coordinates":[[12.9241796,52.39615],[12.9252789,52.3963911],[12.9255428,52.3964522],[12.925515,52.3965027],[12.9250076,52.3973317],[12.9242345,52.3971539]]}},{"type":"Feature","properties":{"name":"Elsastraße","highway":"residential"},"geometry":{"type":"LineString","coordinates":[[12.9242345,52.3971539],[12.9234664,52.3969884]]}},{"type":"Feature","properties":{"name":"Elsastraße","highway":"residential"},"geometry":{"type":"LineString","coordinates":[[12.9234664,52.3969884],[12.9234832,52.3969643],[12.9235642,52.3968337],[12.9238686,52.3963357],[12.9238836,52.3962932],[12.9239699,52.3961788],[12.9240434,52.3961457],[12.9241239,52.3961392],[12.9241796,52.39615]]}},{"type":"Feature","properties":{"name":"Anton-Flettner-Straße","highway":"residential"},"geometry":{"type":"LineString","coordinates":[[12.9222508,52.3975979],[12.9219154,52.3974984]]}},{"type":"Feature","properties":{"name":"Zum Großen Zernsee","highway":"residential"},"geometry":{"type":"LineString","coordinates":[[12.9209776,52.3989747],[12.921073,52.3989945],[12.9223552,52.3992727],[12.9227152,52.3993535],[12.9228029,52.3993726]]}},{"type":"Feature","properties":{"name":"Otto-Lilienthal-Straße","highway":"unclassified"},"geometry":{"type":"LineString","coordinates":[[12.9154846,52.3977377],[12.9154866,52.3976631],[12.9154169,52.3975361],[12.9153978,52.3975012],[12.9152987,52.3973219]]}},{"type":"Feature","properties":{"name":"Aalweg","highway":"residential"},"geometry":{"type":"LineString","coordinates":[[12.9165766,52.4018582],[12.9181583,52.40233],[12.9195131,52.4027269]]}},{"type":"Feature","properties":{"name":"Hechtweg","highway":"residential"},"geometry":{"type":"LineString","coordinates":[[12.9137651,52.4026518],[12.9154254,52.4032132]]}},{"type":"Feature","properties":{"name":"Alte Kasernenstraße","highway":"residential"},"geometry":{"type":"LineString","coordinates":[[12.9202151,52.3962168],[12.920207,52.3962961],[12.9202067,52.3963633],[12.9202039,52.3964663],[12.9201841,52.396526],[12.920164,52.3965725],[12.9198771,52.3970444],[12.9194727,52.397717],[12.9194654,52.3977291],[12.918984,52.398528]]}},{"type":"Feature","properties":{"name":"Alte Kasernenstraße","highway":"residential"},"geometry":{"type":"LineString","coordinates":[[12.9188397,52.3984957],[12.919325,52.3976959],[12.9197255,52.3970064],[12.9198087,52.3968798],[12.9199665,52.3966397],[12.9200627,52.3965273],[12.9200929,52.3964823],[12.9201148,52.3964307],[12.920119,52.3963685],[12.9201006,52.3963133],[12.9200474,52.396242]]}},{"type":"Feature","properties":{"name":"Anton-Flettner-Straße","highway":"residential"},"geometry":{"type":"LineString","coordinates":[[12.9198771,52.3970444],[12.9197255,52.3970064]]}},{"type":"Feature","properties":{"name":"Am Plessower See","highway":"service"},"geometry":{"type":"LineString","coordinates":[[12.9089373,52.3718291],[12.9084851,52.3718676],[12.9083879,52.3718882],[12.9083165,52.3719212],[12.9082685,52.3719643],[12.90824,52.3720166],[12.9081671,52.3722167],[12.9081676,52.3722699],[12.9081819,52.3723162],[12.9085784,52.3732011],[12.9086162,52.3732823],[12.9087577,52.3736937],[12.9088324,52.3740593],[12.9088765,52.3740672],[12.909261,52.3741422],[12.9094642,52.3742521]]}},{"type":"Feature","properties":{"name":"An der Chaussee","highway":"residential"},"geometry":{"type":"LineString","coordinates":[[12.9273361,52.3640629],[12.9281938,52.3643159]]}},{"type":"Feature","properties":{"name":"Am Schwielowsee","highway":"tertiary"},"geometry":{"type":"LineString","coordinates":[[12.9593814,52.3551349],[12.9593359,52.3550697],[12.9592114,52.3548852]]}},{"type":"Feature","properties":{"name":"Grenzstraße","highway":"service"},"geometry":{"type":"LineString","coordinates":[[12.8856964,52.3711051],[12.8842655,52.3701487],[12.8839279,52.3699235],[12.8829187,52.3692846],[12.8827942,52.3692009],[12.8824055,52.3689932],[12.8822323,52.3689043]]}},{"type":"Feature","properties":{"name":"Anton-Flettner-Straße","highway":"residential"},"geometry":{"type":"LineString","coordinates":[[12.9219154,52.3974984],[12.9217614,52.3974868],[12.9213224,52.3973871],[12.92048,52.3971897],[12.9204203,52.3971757],[12.9198771,52.3970444]]}},{"type":"Feature","properties":{"name":"Auf dem Strengfeld","highway":"residential"},"geometry":{"type":"LineString","coordinates":[[12.938704,52.3643469],[12.9390407,52.364491],[12.9391042,52.3645399],[12.9391527,52.3645945]]}},{"type":"Feature","properties":{"name":"Auf dem Strengfeld","highway":"residential"},"geometry":{"type":"LineString","coordinates":[[12.9327243,52.3638134],[12.9331814,52.3639928],[12.9333267,52.3640372],[12.9334941,52.3640428],[12.933631,52.3640234],[12.9338306,52.3639662],[12.9342526,52.3638436],[12.9346034,52.3637417]]}},{"type":"Feature","properties":{"name":"Auf dem Strengfeld","highway":"residential"},"geometry":{"type":"LineString","coordinates":[[12.9346034,52.3637417],[12.934688,52.3637173],[12.9347639,52.3636953],[12.9356363,52.3634415],[12.9358347,52.3633916],[12.936134,52.3633473],[12.9364159,52.363368]]}},{"type":"Feature","properties":{"name":"Obstzüchterstraße","highway":"residential"},"geometry":{"type":"LineString","coordinates":[[12.9375184,52.3638397],[12.9371717,52.3641465],[12.9369904,52.3643106],[12.936816,52.3644599],[12.9366358,52.3646135],[12.9365122,52.3646963],[12.936399,52.3647536],[12.9359052,52.36492],[12.9357141,52.3649773],[12.9353425,52.3650778],[12.9349727,52.3651512],[12.9345957,52.3652139],[12.9338942,52.3653092],[12.9338277,52.3653047],[12.9337056,52.3652863],[12.9335995,52.3652539],[12.9329868,52.3649818],[12.9326318,52.3648328],[12.9319153,52.3645216]]}},{"type":"Feature","properties":{"name":"Obstzüchterstraße","highway":"residential"},"geometry":{"type":"LineString","coordinates":[[12.9319153,52.3645216],[12.9308604,52.3640665],[12.9307935,52.3640382],[12.9299727,52.3636881],[12.9292537,52.3633919],[12.9285229,52.3630904],[12.9273933,52.3625857],[12.9271011,52.3624794],[12.9261815,52.3620815]]}},{"type":"Feature","properties":{"name":"Adolf-Damaschke-Straße","highway":"residential"},"geometry":{"type":"LineString","coordinates":[[12.926659,52.3923634],[12.9260527,52.3924609],[12.925785,52.3925035],[12.9249618,52.3926364]]}},{"type":"Feature","properties":{"name":"Am Zernsee","highway":"residential"},"geometry":{"type":"LineString","coordinates":[[12.9270998,52.3936896],[12.9272637,52.3935469],[12.9274553,52.39338],[12.9278921,52.3929801]]}},{"type":"Feature","properties":{"name":"Karl-Härtel-Straße","highway":"residential"},"geometry":{"type":"LineString","coordinates":[[12.9209776,52.3989747],[12.9209475,52.3990207],[12.9206002,52.3995511],[12.920422,52.3998503],[12.9204067,52.399876]]}},{"type":"Feature","properties":{"name":"Gartenanlage","highway":"service"},"geometry":{"type":"LineString","coordinates":[[12.8784012,52.3393851],[12.8765237,52.3390885],[12.8764271,52.3390852],[12.8763735,52.3391147],[12.8765391,52.3397785]]}},{"type":"Feature","properties":{"name":"Bliesendorfer Poststraße","highway":"service"},"geometry":{"type":"LineString","coordinates":[[12.8754239,52.3384854],[12.876175,52.3386132]]}},{"type":"Feature","properties":{"name":"Bliesendorfer Poststraße","highway":"service"},"geometry":{"type":"LineString","coordinates":[[12.876175,52.3386132],[12.8752577,52.3391573],[12.8748768,52.3394064],[12.8747164,52.3396873]]}},{"type":"Feature","properties":{"name":"Springeweg","highway":"service"},"geometry":{"type":"LineString","coordinates":[[12.9008092,52.3480336],[12.9007431,52.3483949],[12.9005209,52.3493218],[12.9004952,52.3494934],[12.9004278,52.3498723],[12.9002653,52.3506174],[12.9001937,52.3506485],[12.9001535,52.3506797],[12.9001302,52.3507069],[12.9001068,52.3507565],[12.9000953,52.3510891],[12.8999402,52.3519481],[12.8998805,52.3523635],[12.8998181,52.3526873],[12.8997446,52.352955]]}},{"type":"Feature","properties":{"name":"Rotfedernweg","highway":"residential"},"geometry":{"type":"LineString","coordinates":[[12.9154254,52.4032132],[12.9158236,52.4033484],[12.916954,52.4037321],[12.9175968,52.4039508]]}},{"type":"Feature","properties":{"name":"Alfred-Jeschal-Straße","highway":"residential"},"geometry":{"type":"LineString","coordinates":[[12.9169543,52.3980697],[12.9168775,52.3981805],[12.9165514,52.3987355],[12.9164306,52.3989412],[12.9164232,52.3989543]]}},{"type":"Feature","properties":{"name":"Fichtengrund","highway":"residential"},"geometry":{"type":"LineString","coordinates":[[12.9131108,52.3747991],[12.9142966,52.3728304],[12.9156833,52.3732922],[12.9163773,52.3735233],[12.9165255,52.3735501]]}},{"type":"Feature","properties":{"name":"Am Markt","highway":"residential"},"geometry":{"type":"LineString","coordinates":[[12.9411588,52.3789834],[12.9414418,52.3791863]]}},{"type":"Feature","properties":{"name":"Otto-Lilienthal-Straße","highway":"unclassified"},"geometry":{"type":"LineString","coordinates":[[12.9120808,52.3989208],[12.9123058,52.3988678],[12.9127927,52.398753],[12.9132934,52.398635],[12.9134987,52.3985866],[12.9139697,52.3984734],[12.9142232,52.3984124],[12.9145521,52.3983333],[12.9146484,52.3983026],[12.9147354,52.398252],[12.9149493,52.3980248],[12.9149992,52.3979931],[12.9150755,52.3979446],[12.9153313,52.3978382],[12.9154048,52.3977983],[12.9154846,52.3977377]]}},{"type":"Feature","properties":{"name":"Elsastraße","highway":"residential"},"geometry":{"type":"LineString","coordinates":[[12.9205414,52.3960597],[12.9206403,52.3960547],[12.9207614,52.3960485],[12.920866,52.3960314],[12.9209559,52.3960068],[12.9210336,52.3959765],[12.9211034,52.3959438],[12.9211778,52.3959086],[12.9212549,52.39588],[12.9213434,52.3958526],[12.9214373,52.3958284],[12.9233047,52.395414],[12.9246512,52.3951152]]}},{"type":"Feature","properties":{"name":"Phöbener Straße","highway":"secondary"},"geometry":{"type":"LineString","coordinates":[[12.9203497,52.3959373],[12.9203736,52.3958779],[12.9204026,52.3958158],[12.920525,52.3957067],[12.9206876,52.3955264],[12.9213013,52.3946457]]}},{"type":"Feature","properties":{"name":"Dr.-Külz-Straße","highway":"secondary"},"geometry":{"type":"LineString","coordinates":[[12.9102578,52.3671585],[12.910108,52.3668742],[12.9099549,52.3665275],[12.9098931,52.3663012],[12.9098706,52.3660873],[12.90987,52.3659295],[12.9098698,52.3658614],[12.9098957,52.3654143]]}},{"type":"Feature","properties":{"name":"Berliner Straße","highway":"primary"},"geometry":{"type":"LineString","coordinates":[[12.9383821,52.3648748],[12.9385777,52.3648202],[12.9389153,52.3647258],[12.939199,52.3646466]]}},{"type":"Feature","properties":{"name":"Berliner Straße","highway":"primary"},"geometry":{"type":"LineString","coordinates":[[12.9424366,52.363545],[12.9422157,52.3636651]]}},{"type":"Feature","properties":{"name":"Berliner Straße","highway":"primary"},"geometry":{"type":"LineString","coordinates":[[12.939199,52.3646466],[12.93943,52.3645804],[12.9398789,52.3644517]]}},{"type":"Feature","properties":{"name":"Berliner Straße","highway":"primary"},"geometry":{"type":"LineString","coordinates":[[12.9392692,52.3647426],[12.938861,52.3648583],[12.9382011,52.3650472]]}},{"type":"Feature","properties":{"name":"Brandenburger Straße","highway":"tertiary"},"geometry":{"type":"LineString","coordinates":[[12.9326381,52.3760621],[12.931942,52.3758795],[12.9316929,52.3758141]]}},{"type":"Feature","properties":{"name":"Brandenburger Straße","highway":"tertiary"},"geometry":{"type":"LineString","coordinates":[[12.9333538,52.3762499],[12.9326381,52.3760621]]}},{"type":"Feature","properties":{"name":"Eisenbahnstraße","highway":"secondary"},"geometry":{"type":"LineString","coordinates":[[12.9333823,52.3769054],[12.933283,52.3769642],[12.9332105,52.3770249]]}},{"type":"Feature","properties":{"name":"Eisenbahnstraße","highway":"secondary"},"geometry":{"type":"LineString","coordinates":[[12.9337636,52.380715],[12.9339224,52.3802018],[12.9339482,52.3801183],[12.9339565,52.3799958],[12.9339329,52.3799137],[12.9337041,52.3791189],[12.9335983,52.378752]]}},{"type":"Feature","properties":{"name":"Kölner Straße","highway":"residential"},"geometry":{"type":"LineString","coordinates":[[12.9316929,52.3758141],[12.9319635,52.3754371]]}},{"type":"Feature","properties":{"name":"Kölner Straße","highway":"residential"},"geometry":{"type":"LineString","coordinates":[[12.9319635,52.3754371],[12.9320338,52.3753102],[12.9321947,52.3750171],[12.9324373,52.3745187]]}},{"type":"Feature","properties":{"name":"Unter den Linden","highway":"secondary"},"geometry":{"type":"LineString","coordinates":[[12.9347092,52.3766004],[12.9342837,52.3764926]]}},{"type":"Feature","properties":{"name":"Alpenstraße","highway":"residential"},"geometry":{"type":"LineString","coordinates":[[12.923132,52.3550656],[12.92328,52.3550339],[12.9233263,52.3550166],[12.9236564,52.3549031],[12.9238465,52.3548365],[12.9239443,52.3548016],[12.9240214,52.3547745],[12.9241129,52.3547503],[12.924379,52.3546702],[12.9248383,52.3545771],[12.9256414,52.3543435],[12.9263744,52.3541458],[12.9264477,52.3541197],[12.9266663,52.3540077],[12.9268742,52.3539109],[12.9275374,52.3536448],[12.927888,52.3535218],[12.9281908,52.3533917],[12.9285422,52.3532295],[12.9291254,52.3528969],[12.9297109,52.3526276]]}},{"type":"Feature","properties":{"name":"Glindower Mühlenstraße","highway":"unclassified"},"geometry":{"type":"LineString","coordinates":[[12.897988,52.3622798],[12.8977739,52.3623512]]}},{"type":"Feature","properties":{"name":"Langer Grund","highway":"residential"},"geometry":{"type":"LineString","coordinates":[[12.907104,52.3513886],[12.9070491,52.3516601],[12.9067516,52.3531331],[12.9067358,52.3531567],[12.9067076,52.3531795],[12.9066638,52.3531995],[12.9065992,52.3532188]]}},{"type":"Feature","properties":{"name":"Ziemensstraße","highway":"residential"},"geometry":{"type":"LineString","coordinates":[[12.8929319,52.3542081],[12.8956313,52.3547859],[12.8959118,52.354836],[12.8963478,52.3549895],[12.8966903,52.355116],[12.8999195,52.3563086],[12.9006814,52.3565846],[12.9015126,52.3568856],[12.9034717,52.3575952],[12.9037398,52.3576445],[12.9039659,52.357661],[12.9044611,52.3576541],[12.9047398,52.3575896],[12.9049968,52.3574998],[12.9056458,52.3572788],[12.9057547,52.3572757],[12.9058447,52.3572935],[12.9060501,52.3574212],[12.9060429,52.3575433]]}},{"type":"Feature","properties":{"name":"Unter den Linden","highway":"residential"},"geometry":{"type":"LineString","coordinates":[[12.937958,52.3775155],[12.9383224,52.3776436],[12.9386188,52.3777725]]}},{"type":"Feature","properties":{"name":"Ziemensstraße","highway":"residential"},"geometry":{"type":"LineString","coordinates":[[12.9060429,52.3575433],[12.9067006,52.3578135],[12.9072504,52.3579204],[12.9079444,52.3580553],[12.9086827,52.3581989],[12.9088434,52.3582301],[12.9090317,52.358262]]}},{"type":"Feature","properties":{"name":"Karl-Liebknecht-Straße","highway":"residential"},"geometry":{"type":"LineString","coordinates":[[12.8821793,52.3519765],[12.8823671,52.3510114],[12.8825649,52.3499898],[12.8828841,52.3483413],[12.8831518,52.3471048],[12.8831669,52.3470376],[12.8832844,52.3464674],[12.8834741,52.3455211],[12.8837002,52.3444175],[12.8837025,52.3444065],[12.8843962,52.3409118],[12.8845385,52.3401947]]}},{"type":"Feature","properties":{"name":"Fuchsweg","highway":"residential"},"geometry":{"type":"LineString","coordinates":[[12.961197,52.3855786],[12.9597617,52.3856847],[12.9581704,52.3858166],[12.9565954,52.3860355],[12.953161,52.3864961]]}},{"type":"Feature","properties":{"name":"Klaistower Straße","highway":"secondary"},"geometry":{"type":"LineString","coordinates":[[12.9065992,52.3532188],[12.9066982,52.3533514],[12.9073564,52.3542366],[12.9076488,52.3546742],[12.9077731,52.3548774],[12.9078475,52.3550543],[12.9082052,52.3559037],[12.9083954,52.3564327],[12.9086421,52.3569372],[12.9089168,52.3574451],[12.9090492,52.3577054],[12.9090909,52.3578059]]}},{"type":"Feature","properties":{"name":"Maritimweg","highway":"service"},"geometry":{"type":"LineString","coordinates":[[12.9213224,52.3973871],[12.9212834,52.3974153],[12.9212497,52.3974397],[12.9209231,52.3979964],[12.9200612,52.3978048],[12.9203992,52.3972127],[12.9204203,52.3971757]]}},{"type":"Feature","properties":{"name":"Potsdamer Straße","highway":"secondary"},"geometry":{"type":"LineString","coordinates":[[12.9410712,52.3641487],[12.9411107,52.3642113],[12.9411436,52.3642634],[12.9411278,52.3643317]]}},{"type":"Feature","properties":{"name":"Mühlensteig","highway":"residential"},"geometry":{"type":"LineString","coordinates":[[12.9046265,52.3607572],[12.9037945,52.3603985]]}},{"type":"Feature","properties":{"name":"Siegfriedstraße","highway":"residential"},"geometry":{"type":"LineString","coordinates":[[12.906395,52.3945784],[12.9047816,52.3950714]]}},{"type":"Feature","properties":{"name":"Emil-Pusch-Straße","highway":"residential"},"geometry":{"type":"LineString","coordinates":[[12.9082862,52.3942812],[12.9074029,52.3946877],[12.9075569,52.3951609],[12.9065353,52.395287],[12.9064964,52.3953311],[12.906742,52.3959418]]}},{"type":"Feature","properties":{"name":"Hans-Sachs-Straße","highway":"residential"},"geometry":{"type":"LineString","coordinates":[[12.9079158,52.3939251],[12.9092326,52.3935352],[12.9093231,52.3935464],[12.9095932,52.3937785],[12.9096043,52.3938529]]}},{"type":"Feature","properties":{"name":"Am Wasser","highway":"service"},"geometry":{"type":"LineString","coordinates":[[12.9580201,52.3645107],[12.9579427,52.3643041]]}},{"type":"Feature","properties":{"name":"Am Wasser","highway":"living_street"},"geometry":{"type":"LineString","coordinates":[[12.959075,52.3643545],[12.9589772,52.3641688],[12.9589596,52.3641443],[12.9589148,52.3641194],[12.9586959,52.3640253],[12.9585282,52.363956],[12.9574623,52.3636724]]}},{"type":"Feature","properties":{"name":"Am Riegelberg","highway":"service"},"geometry":{"type":"LineString","coordinates":[[12.9449729,52.3561985],[12.9449601,52.3568191],[12.9449703,52.3572322],[12.944958,52.3574148],[12.9452327,52.3574534],[12.9477823,52.3573757],[12.9480388,52.3573729],[12.9482375,52.3573747]]}},{"type":"Feature","properties":{"name":"An der Gärtnerei","highway":"residential"},"geometry":{"type":"LineString","coordinates":[[12.9314498,52.3649382],[12.9318867,52.3645691],[12.9319153,52.3645216]]}},{"type":"Feature","properties":{"name":"Elisabethstraße","highway":"service"},"geometry":{"type":"LineString","coordinates":[[12.893849,52.3456475],[12.895686,52.3456521],[12.8977618,52.3457052],[12.8985688,52.3457004],[12.8990994,52.345705],[12.9001603,52.345713],[12.9005769,52.3457161]]}},{"type":"Feature","properties":{"name":"Rosenweg","highway":"service"},"geometry":{"type":"LineString","coordinates":[[12.9159591,52.3612942],[12.9147293,52.3613275],[12.9146361,52.3613181],[12.9145785,52.3612943],[12.9145047,52.3612312]]}},{"type":"Feature","properties":{"name":"Auf dem Strengfeld","highway":"residential"},"geometry":{"type":"LineString","coordinates":[[12.9322597,52.3636162],[12.9318567,52.3639574]]}},{"type":"Feature","properties":{"name":"Bachstraße","highway":"residential"},"geometry":{"type":"LineString","coordinates":[[12.9217468,52.3819523],[12.9217667,52.38193],[12.9217987,52.3819137],[12.9218384,52.3819059],[12.9218799,52.3819076],[12.9219167,52.3819191],[12.9219455,52.3819375],[12.9219601,52.3819613],[12.9219585,52.3819883],[12.9219397,52.3820127],[12.9219067,52.3820306],[12.9218649,52.3820391],[12.9218214,52.382037],[12.9217827,52.3820247],[12.9217549,52.3820043],[12.9217423,52.3819788],[12.9217468,52.3819523]]}},{"type":"Feature","properties":{"name":"McDrive","highway":"service"},"geometry":{"type":"LineString","coordinates":[[12.9375928,52.3647894],[12.9375285,52.3648428],[12.9372536,52.364905],[12.9368312,52.3647355],[12.9368043,52.3646732],[12.9369651,52.3645232]]}},{"type":"Feature","properties":{"name":"Am Markt","highway":"residential"},"geometry":{"type":"LineString","coordinates":[[12.9419416,52.3795443],[12.9423015,52.3798027]]}},{"type":"Feature","properties":{"name":"Am Markt","highway":"residential"},"geometry":{"type":"LineString","coordinates":[[12.9414418,52.3791863],[12.9419416,52.3795443]]}},{"type":"Feature","properties":{"name":"Ludwig-Kassin-Straße","highway":"living_street"},"geometry":{"type":"LineString","coordinates":[[12.9278624,52.3896645],[12.928135,52.3897258],[12.9282512,52.3896998],[12.9284719,52.3893488],[12.9286841,52.3890066],[12.9299852,52.3893112]]}},{"type":"Feature","properties":{"name":"Friedrich-Schmahlfeldt-Straße","highway":"living_street"},"geometry":{"type":"LineString","coordinates":[[12.9278624,52.3896645],[12.9272522,52.3895312],[12.9269565,52.3899864]]}},{"type":"Feature","properties":{"name":"Ludwig-Kassin-Straße","highway":"living_street"},"geometry":{"type":"LineString","coordinates":[[12.9282676,52.3888993],[12.9286402,52.3889915],[12.9286841,52.3890066]]}},{"type":"Feature","properties":{"name":"Moosfennstraße","highway":"service"},"geometry":{"type":"LineString","coordinates":[[12.9288939,52.368687],[12.9289512,52.368701],[12.9296797,52.3688786],[12.9297495,52.3688753],[12.9298326,52.368859],[12.9299211,52.3688082],[12.9302832,52.3685674],[12.9308251,52.3681482]]}},{"type":"Feature","properties":{"name":"Fercher Straße","highway":"residential"},"geometry":{"type":"LineString","coordinates":[[12.9476018,52.3602855],[12.947608,52.3602568],[12.9476109,52.3602437],[12.947655,52.3600404],[12.9478495,52.3591432],[12.9479688,52.3585934],[12.9481712,52.35766],[12.9482375,52.3573747],[12.9483254,52.356962],[12.9483629,52.3567856],[12.9484486,52.3563834],[12.9486097,52.3556266],[12.948697,52.3552169],[12.9487553,52.3549431]]}},{"type":"Feature","properties":{"name":"Am Markt","highway":"service"},"geometry":{"type":"LineString","coordinates":[[12.953161,52.3864961],[12.9530355,52.3864568]]}},{"type":"Feature","properties":{"name":"Alte Kasernenstraße","highway":"residential"},"geometry":{"type":"LineString","coordinates":[[12.919325,52.3976959],[12.9194654,52.3977291]]}},{"type":"Feature","properties":{"name":"Alpenstraße","highway":"service"},"geometry":{"type":"LineString","coordinates":[[12.930127,52.3526203],[12.9297109,52.3526276]]}},{"type":"Feature","properties":{"name":"Plessower Hauptstraße","highway":"unclassified"},"geometry":{"type":"LineString","coordinates":[[12.8678172,52.3810276],[12.8678893,52.3810845],[12.8679511,52.3811149],[12.8680627,52.3811598],[12.868143,52.3811876],[12.8692154,52.3815341]]}},{"type":"Feature","properties":{"name":"Elsastraße","highway":"service"},"geometry":{"type":"LineString","coordinates":[[12.9204203,52.3971757],[12.9204534,52.3971235],[12.9209149,52.3963966],[12.9209695,52.3963105],[12.9221014,52.3965528],[12.922234,52.3964701],[12.9225788,52.3962549],[12.9228792,52.3957835],[12.9232279,52.3955249],[12.9233047,52.395414]]}},{"type":"Feature","properties":{"name":"Plessower Hauptstraße","highway":"residential"},"geometry":{"type":"LineString","coordinates":[[12.8733531,52.3826827],[12.8739262,52.3827592]]}},{"type":"Feature","properties":{"name":"Busendorfer Straße","highway":"residential"},"geometry":{"type":"LineString","coordinates":[[12.8501897,52.3383082],[12.8501571,52.3381983],[12.850084,52.338019],[12.8496717,52.3373023]]}},{"type":"Feature","properties":{"name":"Zum Großen Zernsee","highway":"residential"},"geometry":{"type":"LineString","coordinates":[[12.9188397,52.3984957],[12.918984,52.398528]]}},{"type":"Feature","properties":{"name":"Zum Großen Zernsee","highway":"residential"},"geometry":{"type":"LineString","coordinates":[[12.918984,52.398528],[12.9192339,52.3985839],[12.9197307,52.398695],[12.9202121,52.3988027],[12.920731,52.3989187],[12.9209776,52.3989747]]}},{"type":"Feature","properties":{"name":"Phöbener Straße","highway":"secondary"},"geometry":{"type":"LineString","coordinates":[[12.9200474,52.396242],[12.9199678,52.396226],[12.9199078,52.3961983],[12.9198694,52.3961587],[12.91986,52.3960947],[12.9199125,52.3960387],[12.9200017,52.3960016],[12.9202574,52.3959478],[12.9203497,52.3959373],[12.9204499,52.3959522],[12.920516,52.3960011],[12.9205414,52.3960597],[12.9205294,52.3961066],[12.920482,52.3961531],[12.9204022,52.3961749],[12.9202151,52.3962168],[12.9201365,52.3962323],[12.9200474,52.396242]]}},{"type":"Feature","properties":{"name":"Plessower Hauptstraße","highway":"residential"},"geometry":{"type":"LineString","coordinates":[[12.8737413,52.3823161],[12.873664,52.3821202]]}},{"type":"Feature","properties":{"name":"An der B1","highway":"primary"},"geometry":{"type":"LineString","coordinates":[[12.8722866,52.3792934],[12.8764974,52.3776595],[12.8775291,52.3772592],[12.8795239,52.3764851],[12.881102,52.3758552],[12.8814419,52.3757513],[12.8819898,52.3756026]]}},{"type":"Feature","properties":{"name":"Bliesendorfer Dorfstraße","highway":"residential"},"geometry":{"type":"LineString","coordinates":[[12.8495267,52.3374061],[12.8496717,52.3373023]]}},{"type":"Feature","properties":{"name":"Plessower Hauptstraße","highway":"residential"},"geometry":{"type":"LineString","coordinates":[[12.8739262,52.3827592],[12.8738249,52.3825277],[12.8737413,52.3823161]]}},{"type":"Feature","properties":{"name":"Alpenstraße","highway":"residential"},"geometry":{"type":"LineString","coordinates":[[12.914835,52.3558702],[12.9151061,52.3558221],[12.915192,52.3558363],[12.9153384,52.3558946],[12.9154168,52.3559062],[12.9161211,52.3556881],[12.9163963,52.3558411]]}},{"type":"Feature","properties":{"name":"Auf dem Strengfeld","highway":"residential"},"geometry":{"type":"LineString","coordinates":[[12.9371068,52.3636633],[12.9375184,52.3638397]]}},{"type":"Feature","properties":{"name":"Auf dem Strengfeld","highway":"residential"},"geometry":{"type":"LineString","coordinates":[[12.9364159,52.363368],[12.9371068,52.3636633]]}},{"type":"Feature","properties":{"name":"Am Zernsee","highway":"residential"},"geometry":{"type":"LineString","coordinates":[[12.9468175,52.4048271],[12.9468432,52.4051664]]}},{"type":"Feature","properties":{"name":"Grüner Weg","highway":"residential"},"geometry":{"type":"LineString","coordinates":[[12.9391939,52.3670363],[12.9412508,52.3675799]]}},{"type":"Feature","properties":{"name":"Bliesendorfer Dorfstraße","highway":"residential"},"geometry":{"type":"LineString","coordinates":[[12.8492216,52.3376178],[12.8495028,52.3377572],[12.8497475,52.3379501],[12.8501897,52.3383082]]}},{"type":"Feature","properties":{"name":"Fischerstraße","highway":"residential"},"geometry":{"type":"LineString","coordinates":[[12.9447744,52.3776768],[12.9448069,52.3780202],[12.944813,52.3780939],[12.9448145,52.3781648],[12.9447967,52.3782595],[12.9446973,52.3785148],[12.9446557,52.3786538],[12.9446348,52.3787322]]}},{"type":"Feature","properties":{"name":"Werderwiesen","highway":"residential"},"geometry":{"type":"LineString","coordinates":[[12.9401558,52.3806882],[12.9402697,52.3806945],[12.940396,52.3807073],[12.9407326,52.3807752],[12.9408472,52.3808062],[12.9409799,52.3808463],[12.9420344,52.3811423],[12.9428978,52.3813975],[12.9435135,52.3815599]]}},{"type":"Feature","properties":{"name":"Zum Lindentor","highway":"residential"},"geometry":{"type":"LineString","coordinates":[[12.9385001,52.3435422],[12.9393274,52.3440202],[12.9396892,52.3442289],[12.9398373,52.3443008]]}},{"type":"Feature","properties":{"name":"Hans-Sachs-Straße","highway":"residential"},"geometry":{"type":"LineString","coordinates":[[12.9091126,52.3968922],[12.9094318,52.3978497]]}},{"type":"Feature","properties":{"name":"Hans-Sachs-Straße","highway":"residential"},"geometry":{"type":"LineString","coordinates":[[12.9094318,52.3978497],[12.9095599,52.3983133],[12.9097,52.3986974],[12.9097641,52.3987417]]}},{"type":"Feature","properties":{"name":"Quittenweg","highway":"service"},"geometry":{"type":"LineString","coordinates":[[12.9301453,52.3645995],[12.930756,52.3640946],[12.9307935,52.3640382]]}},{"type":"Feature","properties":{"name":"Derwitzer Weg","highway":"residential"},"geometry":{"type":"LineString","coordinates":[[12.8251222,52.3969166],[12.8249888,52.3973639],[12.8249913,52.3974056],[12.8250049,52.3974403],[12.8250262,52.3974734]]}},{"type":"Feature","properties":{"name":"Lindenstraße","highway":"residential"},"geometry":{"type":"LineString","coordinates":[[12.9423015,52.3798027],[12.9439324,52.3804073]]}},{"type":"Feature","properties":{"name":"Am Schwielowsee","highway":"tertiary"},"geometry":{"type":"LineString","coordinates":[[12.9495328,52.3503163],[12.9493364,52.3501366]]}},{"type":"Feature","properties":{"name":"Am Markt","highway":"residential"},"geometry":{"type":"LineString","coordinates":[[12.9529904,52.3866769],[12.9534283,52.3868164]]}},{"type":"Feature","properties":{"name":"Grüner Weg","highway":"residential"},"geometry":{"type":"LineString","coordinates":[[12.9377608,52.366783],[12.9362422,52.3664643],[12.9360707,52.3663844],[12.9356335,52.3661371],[12.9351346,52.365875],[12.9351319,52.3658642],[12.9351171,52.3658054]]}},{"type":"Feature","properties":{"name":"Am Markt","highway":"residential"},"geometry":{"type":"LineString","coordinates":[[12.941112,52.3794405],[12.9418375,52.3796614]]}},{"type":"Feature","properties":{"name":"Schützengasse","highway":"service"},"geometry":{"type":"LineString","coordinates":[[12.9403713,52.3794104],[12.9402888,52.3795658]]}},{"type":"Feature","properties":{"name":"Kemnitzer Chaussee","highway":"residential"},"geometry":{"type":"LineString","coordinates":[[12.8953886,52.3956712],[12.8952224,52.3957911]]}},{"type":"Feature","properties":{"name":"Uferpromenade","highway":"service"},"geometry":{"type":"LineString","coordinates":[[12.9455147,52.3788086],[12.945655,52.3784745],[12.9457212,52.3783257],[12.9458105,52.378125]]}},{"type":"Feature","properties":{"name":"Fischerstraße","highway":"residential"},"geometry":{"type":"LineString","coordinates":[[12.9446348,52.3787322],[12.9445436,52.3790366],[12.9442651,52.3797599],[12.9442392,52.3798236],[12.9441307,52.3800463],[12.9439324,52.3804073]]}},{"type":"Feature","properties":{"name":"Fischerstraße","highway":"residential"},"geometry":{"type":"LineString","coordinates":[[12.9439396,52.3811657],[12.9436349,52.3814311],[12.9435135,52.3815599]]}},{"type":"Feature","properties":{"name":"Torstraße","highway":"residential"},"geometry":{"type":"LineString","coordinates":[[12.9398045,52.3782831],[12.9408595,52.3787951]]}},{"type":"Feature","properties":{"name":"Kirchstraße","highway":"residential"},"geometry":{"type":"LineString","coordinates":[[12.9437628,52.3775506],[12.9438939,52.3775659],[12.9440848,52.3775719],[12.9441602,52.3775862],[12.9442161,52.3776134],[12.9443792,52.3777598]]}},{"type":"Feature","properties":{"name":"Eisenbahnstraße","highway":"secondary"},"geometry":{"type":"LineString","coordinates":[[12.9255473,52.3895499],[12.9260346,52.3890464],[12.9261618,52.3889141]]}},{"type":"Feature","properties":{"name":"Kemnitzer Chaussee","highway":"residential"},"geometry":{"type":"LineString","coordinates":[[12.8952224,52.3957911],[12.8950753,52.3959042]]}},{"type":"Feature","properties":{"name":"Phöbener Straße","highway":"secondary"},"geometry":{"type":"LineString","coordinates":[[12.9225356,52.3928152],[12.9227187,52.3925695]]}},{"type":"Feature","properties":{"name":"Klaistower Straße","highway":"secondary"},"geometry":{"type":"LineString","coordinates":[[12.8952584,52.3407192],[12.8953316,52.3408016],[12.8955003,52.3409349],[12.8957049,52.3410964],[12.8965518,52.3418952],[12.8970379,52.3423537],[12.8983636,52.3436227],[12.8983731,52.3436316],[12.8984421,52.3436958]]}},{"type":"Feature","properties":{"name":"Isoldestraße","highway":"service"},"geometry":{"type":"LineString","coordinates":[[12.9103374,52.3916504],[12.9108521,52.3923157],[12.9109477,52.3924398],[12.9112075,52.3927654],[12.9113297,52.3929373]]}},{"type":"Feature","properties":{"name":"Derwitzer Winkel","highway":"unclassified"},"geometry":{"type":"LineString","coordinates":[[12.8475176,52.4033827],[12.8472638,52.4033048],[12.8466555,52.4032477],[12.8427822,52.4031163]]}},{"type":"Feature","properties":{"name":"Eisenbahnstraße","highway":"secondary"},"geometry":{"type":"LineString","coordinates":[[12.9254794,52.3896163],[12.9255473,52.3895499]]}},{"type":"Feature","properties":{"name":"Friedrich-Schmahlfeldt-Straße","highway":"living_street"},"geometry":{"type":"LineString","coordinates":[[12.9269565,52.3899864],[12.9258137,52.3897256],[12.9257177,52.3897038],[12.925565,52.38965],[12.9254794,52.3896163]]}},{"type":"Feature","properties":{"name":"Zum See","highway":"service"},"geometry":{"type":"LineString","coordinates":[[12.9115255,52.3667903],[12.9115429,52.3667622],[12.9116323,52.3667086],[12.911691,52.3666883],[12.9117116,52.3666724],[12.9117136,52.3666509],[12.9117056,52.366565],[12.9117167,52.3665113],[12.9117558,52.3664743],[12.911872,52.3664078],[12.9119313,52.3663906],[12.9120492,52.366381],[12.9124959,52.3663673],[12.9125548,52.3663809],[12.9127833,52.3665275],[12.9129247,52.3666313],[12.9129468,52.3666684],[12.9129495,52.3667546]]}},{"type":"Feature","properties":{"name":"Adolf-Damaschke-Straße","highway":"living_street"},"geometry":{"type":"LineString","coordinates":[[12.9272389,52.3908556],[12.9283049,52.3910985],[12.9284479,52.3911311],[12.9285583,52.3911562],[12.9287361,52.3911967],[12.9289672,52.3912493],[12.9292031,52.391303]]}},{"type":"Feature","properties":{"name":"Dicke Eiche","highway":"service"},"geometry":{"type":"LineString","coordinates":[[12.8893022,52.4026929],[12.8885847,52.4024892],[12.8878796,52.4022529],[12.8876709,52.4021543],[12.8873794,52.4020591]]}},{"type":"Feature","properties":{"name":"Luisenstraße","highway":"service"},"geometry":{"type":"LineString","coordinates":[[12.9264336,52.3954925],[12.926757,52.3949904],[12.9267969,52.3949579],[12.926859,52.3949525],[12.9269211,52.3949606],[12.928034,52.3952122]]}},{"type":"Feature","properties":{"name":"Marienstraße","highway":"service"},"geometry":{"type":"LineString","coordinates":[[12.9211008,52.3846361],[12.9212934,52.3844505],[12.9214094,52.3843443],[12.9214635,52.384283]]}},{"type":"Feature","properties":{"name":"Eichenweg","highway":"living_street"},"geometry":{"type":"LineString","coordinates":[[12.9234299,52.3780746],[12.923618,52.3779126]]}},{"type":"Feature","properties":{"name":"Am Zernsee","highway":"residential"},"geometry":{"type":"LineString","coordinates":[[12.9458572,52.4028733],[12.9457736,52.4027835],[12.9456963,52.4026756],[12.9455835,52.4024427],[12.9452594,52.4017572],[12.9452231,52.4017023],[12.9450662,52.4014644],[12.9448033,52.4011672]]}},{"type":"Feature","properties":{"name":"Am Wasser","highway":"living_street"},"geometry":{"type":"LineString","coordinates":[[12.9576391,52.3634132],[12.9575349,52.3635531],[12.9575185,52.3636005],[12.9574623,52.3636724],[12.9572226,52.3639699],[12.9571832,52.3639889],[12.9571282,52.3639802],[12.9568243,52.3639084],[12.9567778,52.3639775]]}},{"type":"Feature","properties":{"name":"Alte Dorfstraße","highway":"secondary"},"geometry":{"type":"LineString","coordinates":[[12.8295192,52.3637868],[12.8290573,52.3636921],[12.8289048,52.3636558],[12.828813,52.3636366],[12.8278763,52.3634671],[12.8274967,52.3634029]]}},{"type":"Feature","properties":{"name":"Zum Inselparadies","highway":"service"},"geometry":{"type":"LineString","coordinates":[[12.9389291,52.3449767],[12.9388482,52.3448707],[12.938639,52.3447129],[12.938413,52.3445426],[12.9382824,52.3444225],[12.9383124,52.3443757],[12.9384852,52.3442729]]}},{"type":"Feature","properties":{"name":"Glindower Weg","highway":"unclassified"},"geometry":{"type":"LineString","coordinates":[[12.8672121,52.361734],[12.8673151,52.3627194]]}},{"type":"Feature","properties":{"name":"Kemnitzer Straße","highway":"service"},"geometry":{"type":"LineString","coordinates":[[12.9213763,52.3792773],[12.9214715,52.3793056],[12.9221123,52.3794909],[12.9225657,52.3796244]]}},{"type":"Feature","properties":{"name":"Kammeroder Weg","highway":"unclassified"},"geometry":{"type":"LineString","coordinates":[[12.834901,52.3631809],[12.8360507,52.3625534],[12.837097,52.3619933],[12.8371617,52.3619536],[12.8381981,52.3614166],[12.8392327,52.3608491],[12.8414764,52.359654],[12.84202,52.3593701]]}},{"type":"Feature","properties":{"name":"Adolf-Damaschke-Straße","highway":"residential"},"geometry":{"type":"LineString","coordinates":[[12.9249618,52.3926364],[12.9248075,52.3926612]]}},{"type":"Feature","properties":{"name":"Adolf-Damaschke-Straße","highway":"residential"},"geometry":{"type":"LineString","coordinates":[[12.9300651,52.3890833],[12.9299852,52.3893112],[12.9298458,52.389732],[12.9298109,52.3898625],[12.9296273,52.3904662],[12.9296104,52.3905255],[12.9295876,52.3905979]]}},{"type":"Feature","properties":{"name":"Unger-Park","highway":"service"},"geometry":{"type":"LineString","coordinates":[[12.9161661,52.4009027],[12.9161153,52.4009719],[12.9159472,52.4011811]]}},{"type":"Feature","properties":{"name":"Poststraße","highway":"tertiary"},"geometry":{"type":"LineString","coordinates":[[12.8702021,52.3394716],[12.8711821,52.3395104],[12.8713832,52.3395205],[12.8716903,52.3395358],[12.8719374,52.339548],[12.8732107,52.3396108]]}},{"type":"Feature","properties":{"name":"Poststraße","highway":"tertiary"},"geometry":{"type":"LineString","coordinates":[[12.8676252,52.3393276],[12.8679792,52.3393473],[12.8681908,52.3393573],[12.8690717,52.3394084],[12.869315,52.3394225],[12.8702021,52.3394716]]}},{"type":"Feature","properties":{"name":"Petzower Straße","highway":"residential"},"geometry":{"type":"LineString","coordinates":[[12.9036755,52.3411344],[12.9045275,52.3411771],[12.9046453,52.3411832],[12.9056413,52.3412325]]}},{"type":"Feature","properties":{"name":"Fontanestraße","highway":"residential"},"geometry":{"type":"LineString","coordinates":[[12.9014124,52.3457365],[12.90236,52.3466599]]}},{"type":"Feature","properties":{"name":"Deiche","highway":"service"},"geometry":{"type":"LineString","coordinates":[[12.907601,52.3566022],[12.9074657,52.3562838],[12.9073986,52.3561748],[12.9071599,52.3561101]]}},{"type":"Feature","properties":{"name":"Ziemensstraße","highway":"residential"},"geometry":{"type":"LineString","coordinates":[[12.8821793,52.3519765],[12.8823278,52.3519962],[12.8842411,52.3523687],[12.8860294,52.352728],[12.887462,52.3530339],[12.8921547,52.3540412],[12.8927726,52.3541739],[12.8929319,52.3542081]]}},{"type":"Feature","properties":{"name":"Dr.-Külz-Straße","highway":"secondary"},"geometry":{"type":"LineString","coordinates":[[12.9098957,52.3654143],[12.909891,52.3652925],[12.9098311,52.3651092],[12.9097831,52.3649622],[12.9097223,52.3647761],[12.9097189,52.3646608]]}},{"type":"Feature","properties":{"name":"Zum See","highway":"residential"},"geometry":{"type":"LineString","coordinates":[[12.910108,52.3668742],[12.910353,52.366842],[12.9103962,52.3668363],[12.9106733,52.3668231],[12.9108841,52.3668131],[12.9110595,52.3668048],[12.9115255,52.3667903]]}},{"type":"Feature","properties":{"name":"Zum See","highway":"service"},"geometry":{"type":"LineString","coordinates":[[12.9115255,52.3667903],[12.9117225,52.3667969],[12.9129495,52.3667546],[12.9135407,52.3667386]]}},{"type":"Feature","properties":{"name":"Zum See","highway":"service"},"geometry":{"type":"LineString","coordinates":[[12.9129703,52.3657295],[12.9130404,52.3658342],[12.9134898,52.366138],[12.913841,52.3663719],[12.9138741,52.3667255]]}},{"type":"Feature","properties":{"name":"Glindower Gartenstraße","highway":"residential"},"geometry":{"type":"LineString","coordinates":[[12.8960969,52.3708539],[12.8960688,52.370815]]}},{"type":"Feature","properties":{"name":"Lehniner Chaussee","highway":"secondary"},"geometry":{"type":"LineString","coordinates":[[12.8351447,52.3652488],[12.8347503,52.3650191]]}},{"type":"Feature","properties":{"name":"Plötziner Straße","highway":"residential"},"geometry":{"type":"LineString","coordinates":[[12.9002652,52.3663916],[12.9005349,52.3664171],[12.9016644,52.3664885],[12.9022984,52.3665317],[12.9023929,52.366548],[12.9024756,52.3665765],[12.9025863,52.3665681]]}},{"type":"Feature","properties":{"name":"Am Schützenpark","highway":"residential"},"geometry":{"type":"LineString","coordinates":[[12.8976872,52.3640136],[12.8977855,52.3639669]]}},{"type":"Feature","properties":{"name":"Michaelisstraße","highway":"residential"},"geometry":{"type":"LineString","coordinates":[[12.9443792,52.3777598],[12.9447744,52.3776768]]}},{"type":"Feature","properties":{"name":"Uferstraße","highway":"residential"},"geometry":{"type":"LineString","coordinates":[[12.9396151,52.3784691],[12.9395424,52.3787398],[12.9394083,52.3792393]]}},{"type":"Feature","properties":{"name":"Gartenweg","highway":"residential"},"geometry":{"type":"LineString","coordinates":[[12.9593625,52.3643172],[12.9593575,52.3643511],[12.9593442,52.3643911],[12.9592873,52.364506],[12.959144,52.3647685]]}},{"type":"Feature","properties":{"name":"Gartenweg","highway":"residential"},"geometry":{"type":"LineString","coordinates":[[12.9576307,52.3680182],[12.9573557,52.3680925],[12.9573562,52.3683271],[12.9573924,52.3685208],[12.9573732,52.368719],[12.9573636,52.3687505],[12.9573458,52.3688086],[12.9573133,52.3689478],[12.9571863,52.3690882],[12.9571711,52.369105],[12.9568698,52.3693291],[12.956773,52.3693862],[12.9565556,52.3695143],[12.9562987,52.3696658],[12.9562236,52.3696998],[12.9561561,52.3697141]]}},{"type":"Feature","properties":{"name":"Brandenburger Straße","highway":"tertiary"},"geometry":{"type":"LineString","coordinates":[[12.9309169,52.3756243],[12.9308299,52.375603],[12.9305217,52.375515],[12.9298295,52.3752894]]}},{"type":"Feature","properties":{"name":"Dr.-Külz-Straße","highway":"secondary"},"geometry":{"type":"LineString","coordinates":[[12.9102578,52.3671585],[12.9102803,52.3672037],[12.9103503,52.3673442],[12.9104615,52.3675815],[12.9106459,52.3680082],[12.9106813,52.3681374],[12.9106889,52.3681773]]}},{"type":"Feature","properties":{"name":"Dr.-Külz-Straße","highway":"secondary"},"geometry":{"type":"LineString","coordinates":[[12.9106889,52.3681773],[12.9107887,52.3686554],[12.9108252,52.36883]]}},{"type":"Feature","properties":{"name":"Puschkinstraße","highway":"residential"},"geometry":{"type":"LineString","coordinates":[[12.9212347,52.3665509],[12.9221408,52.367627],[12.9224915,52.3679716]]}},{"type":"Feature","properties":{"name":"Schönemannstraße","highway":"residential"},"geometry":{"type":"LineString","coordinates":[[12.9176826,52.3921445],[12.9189809,52.3896671]]}},{"type":"Feature","properties":{"name":"An der Chaussee","highway":"service"},"geometry":{"type":"LineString","coordinates":[[12.9319124,52.3658981],[12.9326325,52.3658216]]}},{"type":"Feature","properties":{"name":"Neue Dorfstraße","highway":"residential"},"geometry":{"type":"LineString","coordinates":[[12.8509755,52.3888068],[12.8513512,52.3887295],[12.8519341,52.3885909],[12.8524402,52.3884633],[12.8529426,52.388327],[12.853335,52.3882283],[12.8536351,52.388159],[12.8541105,52.388037]]}},{"type":"Feature","properties":{"name":"Neue Dorfstraße","highway":"residential"},"geometry":{"type":"LineString","coordinates":[[12.8505659,52.3877032],[12.8505874,52.3877323],[12.8505951,52.3877639],[12.8505903,52.3877909],[12.8505754,52.3878166],[12.8505603,52.3878331]]}},{"type":"Feature","properties":{"name":"Berliner Chaussee","highway":"primary"},"geometry":{"type":"LineString","coordinates":[[12.9580869,52.3569191],[12.9583198,52.3568443]]}},{"type":"Feature","properties":{"name":"Berliner Chaussee","highway":"primary"},"geometry":{"type":"LineString","coordinates":[[12.9601674,52.3570919],[12.959995,52.3570399]]}},{"type":"Feature","properties":{"name":"Fercher Straße","highway":"residential"},"geometry":{"type":"LineString","coordinates":[[12.9471933,52.3487138],[12.9471339,52.3487325]]}},{"type":"Feature","properties":{"name":"Karl-Liebknecht-Straße","highway":"residential"},"geometry":{"type":"LineString","coordinates":[[12.8816792,52.3544717],[12.8818222,52.3537058],[12.8819892,52.3529347],[12.8821143,52.352261],[12.8821793,52.3519765]]}},{"type":"Feature","properties":{"name":"Poststraße","highway":"tertiary"},"geometry":{"type":"LineString","coordinates":[[12.8845385,52.3401947],[12.8884078,52.3403692],[12.889558,52.340424],[12.8910528,52.3404953],[12.8922142,52.3405445],[12.8931565,52.3405925],[12.8936614,52.3406182],[12.8939858,52.3406363],[12.8944003,52.3406573],[12.8945272,52.340664],[12.8946758,52.3406718],[12.8948254,52.3406621],[12.8949685,52.3406529]]}},{"type":"Feature","properties":{"name":"Poststraße","highway":"tertiary"},"geometry":{"type":"LineString","coordinates":[[12.8822432,52.3400742],[12.8837927,52.3401534],[12.8842474,52.3401786],[12.8845385,52.3401947]]}},{"type":"Feature","properties":{"name":"Kemnitzer Chaussee","highway":"residential"},"geometry":{"type":"LineString","coordinates":[[12.8979627,52.394027],[12.8977822,52.3941285],[12.8969429,52.394636],[12.8963603,52.3950071],[12.8957912,52.395376],[12.8957302,52.3954207],[12.8953886,52.3956712]]}},{"type":"Feature","properties":{"name":"Asternstraße","highway":"residential"},"geometry":{"type":"LineString","coordinates":[[12.8979682,52.3971317],[12.8969593,52.3969539],[12.8968426,52.3969012],[12.8960892,52.3965608],[12.8956751,52.3963847],[12.8952885,52.3962164],[12.894903,52.3960438]]}},{"type":"Feature","properties":{"name":"Nelkenstraße","highway":"residential"},"geometry":{"type":"LineString","coordinates":[[12.9003449,52.3969202],[12.9009411,52.3976443]]}},{"type":"Feature","properties":{"name":"Phöbener Straße","highway":"secondary"},"geometry":{"type":"LineString","coordinates":[[12.9152485,52.3972324],[12.9155498,52.3971701]]}},{"type":"Feature","properties":{"name":"Phöbener Straße","highway":"secondary"},"geometry":{"type":"LineString","coordinates":[[12.9155498,52.3971701],[12.9156549,52.3971438],[12.9158818,52.397087]]}},{"type":"Feature","properties":{"name":"Phöbener Straße","highway":"secondary"},"geometry":{"type":"LineString","coordinates":[[12.9191798,52.3963271],[12.9194197,52.3962695],[12.9197512,52.3961883],[12.9198694,52.3961587]]}},{"type":"Feature","properties":{"name":"Adolf-Damaschke-Straße","highway":"residential"},"geometry":{"type":"LineString","coordinates":[[12.9328106,52.3828565],[12.9329335,52.3829265],[12.9329763,52.382987],[12.932987,52.383058],[12.9329669,52.3831422]]}},{"type":"Feature","properties":{"name":"Plötziner Straße","highway":"residential"},"geometry":{"type":"LineString","coordinates":[[12.8858486,52.3646062],[12.8863046,52.3645619],[12.8867537,52.3645565],[12.8873035,52.3645778],[12.8879187,52.364623],[12.8883147,52.364683],[12.8895968,52.3650102],[12.8905792,52.3652305],[12.8913152,52.3653896]]}},{"type":"Feature","properties":{"name":"Klaistower Straße","highway":"secondary"},"geometry":{"type":"LineString","coordinates":[[12.8986891,52.3439257],[12.8987711,52.3440019],[12.8987802,52.3440104],[12.8991099,52.3443238],[12.8996356,52.3448236]]}},{"type":"Feature","properties":{"name":"Am Wasser","highway":"tertiary"},"geometry":{"type":"LineString","coordinates":[[12.9559359,52.3692708],[12.955933,52.3692647],[12.9558442,52.3690796],[12.955556,52.3685075],[12.9554217,52.3682404],[12.9552392,52.3677718],[12.9552053,52.3676164],[12.9552297,52.3673944],[12.9552513,52.3672944],[12.955264,52.367236],[12.9552979,52.3671189],[12.9553322,52.3670223]]}},{"type":"Feature","properties":{"name":"Havelpromenade","highway":"residential"},"geometry":{"type":"LineString","coordinates":[[12.9571928,52.3821394],[12.9572072,52.3821245],[12.9572325,52.3820894],[12.9572841,52.382043]]}},{"type":"Feature","properties":{"name":"Karl-Hagemeister-Straße","highway":"residential"},"geometry":{"type":"LineString","coordinates":[[12.9063523,52.3932768],[12.9068419,52.3931297]]}},{"type":"Feature","properties":{"name":"Rosenstraße","highway":"residential"},"geometry":{"type":"LineString","coordinates":[[12.9029269,52.3967245],[12.9040925,52.3980989]]}},{"type":"Feature","properties":{"name":"Spatzenweg","highway":"living_street"},"geometry":{"type":"LineString","coordinates":[[12.9200166,52.3797818],[12.9199584,52.3797939],[12.9197988,52.379827],[12.9195972,52.3798712],[12.9192749,52.3799516],[12.9186168,52.3801564],[12.9182488,52.3802979],[12.9179204,52.3804429],[12.9177017,52.3805507],[12.9175849,52.3806631]]}},{"type":"Feature","properties":{"name":"Erdebergweg","highway":"residential"},"geometry":{"type":"LineString","coordinates":[[12.9200661,52.3821453],[12.9213872,52.3825444],[12.922615,52.3829154],[12.9236949,52.3832416],[12.9239884,52.3833303],[12.9243724,52.3834462],[12.9247502,52.3835603],[12.9259499,52.3839225]]}},{"type":"Feature","properties":{"name":"Birkengrundweg","highway":"service"},"geometry":{"type":"LineString","coordinates":[[12.917139,52.3931771],[12.917522,52.3932239],[12.9179456,52.393322],[12.9191741,52.3936659],[12.9192075,52.3936741],[12.9214779,52.3942349],[12.9215269,52.394247]]}},{"type":"Feature","properties":{"name":"Hagenstraße","highway":"residential"},"geometry":{"type":"LineString","coordinates":[[12.9145611,52.3905403],[12.9145732,52.3904816],[12.9148503,52.3899393],[12.9150133,52.3896203]]}},{"type":"Feature","properties":{"name":"Ludwig-Kassin-Straße","highway":"living_street"},"geometry":{"type":"LineString","coordinates":[[12.928072,52.3892579],[12.9284719,52.3893488]]}},{"type":"Feature","properties":{"name":"Potsdamer Straße","highway":"secondary"},"geometry":{"type":"LineString","coordinates":[[12.9356842,52.3758694],[12.9357091,52.3761282]]}},{"type":"Feature","properties":{"name":"Adolf-Damaschke-Straße","highway":"service"},"geometry":{"type":"LineString","coordinates":[[12.9257056,52.3927417],[12.925568,52.3927643]]}},{"type":"Feature","properties":{"name":"Adolf-Damaschke-Straße","highway":"service"},"geometry":{"type":"LineString","coordinates":[[12.9257056,52.3927417],[12.9262277,52.3926475]]}},{"type":"Feature","properties":{"name":"Adolf-Damaschke-Straße","highway":"service"},"geometry":{"type":"LineString","coordinates":[[12.925568,52.3927643],[12.925522,52.3927737]]}},{"type":"Feature","properties":{"name":"Adolf-Damaschke-Straße","highway":"service"},"geometry":{"type":"LineString","coordinates":[[12.9263431,52.3926277],[12.9262277,52.3926475]]}},{"type":"Feature","properties":{"name":"Wachtelwinkel","highway":"residential"},"geometry":{"type":"LineString","coordinates":[[12.9320608,52.37237],[12.9322578,52.3724449],[12.9324621,52.3725192],[12.9327242,52.3726024],[12.9333227,52.3727517]]}},{"type":"Feature","properties":{"name":"Eisenbahnstraße","highway":"secondary"},"geometry":{"type":"LineString","coordinates":[[12.9335386,52.3785452],[12.9333005,52.37771],[12.933296,52.3776942]]}},{"type":"Feature","properties":{"name":"Hamburger Ring","highway":"residential"},"geometry":{"type":"LineString","coordinates":[[12.9299207,52.372907],[12.9299863,52.3729089],[12.93038,52.3730046],[12.9311495,52.3731901],[12.9316177,52.3732964]]}},{"type":"Feature","properties":{"name":"Oppenheimer Ring","highway":"residential"},"geometry":{"type":"LineString","coordinates":[[12.933713,52.3748277],[12.9337824,52.3747518],[12.9341159,52.3742388],[12.9340212,52.3741565],[12.9338348,52.37409],[12.9335577,52.3740238],[12.9327497,52.3738525]]}},{"type":"Feature","properties":{"name":"Am Schwielowsee","highway":"tertiary"},"geometry":{"type":"LineString","coordinates":[[12.9599508,52.3568088],[12.9600035,52.3567331]]}},{"type":"Feature","properties":{"name":"Am Strengfeld","highway":"living_street"},"geometry":{"type":"LineString","coordinates":[[12.9376853,52.361897],[12.9370432,52.3616344]]}},{"type":"Feature","properties":{"name":"Am Strengfeld","highway":"service"},"geometry":{"type":"LineString","coordinates":[[12.9349578,52.360726],[12.9349237,52.3605995],[12.9349047,52.3604354],[12.9348941,52.3602654]]}},{"type":"Feature","properties":{"name":"Am Strengfeld","highway":"residential"},"geometry":{"type":"LineString","coordinates":[[12.9348941,52.3602654],[12.9348773,52.3601448],[12.9345545,52.3596836]]}},{"type":"Feature","properties":{"name":"Berliner Straße","highway":"primary"},"geometry":{"type":"LineString","coordinates":[[12.9421735,52.363627],[12.9424366,52.363545]]}},{"type":"Feature","properties":{"name":"Friedrichstraße","highway":"residential"},"geometry":{"type":"LineString","coordinates":[[12.9061847,52.3602409],[12.9092442,52.3608986]]}},{"type":"Feature","properties":{"name":"Friedrichstraße","highway":"residential"},"geometry":{"type":"LineString","coordinates":[[12.9051913,52.3600097],[12.9061847,52.3602409]]}},{"type":"Feature","properties":{"name":"Am Weinberg","highway":"residential"},"geometry":{"type":"LineString","coordinates":[[12.9308189,52.3711436],[12.9308166,52.3711664],[12.9307919,52.3712007],[12.930649,52.3713349],[12.9305079,52.3714675],[12.9301776,52.3717778],[12.9301357,52.3718143]]}},{"type":"Feature","properties":{"name":"Am Wachtelberg","highway":"residential"},"geometry":{"type":"LineString","coordinates":[[12.9272933,52.3704941],[12.9289221,52.3711128]]}},{"type":"Feature","properties":{"name":"Am Wachtelberg","highway":"residential"},"geometry":{"type":"LineString","coordinates":[[12.9289221,52.3711128],[12.9285428,52.371508],[12.9285567,52.3715368]]}},{"type":"Feature","properties":{"name":"Kölner Straße","highway":"residential"},"geometry":{"type":"LineString","coordinates":[[12.932872,52.3735162],[12.9329298,52.3734296],[12.9329459,52.3734017],[12.9331138,52.3731097],[12.9331376,52.3730684],[12.9333227,52.3727517]]}},{"type":"Feature","properties":{"name":"Kölner Straße","highway":"residential"},"geometry":{"type":"LineString","coordinates":[[12.9324373,52.3745187],[12.932507,52.374391],[12.9326333,52.3741594]]}},{"type":"Feature","properties":{"name":"Unter den Linden","highway":"residential"},"geometry":{"type":"LineString","coordinates":[[12.9381082,52.377015],[12.9381889,52.3768039],[12.9382305,52.376695],[12.93826,52.3766179],[12.9382908,52.3765546],[12.938291,52.3764504],[12.9382508,52.3763587]]}},{"type":"Feature","properties":{"name":"Scheunhornweg","highway":"residential"},"geometry":{"type":"LineString","coordinates":[[12.9376556,52.3756691],[12.9376703,52.3756354],[12.9377048,52.3755445],[12.9378418,52.375183],[12.937885,52.3750691],[12.9380353,52.374764],[12.9381424,52.3745492],[12.938147,52.3745362],[12.9381826,52.3744363],[12.9382143,52.3743474],[12.9381746,52.3742737]]}},{"type":"Feature","properties":{"name":"Berliner Straße","highway":"residential"},"geometry":{"type":"LineString","coordinates":[[12.9204959,52.369211],[12.9203054,52.3689343],[12.9201794,52.3687525],[12.9202598,52.3685822],[12.9204682,52.3684755],[12.9212269,52.3682782],[12.9216404,52.3681707],[12.9219619,52.3680871],[12.9222298,52.3680287],[12.9224915,52.3679716]]}},{"type":"Feature","properties":{"name":"An der Chaussee","highway":"residential"},"geometry":{"type":"LineString","coordinates":[[12.9287443,52.3645288],[12.928723,52.3645197],[12.9281938,52.3643159]]}},{"type":"Feature","properties":{"name":"Zum Großen Zernsee","highway":"service"},"geometry":{"type":"LineString","coordinates":[[12.9228029,52.3993726],[12.9229362,52.3994],[12.92307,52.3994142],[12.9231622,52.3994122],[12.9233107,52.3993767],[12.9233852,52.3993586],[12.923487,52.399386],[12.9235209,52.3994185],[12.9235064,52.3994565],[12.9234528,52.3994958],[12.9233523,52.3995023],[12.9230429,52.3994281],[12.9229362,52.3994]]}},{"type":"Feature","properties":{"name":"Zum Lindentor","highway":"service"},"geometry":{"type":"LineString","coordinates":[[12.9402332,52.3427557],[12.9401501,52.3427543],[12.9400814,52.342752]]}},{"type":"Feature","properties":{"name":"Petzower Straße","highway":"residential"},"geometry":{"type":"LineString","coordinates":[[12.8953377,52.3405867],[12.8954092,52.3405772],[12.895498,52.3405655]]}},{"type":"Feature","properties":{"name":"Waldsängerweg","highway":"living_street"},"geometry":{"type":"LineString","coordinates":[[12.9215652,52.3788983],[12.9212568,52.3787602]]}},{"type":"Feature","properties":{"name":"Rotkehlchenweg","highway":"living_street"},"geometry":{"type":"LineString","coordinates":[[12.9202478,52.3794121],[12.9201081,52.3791251]]}},{"type":"Feature","properties":{"name":"Brandenburger Straße","highway":"tertiary"},"geometry":{"type":"LineString","coordinates":[[12.9316929,52.3758141],[12.9309169,52.3756243]]}},{"type":"Feature","properties":{"name":"Wachtelwinkel","highway":"residential"},"geometry":{"type":"LineString","coordinates":[[12.9348301,52.3731205],[12.9348494,52.3731242],[12.9358747,52.3733208]]}},{"type":"Feature","properties":{"name":"Resi-Salomon-Straße","highway":"residential"},"geometry":{"type":"LineString","coordinates":[[12.9032927,52.3482088],[12.9034785,52.3481687],[12.9035637,52.3481538],[12.9036194,52.3481487],[12.9036743,52.3481464],[12.9037595,52.3481474],[12.9038745,52.3481511],[12.9039512,52.3481564],[12.904574,52.3482043]]}},{"type":"Feature","properties":{"name":"Resi-Salomon-Straße","highway":"service"},"geometry":{"type":"LineString","coordinates":[[12.9049442,52.3482256],[12.9052843,52.3482537],[12.9053382,52.3482651],[12.9053777,52.3482824],[12.9054089,52.3483024],[12.9054277,52.3483256],[12.9054323,52.34834],[12.9054323,52.3483548],[12.905425,52.3483741],[12.9054144,52.3483875],[12.9054049,52.3483958],[12.9053797,52.3484102],[12.9053581,52.3484176],[12.9053233,52.3484236],[12.905288,52.3484233],[12.9052531,52.3484167],[12.9052056,52.3483926],[12.9050906,52.3483029],[12.90504,52.348278],[12.904973,52.3482519],[12.9048666,52.3482268]]}},{"type":"Feature","properties":{"name":"Klaistower Straße","highway":"residential"},"geometry":{"type":"LineString","coordinates":[[12.9036854,52.3494325],[12.9037945,52.3493888],[12.9038241,52.3493642],[12.9038536,52.3493003],[12.9039394,52.3489267],[12.903952,52.3488775]]}},{"type":"Feature","properties":{"name":"Resi-Salomon-Straße","highway":"service"},"geometry":{"type":"LineString","coordinates":[[12.904574,52.3482043],[12.9048666,52.3482268]]}},{"type":"Feature","properties":{"name":"Rosenweg","highway":"residential"},"geometry":{"type":"LineString","coordinates":[[12.8647385,52.3841546],[12.8647579,52.3841753],[12.8647665,52.3841985],[12.8647658,52.3842223]]}},{"type":"Feature","properties":{"name":"An der B1","highway":"primary"},"geometry":{"type":"LineString","coordinates":[[12.8635783,52.3826743],[12.864498,52.3823154],[12.8664881,52.3815389],[12.8671588,52.3812809],[12.8674341,52.381175],[12.8674766,52.3811586]]}},{"type":"Feature","properties":{"name":"Poststraße","highway":"unclassified"},"geometry":{"type":"LineString","coordinates":[[12.8709896,52.3407794],[12.8710083,52.3406559],[12.87104,52.3404473],[12.8711624,52.3396404],[12.8711821,52.3395104]]}},{"type":"Feature","properties":{"name":"Berliner Straße","highway":"primary"},"geometry":{"type":"LineString","coordinates":[[12.947466,52.3614643],[12.9475616,52.3614263]]}},{"type":"Feature","properties":{"name":"Auf dem Strengfeld","highway":"residential"},"geometry":{"type":"LineString","coordinates":[[12.9391527,52.3645945],[12.939199,52.3646466]]}},{"type":"Feature","properties":{"name":"Potsdamer Straße","highway":"secondary"},"geometry":{"type":"LineString","coordinates":[[12.9411278,52.3643317],[12.9411166,52.3643802],[12.9410259,52.3645058]]}},{"type":"Feature","properties":{"name":"Brandenburger Straße","highway":"tertiary"},"geometry":{"type":"LineString","coordinates":[[12.9161627,52.3709935],[12.9161501,52.3709497]]}},{"type":"Feature","properties":{"name":"Berliner Straße","highway":"primary"},"geometry":{"type":"LineString","coordinates":[[12.9291377,52.3682276],[12.9294183,52.3679685],[12.9295543,52.3677708],[12.9296219,52.367657]]}},{"type":"Feature","properties":{"name":"Berliner Straße","highway":"primary"},"geometry":{"type":"LineString","coordinates":[[12.9246267,52.3694439],[12.924752,52.3694143]]}},{"type":"Feature","properties":{"name":"Unter den Linden","highway":"secondary"},"geometry":{"type":"LineString","coordinates":[[12.9342837,52.3764926],[12.9341083,52.376464]]}},{"type":"Feature","properties":{"name":"Eisenbahnstraße","highway":"secondary"},"geometry":{"type":"LineString","coordinates":[[12.9335983,52.378752],[12.9335386,52.3785452]]}},{"type":"Feature","properties":{"name":"Eisenbahnstraße","highway":"secondary"},"geometry":{"type":"LineString","coordinates":[[12.9328106,52.3828565],[12.9329889,52.3827107],[12.9330624,52.3826353],[12.9331167,52.3825442],[12.9331859,52.3823622]]}},{"type":"Feature","properties":{"name":"Eisenbahnstraße","highway":"secondary"},"geometry":{"type":"LineString","coordinates":[[12.9265137,52.3885643],[12.9279839,52.3871203],[12.9283967,52.3867207]]}},{"type":"Feature","properties":{"name":"Eisenbahnstraße","highway":"secondary"},"geometry":{"type":"LineString","coordinates":[[12.9283967,52.3867207],[12.9286513,52.3864743],[12.9287153,52.3864162],[12.928733,52.3864014],[12.9289259,52.3862383]]}},{"type":"Feature","properties":{"name":"Eisenbahnstraße","highway":"secondary"},"geometry":{"type":"LineString","coordinates":[[12.9261618,52.3889141],[12.9262024,52.3888684],[12.9263484,52.3887242],[12.9264945,52.3885832],[12.9265137,52.3885643]]}},{"type":"Feature","properties":{"name":"Adolf-Damaschke-Straße","highway":"residential"},"geometry":{"type":"LineString","coordinates":[[12.9329669,52.3831422],[12.9329539,52.3831715],[12.9327233,52.3835093]]}},{"type":"Feature","properties":{"name":"Auf dem Strengfeld","highway":"residential"},"geometry":{"type":"LineString","coordinates":[[12.9375184,52.3638397],[12.9380036,52.3640449]]}},{"type":"Feature","properties":{"name":"Schelmsteig","highway":"residential"},"geometry":{"type":"LineString","coordinates":[[12.9027278,52.3484061],[12.90258,52.3484206],[12.9024231,52.3484316]]}},{"type":"Feature","properties":{"name":"Klaistower Straße","highway":"secondary"},"geometry":{"type":"LineString","coordinates":[[12.9026475,52.3480508],[12.9027454,52.3481391],[12.9028035,52.3481914],[12.9028435,52.3482269]]}},{"type":"Feature","properties":{"name":"Klaistower Straße","highway":"secondary"},"geometry":{"type":"LineString","coordinates":[[12.9029635,52.3483956],[12.9030172,52.3484902],[12.9030447,52.3486136]]}},{"type":"Feature","properties":{"name":"Schelmsteig","highway":"residential"},"geometry":{"type":"LineString","coordinates":[[12.9024231,52.3484316],[12.9024947,52.3484085],[12.9025477,52.3483835],[12.9026199,52.3483495],[12.90267,52.3483271]]}},{"type":"Feature","properties":{"name":"Resi-Salomon-Straße","highway":"residential"},"geometry":{"type":"LineString","coordinates":[[12.9029439,52.3482504],[12.9031181,52.3482296],[12.9032927,52.3482088]]}},{"type":"Feature","properties":{"name":"Klaistower Straße","highway":"secondary"},"geometry":{"type":"LineString","coordinates":[[12.9047792,52.3508355],[12.9053871,52.3516056],[12.9055333,52.3517908],[12.9065992,52.3532188]]}},{"type":"Feature","properties":{"name":"Resi-Salomon-Straße","highway":"residential"},"geometry":{"type":"LineString","coordinates":[[12.9032927,52.3482088],[12.9031476,52.3482696],[12.9030667,52.3483034],[12.9030039,52.3483349]]}},{"type":"Feature","properties":{"name":"Klaistower Straße","highway":"secondary"},"geometry":{"type":"LineString","coordinates":[[12.9030447,52.3486136],[12.9029295,52.3485103],[12.9028843,52.3484698],[12.9028368,52.348431]]}},{"type":"Feature","properties":{"name":"Klaistower Straße","highway":"secondary"},"geometry":{"type":"LineString","coordinates":[[12.9027122,52.3482611],[12.9026797,52.3481555],[12.9026475,52.3480508]]}},{"type":"Feature","properties":{"name":"Fercher Straße","highway":"residential"},"geometry":{"type":"LineString","coordinates":[[12.9475271,52.3613641],[12.9475003,52.3612529],[12.9476018,52.3602855]]}},{"type":"Feature","properties":{"name":"Bochower Weg","highway":"unclassified"},"geometry":{"type":"LineString","coordinates":[[12.8291823,52.3649763],[12.8292493,52.364929],[12.8293002,52.3648825],[12.829339,52.3648371],[12.8293647,52.364796],[12.8293838,52.3647535],[12.8295192,52.3637868]]}},{"type":"Feature","properties":{"name":"Am Mühlenberg","highway":"service"},"geometry":{"type":"LineString","coordinates":[[12.943583,52.3760891],[12.9451707,52.3761103],[12.9457067,52.376123],[12.9458551,52.3761373],[12.945946,52.3761755],[12.9460066,52.3762276],[12.9460439,52.3762875]]}},{"type":"Feature","properties":{"name":"Dicke Eiche","highway":"unclassified"},"geometry":{"type":"LineString","coordinates":[[12.8900732,52.4003091],[12.8899796,52.4003698],[12.8887215,52.4011703],[12.8886809,52.4011961],[12.888521,52.401298],[12.8885028,52.4013095],[12.8882126,52.4015026]]}},{"type":"Feature","properties":{"name":"Kemnitzer Chaussee","highway":"unclassified"},"geometry":{"type":"LineString","coordinates":[[12.8922695,52.3984645],[12.8910513,52.3995194],[12.8906912,52.3998314],[12.8903268,52.4001271]]}},{"type":"Feature","properties":{"name":"Fercher Straße","highway":"tertiary"},"geometry":{"type":"LineString","coordinates":[[12.9442466,52.3457041],[12.9439537,52.3456082],[12.9438361,52.3455384]]}},{"type":"Feature","properties":{"name":"Jahnufer","highway":"residential"},"geometry":{"type":"LineString","coordinates":[[12.9159591,52.3612942],[12.915734,52.3616721],[12.9155286,52.3620168],[12.9153132,52.3621999],[12.9137509,52.362457]]}},{"type":"Feature","properties":{"name":"Luise-Jahn-Straße","highway":"residential"},"geometry":{"type":"LineString","coordinates":[[12.9097189,52.3646608],[12.9101209,52.3646494],[12.9102839,52.364633]]}},{"type":"Feature","properties":{"name":"Derwitzer Dorfstraße","highway":"residential"},"geometry":{"type":"LineString","coordinates":[[12.8253583,52.403205],[12.8253887,52.4031091],[12.825386,52.4030562],[12.8253734,52.4030063],[12.8253359,52.4029111],[12.8250738,52.4023009],[12.8250548,52.4022601],[12.8250242,52.4022032],[12.8249873,52.4021479],[12.8248679,52.4019864],[12.8246232,52.4016835],[12.8245813,52.4016177]]}},{"type":"Feature","properties":{"name":"Dr.-Külz-Straße","highway":"secondary"},"geometry":{"type":"LineString","coordinates":[[12.911182,52.370654],[12.911167,52.3705598]]}},{"type":"Feature","properties":{"name":"Morgenstücke","highway":"service"},"geometry":{"type":"LineString","coordinates":[[12.8860363,52.3774146],[12.8860457,52.3773874],[12.8860412,52.3773636],[12.8860257,52.3773407],[12.8859957,52.3773129],[12.8856906,52.3770593],[12.8854839,52.3769065],[12.8844938,52.3761003],[12.8844468,52.3760529],[12.8843883,52.375976],[12.8842878,52.375812],[12.8842296,52.3757291],[12.8841506,52.3756335],[12.8838568,52.3753005],[12.8837313,52.3751216]]}},{"type":"Feature","properties":{"name":"Morgenstücke","highway":"service"},"geometry":{"type":"LineString","coordinates":[[12.8737413,52.3823161],[12.874219,52.38215],[12.8744481,52.3820703],[12.8745619,52.3820344],[12.8748184,52.3819636]]}},{"type":"Feature","properties":{"name":"Berliner Straße","highway":"primary"},"geometry":{"type":"LineString","coordinates":[[12.9160405,52.3709437],[12.9161501,52.3709497]]}},{"type":"Feature","properties":{"name":"Otto-Lilienthal-Straße","highway":"unclassified"},"geometry":{"type":"LineString","coordinates":[[12.9152987,52.3973219],[12.9152485,52.3972324]]}},{"type":"Feature","properties":{"name":"Brandenburger Straße","highway":"tertiary"},"geometry":{"type":"LineString","coordinates":[[12.9193,52.3720309],[12.9190122,52.3719428],[12.9184337,52.3717656],[12.9183845,52.371751]]}},{"type":"Feature","properties":{"name":"Moosfennstraße","highway":"residential"},"geometry":{"type":"LineString","coordinates":[[12.9288105,52.3684125],[12.9288441,52.3684517],[12.9289085,52.3685113],[12.928955,52.3685852]]}},{"type":"Feature","properties":{"name":"Moosfennstraße","highway":"residential"},"geometry":{"type":"LineString","coordinates":[[12.928955,52.3685852],[12.9289265,52.3686399],[12.9289136,52.3686648],[12.9288939,52.368687]]}},{"type":"Feature","properties":{"name":"Berliner Straße","highway":"primary"},"geometry":{"type":"LineString","coordinates":[[12.9288105,52.3684125],[12.9291377,52.3682276]]}},{"type":"Feature","properties":{"name":"Dicke Eiche","highway":"unclassified"},"geometry":{"type":"LineString","coordinates":[[12.8882126,52.4015026],[12.8875702,52.4019291],[12.8874195,52.4020307],[12.8873794,52.4020591]]}},{"type":"Feature","properties":{"name":"Dicke Eiche","highway":"unclassified"},"geometry":{"type":"LineString","coordinates":[[12.8903268,52.4001271],[12.8900732,52.4003091]]}},{"type":"Feature","properties":{"name":"Kemnitzer Chaussee","highway":"residential"},"geometry":{"type":"LineString","coordinates":[[12.8926264,52.398131],[12.8922695,52.3984645]]}},{"type":"Feature","properties":{"name":"Kemnitzer Straße","highway":"tertiary"},"geometry":{"type":"LineString","coordinates":[[12.921988,52.3802057],[12.9219522,52.3802412],[12.9213545,52.3808444],[12.9211906,52.3810098],[12.9204297,52.3817781],[12.9200661,52.3821453]]}},{"type":"Feature","properties":{"name":"Kemnitzer Straße","highway":"tertiary"},"geometry":{"type":"LineString","coordinates":[[12.9313661,52.3769859],[12.9310895,52.3769847],[12.9288114,52.3769751],[12.9287317,52.3769784],[12.9283816,52.3769927],[12.9279987,52.3770422],[12.9277327,52.3770964],[12.9276647,52.3771151],[12.9271406,52.377259],[12.926537,52.3774248],[12.9262764,52.3774959],[12.9260962,52.377545],[12.9258615,52.3776308],[12.9256153,52.3777758]]}},{"type":"Feature","properties":{"name":"Am Riegelberg","highway":"service"},"geometry":{"type":"LineString","coordinates":[[12.9462477,52.3550621],[12.9462252,52.3551825],[12.9459676,52.3559683],[12.9458046,52.3560671],[12.9456208,52.3561094],[12.9452198,52.3561728],[12.9449729,52.3561985]]}},{"type":"Feature","properties":{"name":"Phöbener Straße","highway":"secondary"},"geometry":{"type":"LineString","coordinates":[[12.9215269,52.394247],[12.9224877,52.3928832],[12.9225356,52.3928152]]}},{"type":"Feature","properties":{"name":"Kirchstraße","highway":"residential"},"geometry":{"type":"LineString","coordinates":[[12.9429528,52.377544],[12.9431051,52.3774738]]}},{"type":"Feature","properties":{"name":"Kirchstraße","highway":"residential"},"geometry":{"type":"LineString","coordinates":[[12.9431051,52.3774738],[12.943272,52.3774379]]}},{"type":"Feature","properties":{"name":"Kirchstraße","highway":"residential"},"geometry":{"type":"LineString","coordinates":[[12.943272,52.3774379],[12.9433487,52.3774421],[12.9435172,52.3774892],[12.9437628,52.3775506]]}},{"type":"Feature","properties":{"name":"Kirchweg","highway":"residential"},"geometry":{"type":"LineString","coordinates":[[12.9443792,52.3777598],[12.944445,52.3780348],[12.9444847,52.3781822]]}},{"type":"Feature","properties":{"name":"Kirchweg","highway":"residential"},"geometry":{"type":"LineString","coordinates":[[12.9445527,52.3783707],[12.9445682,52.3783949],[12.9446973,52.3785148]]}},{"type":"Feature","properties":{"name":"Panoramaweg","highway":"service"},"geometry":{"type":"LineString","coordinates":[[12.9432354,52.3820249],[12.9433188,52.3818652],[12.9434002,52.3817609],[12.9435135,52.3815599]]}},{"type":"Feature","properties":{"name":"Michaelisstraße","highway":"residential"},"geometry":{"type":"LineString","coordinates":[[12.9436562,52.3778358],[12.9437708,52.3778221],[12.9443792,52.3777598]]}},{"type":"Feature","properties":{"name":"Am Strengfeld","highway":"residential"},"geometry":{"type":"LineString","coordinates":[[12.939209,52.3623832],[12.9401769,52.3628036],[12.9405776,52.3629747],[12.9406122,52.3629895]]}},{"type":"Feature","properties":{"name":"Petzower Straße","highway":"residential"},"geometry":{"type":"LineString","coordinates":[[12.9002199,52.3409509],[12.9008797,52.3409672],[12.9010142,52.3409724],[12.9015059,52.3410024],[12.9016652,52.3410169],[12.9020214,52.3410546],[12.9036755,52.3411344]]}},{"type":"Feature","properties":{"name":"Am Schwielowsee","highway":"tertiary"},"geometry":{"type":"LineString","coordinates":[[12.9592114,52.3548852],[12.9591538,52.3548048],[12.9590916,52.354718],[12.9589268,52.3544879],[12.9583868,52.3537524],[12.9582541,52.3536142],[12.9580469,52.3534789],[12.9579395,52.3534251]]}},{"type":"Feature","properties":{"name":"Am Schwielowsee","highway":"tertiary"},"geometry":{"type":"LineString","coordinates":[[12.959796,52.3557138],[12.9596312,52.3554788],[12.9593814,52.3551349]]}},{"type":"Feature","properties":{"name":"Fercher Straße","highway":"tertiary"},"geometry":{"type":"LineString","coordinates":[[12.9437654,52.3451773],[12.94375,52.3451354],[12.9437306,52.3450826],[12.9436751,52.3450155]]}},{"type":"Feature","properties":{"name":"Fercher Straße","highway":"tertiary"},"geometry":{"type":"LineString","coordinates":[[12.9438361,52.3455384],[12.9438095,52.3454834],[12.9437654,52.3451773]]}},{"type":"Feature","properties":{"name":"Fercher Straße","highway":"tertiary"},"geometry":{"type":"LineString","coordinates":[[12.9405758,52.3445342],[12.9405133,52.3444869],[12.940429,52.3444121],[12.9404043,52.3443912],[12.9403947,52.344383],[12.9402621,52.3442834],[12.9400921,52.3441558],[12.9399164,52.3440451],[12.9397745,52.3439205],[12.9397193,52.3437804],[12.9397002,52.3436281],[12.9397374,52.3434049],[12.9398567,52.3432241],[12.9399489,52.3431094],[12.9402332,52.3427557]]}},{"type":"Feature","properties":{"name":"Am Wasser","highway":"tertiary"},"geometry":{"type":"LineString","coordinates":[[12.9553322,52.3670223],[12.9553757,52.3669233]]}},{"type":"Feature","properties":{"name":"Am Wasser","highway":"tertiary"},"geometry":{"type":"LineString","coordinates":[[12.9561561,52.3697141],[12.9559359,52.3692708]]}},{"type":"Feature","properties":{"name":"Am Wasser","highway":"tertiary"},"geometry":{"type":"LineString","coordinates":[[12.9562493,52.3698837],[12.9561786,52.3697594],[12.9561561,52.3697141]]}},{"type":"Feature","properties":{"name":"Elsastraße","highway":"residential"},"geometry":{"type":"LineString","coordinates":[[12.9250076,52.3973317],[12.9253152,52.3974042]]}},{"type":"Feature","properties":{"name":"Senator-Haacke-Straße","highway":"residential"},"geometry":{"type":"LineString","coordinates":[[12.8385815,52.3923177],[12.8384931,52.3922357],[12.8384531,52.3921834],[12.8384233,52.3921184]]}},{"type":"Feature","properties":{"name":"Senator-Haacke-Straße","highway":"residential"},"geometry":{"type":"LineString","coordinates":[[12.8384233,52.3921184],[12.8385341,52.3921562],[12.8385684,52.392184],[12.8385879,52.3921997],[12.838682,52.3922788]]}},{"type":"Feature","properties":{"name":"Derwitzer Weg","highway":"residential"},"geometry":{"type":"LineString","coordinates":[[12.8250262,52.3974734],[12.825056,52.3975195]]}},{"type":"Feature","properties":{"name":"Bliesendorfer Straße","highway":"residential"},"geometry":{"type":"LineString","coordinates":[[12.8804249,52.3542009],[12.8816792,52.3544717]]}},{"type":"Feature","properties":{"name":"Zum Lindentor","highway":"residential"},"geometry":{"type":"LineString","coordinates":[[12.9340412,52.342023],[12.9346874,52.3420985],[12.9349629,52.3421022],[12.9352181,52.3421173],[12.9355251,52.342152]]}},{"type":"Feature","properties":{"name":"Petzower Straße","highway":"residential"},"geometry":{"type":"LineString","coordinates":[[12.9072843,52.3413137],[12.909733,52.3414348],[12.909922,52.3414584],[12.9101232,52.3415031]]}},{"type":"Feature","properties":{"name":"Petzower Straße","highway":"residential"},"geometry":{"type":"LineString","coordinates":[[12.9056413,52.3412325],[12.9068234,52.3412909],[12.9072843,52.3413137]]}},{"type":"Feature","properties":{"name":"Am Strengfeld","highway":"service"},"geometry":{"type":"LineString","coordinates":[[12.9336265,52.3585323],[12.9339465,52.3582918],[12.9340719,52.3581619],[12.9341548,52.3580281]]}},{"type":"Feature","properties":{"name":"Klaistower Straße","highway":"secondary"},"geometry":{"type":"LineString","coordinates":[[12.9030447,52.3486136],[12.9031381,52.3487271],[12.9036854,52.3494325],[12.9039072,52.3497322],[12.9045735,52.3505812]]}},{"type":"Feature","properties":{"name":"Klaistower Straße","highway":"secondary"},"geometry":{"type":"LineString","coordinates":[[12.9045735,52.3505812],[12.9046885,52.3507233],[12.9047792,52.3508355]]}},{"type":"Feature","properties":{"name":"Bliesendorfer Weg","highway":"unclassified"},"geometry":{"type":"LineString","coordinates":[[12.8280184,52.3612013],[12.8280913,52.3612669],[12.8284711,52.3616288],[12.8286644,52.3618043],[12.8289068,52.3620041],[12.8293193,52.3623804],[12.8293682,52.3624206],[12.8294261,52.3624488],[12.8294942,52.3624746]]}},{"type":"Feature","properties":{"name":"Sentastraße","highway":"residential"},"geometry":{"type":"LineString","coordinates":[[12.9044084,52.3888819],[12.9062734,52.3893971]]}},{"type":"Feature","properties":{"name":"Klaistower Straße","highway":"secondary"},"geometry":{"type":"LineString","coordinates":[[12.8984421,52.3436958],[12.8986891,52.3439257]]}},{"type":"Feature","properties":{"name":"Lehniner Chaussee","highway":"secondary"},"geometry":{"type":"LineString","coordinates":[[12.8347503,52.3650191],[12.8343341,52.3647903]]}},{"type":"Feature","properties":{"name":"Alte Dorfstraße","highway":"secondary"},"geometry":{"type":"LineString","coordinates":[[12.8338025,52.3644873],[12.833122,52.3641822]]}},{"type":"Feature","properties":{"name":"Brandenburger Chaussee","highway":"primary"},"geometry":{"type":"LineString","coordinates":[[12.8434347,52.3904473],[12.8436859,52.3903508],[12.8449737,52.3898559],[12.8455259,52.3896437],[12.8504728,52.3877392],[12.8505178,52.3877218],[12.8505659,52.3877032]]}},{"type":"Feature","properties":{"name":"Am Tannenhof","highway":"service"},"geometry":{"type":"LineString","coordinates":[[12.8643419,52.379263],[12.8644203,52.3791932]]}},{"type":"Feature","properties":{"name":"Lehniner Chaussee","highway":"service"},"geometry":{"type":"LineString","coordinates":[[12.8619782,52.3780549],[12.8618912,52.3781289]]}},{"type":"Feature","properties":{"name":"Fercher Straße","highway":"tertiary"},"geometry":{"type":"LineString","coordinates":[[12.9402332,52.3427557],[12.9402917,52.3426597]]}},{"type":"Feature","properties":{"name":"Morgenstücke","highway":"service"},"geometry":{"type":"LineString","coordinates":[[12.8885112,52.3758716],[12.8856906,52.3770593]]}},{"type":"Feature","properties":{"name":"Immenstraße","highway":"service"},"geometry":{"type":"LineString","coordinates":[[12.9007879,52.3617384],[12.9008979,52.3617197],[12.9010133,52.3617886],[12.9015124,52.3621638]]}},{"type":"Feature","properties":{"name":"Zum Schulcampus","highway":"service"},"geometry":{"type":"LineString","coordinates":[[12.9037595,52.3481474],[12.9042092,52.3459005],[12.9042217,52.3457746]]}},{"type":"Feature","properties":{"name":"Zum Inselparadies","highway":"service"},"geometry":{"type":"LineString","coordinates":[[12.938413,52.3445426],[12.9387605,52.3444576],[12.9387245,52.3443878]]}},{"type":"Feature","properties":{"name":"Zum Inselparadies","highway":"service"},"geometry":{"type":"LineString","coordinates":[[12.938639,52.3447129],[12.9389892,52.3446443]]}},{"type":"Feature","properties":{"name":"Auf dem Strengfeld","highway":"residential"},"geometry":{"type":"LineString","coordinates":[[12.9380036,52.3640449],[12.9382449,52.3641505],[12.9382754,52.3641635]]}},{"type":"Feature","properties":{"name":"Auf dem Strengfeld","highway":"residential"},"geometry":{"type":"LineString","coordinates":[[12.9382754,52.3641635],[12.938704,52.3643469]]}},{"type":"Feature","properties":{"name":"Zum Lindentor","highway":"unclassified"},"geometry":{"type":"LineString","coordinates":[[12.9102846,52.3414128],[12.9103801,52.3414611],[12.9105604,52.3414955],[12.9152986,52.3417269]]}},{"type":"Feature","properties":{"name":"Zum Lindentor","highway":"residential"},"geometry":{"type":"LineString","coordinates":[[12.9339911,52.342016],[12.9340412,52.342023]]}},{"type":"Feature","properties":{"name":"Zum Lindentor","highway":"residential"},"geometry":{"type":"LineString","coordinates":[[12.9400939,52.3443749],[12.9401518,52.3443568],[12.940195,52.3443309],[12.9402162,52.3443159],[12.9402621,52.3442834]]}},{"type":"Feature","properties":{"name":"Zum Inselparadies","highway":"residential"},"geometry":{"type":"LineString","coordinates":[[12.9400939,52.3443749],[12.940124,52.3443903],[12.940238,52.3444215],[12.9402529,52.3444381],[12.9402548,52.344458],[12.9402318,52.3444789]]}},{"type":"Feature","properties":{"name":"Zum Lindentor","highway":"residential"},"geometry":{"type":"LineString","coordinates":[[12.9399954,52.3443559],[12.9400683,52.3443753],[12.9400939,52.3443749]]}},{"type":"Feature","properties":{"name":"Zum Lindentor","highway":"residential"},"geometry":{"type":"LineString","coordinates":[[12.9398373,52.3443008],[12.9399954,52.3443559]]}},{"type":"Feature","properties":{"name":"Zum Lindentor","highway":"residential"},"geometry":{"type":"LineString","coordinates":[[12.9380335,52.3432726],[12.9385001,52.3435422]]}},{"type":"Feature","properties":{"name":"Am Markt","highway":"residential"},"geometry":{"type":"LineString","coordinates":[[12.9419416,52.3795443],[12.9418375,52.3796614]]}},{"type":"Feature","properties":{"name":"Uferstraße","highway":"residential"},"geometry":{"type":"LineString","coordinates":[[12.9389787,52.3805878],[12.9391417,52.3806135],[12.9393227,52.3806497],[12.9397407,52.3807333],[12.9398995,52.3807216]]}},{"type":"Feature","properties":{"name":"Phöbener Straße","highway":"secondary"},"geometry":{"type":"LineString","coordinates":[[12.9213013,52.3946457],[12.9213665,52.3945115],[12.9214064,52.3944437],[12.9214516,52.3943776],[12.9215269,52.394247]]}},{"type":"Feature","properties":{"name":"Am Mühlenberg","highway":"service"},"geometry":{"type":"LineString","coordinates":[[12.9410461,52.3776979],[12.9411375,52.3776267],[12.9412544,52.3775207],[12.941386,52.3773908],[12.9415377,52.3772326],[12.9416833,52.3770647]]}},{"type":"Feature","properties":{"name":"Am Mühlenberg","highway":"service"},"geometry":{"type":"LineString","coordinates":[[12.9423841,52.377295],[12.9428047,52.3773929],[12.9428838,52.3774446],[12.9429528,52.377544]]}},{"type":"Feature","properties":{"name":"Am Mühlenberg","highway":"service"},"geometry":{"type":"LineString","coordinates":[[12.9416833,52.3770647],[12.9417437,52.3769549],[12.9418333,52.3767621],[12.9418602,52.376612],[12.9418472,52.3765087],[12.9418312,52.3763818],[12.9417797,52.3762773],[12.9416986,52.37614]]}},{"type":"Feature","properties":{"name":"Am Mühlenberg","highway":"service"},"geometry":{"type":"LineString","coordinates":[[12.9434902,52.3761506],[12.943583,52.3760891]]}},{"type":"Feature","properties":{"name":"Uferstraße","highway":"residential"},"geometry":{"type":"LineString","coordinates":[[12.9398045,52.3782831],[12.9396151,52.3784691]]}},{"type":"Feature","properties":{"name":"Torstraße","highway":"residential"},"geometry":{"type":"LineString","coordinates":[[12.9392072,52.3780177],[12.9392587,52.3780414]]}},{"type":"Feature","properties":{"name":"Unter den Linden","highway":"residential"},"geometry":{"type":"LineString","coordinates":[[12.9386188,52.3777725],[12.938634,52.3777793]]}},{"type":"Feature","properties":{"name":"Lehniner Chaussee","highway":"secondary"},"geometry":{"type":"LineString","coordinates":[[12.8678172,52.3810276],[12.8677025,52.3809369],[12.8674676,52.3807594]]}},{"type":"Feature","properties":{"name":"Brandenburger Straße","highway":"tertiary"},"geometry":{"type":"LineString","coordinates":[[12.9163004,52.3711073],[12.916242,52.3710814],[12.9162005,52.3710495],[12.9161627,52.3709935]]}},{"type":"Feature","properties":{"name":"Kugelweg","highway":"residential"},"geometry":{"type":"LineString","coordinates":[[12.9205128,52.3708032],[12.920132,52.3705969],[12.9200862,52.3705514],[12.9200556,52.3705018]]}},{"type":"Feature","properties":{"name":"Am Wasser","highway":"tertiary"},"geometry":{"type":"LineString","coordinates":[[12.9553757,52.3669233],[12.9558929,52.3661197],[12.9561231,52.365781],[12.9565935,52.3651255],[12.956766,52.3649154],[12.9567841,52.364903],[12.9568785,52.364838],[12.9569444,52.3647926],[12.9570505,52.3647337],[12.9571798,52.3646836],[12.9572999,52.3646372],[12.9575119,52.3645896],[12.9580201,52.3645107],[12.9585208,52.3644358],[12.959075,52.3643545],[12.9593625,52.3643172]]}},{"type":"Feature","properties":{"name":"Fischerstraße","highway":"residential"},"geometry":{"type":"LineString","coordinates":[[12.9439324,52.3804073],[12.9440395,52.3804558],[12.9440622,52.3805249],[12.9440359,52.3809777],[12.9439396,52.3811657]]}},{"type":"Feature","properties":{"name":"Am Plessower See","highway":"unclassified"},"geometry":{"type":"LineString","coordinates":[[12.9088907,52.384314],[12.9090187,52.3840092],[12.9092816,52.3833833],[12.9096266,52.382562],[12.9096803,52.3824367],[12.9097312,52.3823448],[12.9098118,52.3822659],[12.9104812,52.3816778],[12.9110377,52.381189],[12.9113772,52.3808912]]}},{"type":"Feature","properties":{"name":"Fercher Straße","highway":"tertiary"},"geometry":{"type":"LineString","coordinates":[[12.9402917,52.3426597],[12.9403704,52.3425304],[12.9404046,52.3423958]]}},{"type":"Feature","properties":{"name":"Brandenburger Straße","highway":"tertiary"},"geometry":{"type":"LineString","coordinates":[[12.9195777,52.372116],[12.9194817,52.3720866],[12.9193,52.3720309]]}},{"type":"Feature","properties":{"name":"Plessower Hauptstraße","highway":"residential"},"geometry":{"type":"LineString","coordinates":[[12.8727492,52.3799876],[12.872368,52.3794152],[12.8722866,52.3792934]]}},{"type":"Feature","properties":{"name":"An der B1","highway":"primary"},"geometry":{"type":"LineString","coordinates":[[12.8819898,52.3756026],[12.8827545,52.3753951]]}},{"type":"Feature","properties":{"name":"Am Wasser","highway":"tertiary"},"geometry":{"type":"LineString","coordinates":[[12.9572841,52.382043],[12.9571258,52.3819648],[12.9570053,52.381844],[12.9569254,52.3817315],[12.9568411,52.3815746],[12.9567577,52.3813972],[12.9566376,52.3810173]]}},{"type":"Feature","properties":{"name":"Eisenbahnweg","highway":"residential"},"geometry":{"type":"LineString","coordinates":[[12.9207832,52.3945104],[12.9214662,52.3942685],[12.9215269,52.394247]]}},{"type":"Feature","properties":{"name":"Eisenbahnweg","highway":"residential"},"geometry":{"type":"LineString","coordinates":[[12.9190764,52.3951527],[12.919762,52.3948888],[12.9203052,52.3946797],[12.9207832,52.3945104]]}}]}